2008.06.01 10:34:00;NZD;1;GDT Price Index;;;-1.2%;;;
2008.06.01 00:00:00;NZD;0;Bank Holiday (All Day);;;;;;
2008.06.01 19:30:00;AUD;1;AIG Manufacturing Index;52.7;;51.2;;;
2008.06.01 20:30:00;AUD;1;MI Inflation Gauge m/m;0.5%;;0.3%;;;
2008.06.01 21:30:00;AUD;3;Retail Sales m/m;0.5%;0.2%;-0.2%;;0.2%;
2008.06.01 21:30:00;AUD;1;Company Operating Profits q/q;3.9%;1.5%;2.2%;;4.1%;
2008.06.01 21:30:00;JPY;2;Average Cash Earnings y/y;1.2%;1.3%;0.6%;;1.5%;
2008.06.01 21:55:00;AUD;2;HIA New Home Sales m/m;-6.0%;;0.1%;;;
2008.06.01 22:30:00;CNY;2;Caixin Manufacturing PMI;55.4;;54.7;;;
2008.06.02 01:45:00;CHF;2;GDP q/q;1.0%;0.3%;0.3%;;0.9%;
2008.06.02 02:30:00;AUD;2;Commodity Prices y/y;20.7%;;28.6%;;21.8%;
2008.06.02 00:00:00;EUR;0;Italian Bank Holiday (All Day);;;;;;
2008.06.02 03:15:00;EUR;1;Spanish Manufacturing PMI;45.2;;43.8;;;
2008.06.02 03:30:00;CHF;2;Manufacturing PMI;56.7;55.4;55.7;;;
2008.06.02 03:45:00;EUR;1;Italian Manufacturing PMI;48.2;48.2;48.0;;;
2008.06.02 03:50:00;EUR;1;French Final Manufacturing PMI;51.3;51.3;51.5;;;
2008.06.02 03:55:00;EUR;1;German Final Manufacturing PMI;53.5;53.5;53.6;;;
2008.06.02 04:00:00;EUR;1;Final Manufacturing PMI;50.5;50.5;50.6;;;
2008.06.02 00:00:00;EUR;1;Eurogroup Meetings (All Day);;;;;;
2008.06.02 04:30:00;GBP;3;Final Manufacturing PMI;51.0;51.0;50.0;;50.8;
2008.06.02 04:30:00;GBP;1;Mortgage Approvals;64K;64K;58K;;63K;
2008.06.02 04:30:00;GBP;1;Net Lending to Individuals m/m;8.2B;8.0B;7.3B;;7.9B;
2008.06.02 09:30:00;EUR;2;ECB President Trichet Speaks;;;;;;
2008.06.02 10:00:00;USD;3;ISM Manufacturing PMI;48.6;48.6;49.6;;;
2008.06.02 10:00:00;USD;1;Construction Spending m/m;-1.1%;-0.5%;-0.4%;;-0.6%;
2008.06.02 10:00:00;USD;1;ISM Manufacturing Prices;84.5;85.0;87.0;;;
2008.06.02 19:50:00;JPY;1;Monetary Base y/y;-2.8%;-0.9%;-0.9%;;;
2008.06.02 21:00:00;CNY;1;Non-Manufacturing PMI;62.9;;60.5;;;
2008.06.02 21:30:00;AUD;3;Building Approvals m/m;-5.7%;-0.9%;7.8%;;-5.5%;
2008.06.02 21:30:00;AUD;2;Current Account;-19.3B;-20.4B;-19.5B;;-18.7B;
2008.06.02 23:45:00;JPY;1;10-y Bond Auction;1.66|2.5;;1.80|2.1;;;
2008.06.03 00:30:00;AUD;3;Cash Rate;7.25%;7.25%;7.25%;;;
2008.06.03 00:30:00;AUD;3;RBA Rate Statement;;;;;;
2008.06.03 01:45:00;CHF;3;CPI m/m;0.8%;0.4%;0.8%;;;
2008.06.03 03:00:00;EUR;1;Spanish Unemployment Change;37.5K;;15.1K;;;
2008.06.03 00:00:00;EUR;1;ECOFIN Meetings (All Day);;;;;;
2008.06.03 04:30:00;GBP;2;Construction PMI;46.1;45.7;43.9;;;
2008.06.03 05:00:00;EUR;1;PPI m/m;0.7%;0.8%;0.8%;;;
2008.06.03 05:00:00;EUR;1;Revised GDP q/q;0.7%;0.7%;0.8%;;;
2008.06.03 09:00:00;EUR;2;ECB President Trichet Speaks;;;;;;
2008.06.03 09:00:00;JPY;2;BOJ Gov Shirakawa Speaks;;;;;;
2008.06.03 09:00:00;USD;3;Fed Chairman Bernanke Speaks;;;;;;
2008.06.03 10:00:00;USD;2;Factory Orders m/m;1.4%;0.0%;1.1%;;1.5%;
2008.06.03 00:00:00;USD;1;Total Vehicle Sales (All Day);14.5M;14.5M;14.3M;;;
2008.06.03 19:01:00;GBP;2;Nationwide Consumer Confidence;70;68;69;;;
2008.06.03 19:30:00;AUD;1;AIG Services Index;47.3;;49.7;;;
2008.06.03 19:50:00;JPY;2;Capital Spending q/y;-7.7%;-9.6%;-4.9%;;;
2008.06.03 21:30:00;AUD;3;GDP q/q;0.6%;0.3%;0.6%;;0.7%;
2008.06.03 21:30:00;AUD;2;RBA Deputy Gov Lowe Speaks;;;;;;
2008.06.03 23:00:00;NZD;1;ANZ Commodity Prices m/m;-0.3%;;1.0%;;;
2008.06.04 03:15:00;EUR;1;Spanish Services PMI;42.5;;43.3;;;
2008.06.04 03:30:00;EUR;2;ECB President Trichet Speaks;;;;;;
2008.06.04 03:45:00;EUR;1;Italian Services PMI;49.8;49.5;48.1;;;
2008.06.04 03:50:00;EUR;1;French Final Services PMI;50.7;50.7;50.5;;;
2008.06.04 03:55:00;EUR;1;German Final Services PMI;53.7;53.7;53.8;;;
2008.06.04 04:00:00;EUR;1;Final Services PMI;50.6;50.6;50.6;;;
2008.06.04 04:30:00;GBP;3;Final Services PMI;50.4;50.4;49.8;;;
2008.06.04 05:00:00;EUR;2;Retail Sales m/m;-0.4%;0.2%;-0.6%;;-0.9%;
2008.06.04 05:38:00;GBP;1;BRC Shop Price Index y/y;1.2%;;1.8%;;;
2008.06.04 07:30:00;USD;1;Challenger Job Cuts y/y;27.4%;;45.6%;;;
2008.06.04 08:15:00;USD;3;ADP Non-Farm Employment Change;10K;-30K;40K;;13K;
2008.06.04 08:30:00;USD;2;Revised Nonfarm Productivity q/q;2.2%;2.5%;2.6%;;;
2008.06.04 08:30:00;USD;1;Revised Unit Labor Costs q/q;2.2%;2.0%;2.2%;;;
2008.06.04 10:00:00;USD;3;ISM Services PMI;52.0;51.0;51.7;;;
2008.06.04 10:30:00;GBP;1;CB Leading Index m/m;0.1%;;-0.5%;;-0.1%;
2008.06.04 10:35:00;USD;2;Crude Oil Inventories;-8.8M;1.1M;-4.8M;;;
2008.06.04 14:45:00;USD;3;Fed Chairman Bernanke Speaks;;;;;;
2008.06.04 17:00:00;NZD;3;Official Cash Rate;8.25%;8.25%;8.25%;;;
2008.06.04 17:00:00;NZD;3;RBNZ Press Conference;;;;;;
2008.06.04 17:00:00;NZD;3;RBNZ Rate Statement;;;;;;
2008.06.04 17:00:00;NZD;2;RBNZ Monetary Policy Statement;;;;;;
2008.06.04 21:30:00;AUD;3;Goods Trade Balance;-2.74B;-1.73B;-0.96B;;-2.55B;
2008.06.05 03:00:00;CHF;1;Foreign Currency Reserves;46B;;47B;;;
2008.06.05 03:00:00;GBP;3;Halifax HPI m/m;-1.3%;-1.1%;-2.4%;;-1.5%;
2008.06.05 05:04:00;EUR;1;French 10-y Bond Auction;4.35|2.3;;4.61|2.3;;;
2008.06.05 06:00:00;EUR;2;German Factory Orders m/m;-0.6%;0.4%;-1.8%;;-0.5%;
2008.06.05 07:00:00;GBP;3;Official Bank Rate;5.00%;5.00%;5.00%;;;
2008.06.05 07:45:00;EUR;2;Main Refinancing Rate;4.00%;4.00%;4.00%;;;
2008.06.05 08:30:00;CAD;3;Building Permits m/m;-4.5%;0.4%;14.5%;;-4.6%;
2008.06.05 08:30:00;EUR;3;ECB Press Conference;;;;;;
2008.06.05 08:30:00;USD;3;Unemployment Claims;372K;374K;357K;;375K;
2008.06.05 10:00:00;CAD;3;Ivey PMI;57.6;58.8;62.5;;;
2008.06.05 10:00:00;USD;2;Mortgage Delinquencies;5.82%;;6.35%;;;
2008.06.05 10:35:00;USD;1;Natural Gas Storage;87B;103B;105B;;;
2008.06.05 11:00:00;USD;3;FOMC Member Kohn Speaks;;;;;;
2008.06.05 12:00:00;USD;2;FOMC Member Plosser Speaks;;;;;;
2008.06.05 19:30:00;AUD;1;AIG Construction Index;42.6;;36.9;;;
2008.06.06 02:45:00;EUR;1;French Gov Budget Balance;-22.5B;;-45.0B;;;
2008.06.06 02:45:00;EUR;1;French Trade Balance;-4.8B;-4.0B;-3.7B;;-4.3B;
2008.06.06 05:00:00;CHF;2;Gov Board Member Jordan Speaks;;;;;;
2008.06.06 06:00:00;EUR;2;German Industrial Production m/m;-0.5%;0.2%;-0.8%;;-0.8%;
2008.06.06 07:00:00;CAD;3;Employment Change;19.2K;10.0K;8.4K;;;
2008.06.06 07:00:00;CAD;3;Unemployment Rate;6.1%;6.1%;6.1%;;;
2008.06.06 08:30:00;USD;3;Non-Farm Employment Change;-20K;-57K;-49K;;-28K;
2008.06.06 08:30:00;USD;3;Unemployment Rate;5.0%;5.1%;5.5%;;;
2008.06.06 08:30:00;USD;2;Average Hourly Earnings m/m;0.1%;0.2%;0.3%;;;
2008.06.06 08:45:00;USD;2;FOMC Member Kroszner Speaks;;;;;;
2008.06.06 10:00:00;USD;1;Final Wholesale Inventories m/m;-0.1%;0.4%;1.3%;;0.1%;
2008.06.06 12:00:00;EUR;2;German Buba President Weber Speaks;;;;;;
2008.06.06 15:00:00;USD;1;Consumer Credit m/m;15.3B;7.3B;8.9B;;13.1B;
2008.06.08 00:00:00;AUD;0;Bank Holiday (All Day);;;;;;
2008.06.08 19:50:00;JPY;1;Bank Lending y/y;1.2%;;1.5%;;;
2008.06.08 19:50:00;JPY;1;M2 Money Stock y/y;1.9%;2.0%;2.0%;;;
2008.06.08 00:00:00;CNY;0;Bank Holiday (All Day);;;;;;
2008.06.09 01:00:00;JPY;1;Leading Indicators;94.1%;93.0%;92.8%;;90.8%;
2008.06.09 01:45:00;CHF;1;Unemployment Rate;2.6%;2.5%;2.5%;;2.5%;
2008.06.09 02:00:00;EUR;1;German Trade Balance;15.4B;15.9B;17.7B;;15.3B;
2008.06.09 03:00:00;JPY;1;Economy Watchers Sentiment;35.5;34.5;32.1;;;
2008.06.09 04:30:00;EUR;1;Sentix Investor Confidence;3.5;3.0;5.2;;;
2008.06.09 04:30:00;GBP;3;PPI Input m/m;2.4%;2.6%;3.8%;;3.2%;
2008.06.09 04:30:00;GBP;1;PPI Output m/m;1.4%;0.8%;1.6%;;1.5%;
2008.06.09 06:00:00;EUR;1;ECB Financial Stability Review;;;;;;
2008.06.09 08:15:00;CAD;3;Housing Starts;214K;220K;221K;;;
2008.06.09 10:00:00;CHF;2;SNB Chairman Roth Speaks;;;;;;
2008.06.09 10:00:00;USD;3;Pending Home Sales m/m;-1.0%;-0.5%;6.3%;;;
2008.06.09 12:15:00;USD;2;FOMC Member Geithner Speaks;;;;;;
2008.06.09 12:30:00;EUR;2;ECB President Trichet Speaks;;;;;;
2008.06.09 19:01:00;GBP;2;BRC Retail Sales Monitor y/y;-1.5%;;1.9%;;;
2008.06.09 19:01:00;GBP;2;RICS House Price Balance;-95%;-97%;-93%;;;
2008.06.09 19:50:00;JPY;2;Core Machinery Orders m/m;-8.3%;3.1%;5.5%;;;
2008.06.09 20:15:00;USD;3;Fed Chairman Bernanke Speaks;;;;;;
2008.06.09 21:30:00;AUD;3;Home Loans m/m;-6.1%;-2.0%;-3.0%;;-5.7%;
2008.06.09 21:30:00;AUD;2;ANZ Job Advertisements m/m;3.1%;;-1.7%;;;
2008.06.09 21:30:00;AUD;1;NAB Business Confidence;-8;;-4;;;
2008.06.10 02:00:00;EUR;1;German WPI m/m;0.6%;0.6%;1.4%;;;
2008.06.10 02:00:00;JPY;1;Prelim Machine Tool Orders y/y;0.3%;;1.4%;;0.4%;
2008.06.10 02:45:00;EUR;2;French Industrial Production m/m;-0.8%;0.3%;1.4%;;-1.0%;
2008.06.10 04:00:00;EUR;1;Italian Industrial Production m/m;-0.2%;-0.2%;0.7%;;-0.1%;
2008.06.10 04:30:00;GBP;3;Manufacturing Production m/m;-0.5%;0.0%;0.1%;;;
2008.06.10 04:30:00;GBP;1;Industrial Production m/m;-0.5%;0.0%;0.2%;;;
2008.06.10 06:06:00;GBP;1;ONS HPI y/y;5.2%;3.4%;4.9%;;;
2008.06.10 07:00:00;GBP;3;BOE Gov King Speaks;;;;;;
2008.06.10 07:30:00;USD;1;NFIB Small Business Index;91.5;;89.3;;;
2008.06.10 08:00:00;USD;2;FOMC Member Fisher Speaks;;;;;;
2008.06.10 08:30:00;CAD;3;Trade Balance;5.5B;5.7B;5.1B;;5.7B;
2008.06.10 08:30:00;USD;3;Trade Balance;-58.2B;-59.5B;-60.9B;;-56.5B;
2008.06.10 08:30:00;USD;2;FOMC Member Mishkin Speaks;;;;;;
2008.06.10 09:00:00;CAD;3;BOC Rate Statement;;;;;;
2008.06.10 09:00:00;CAD;3;Overnight Rate;3.00%;2.75%;3.00%;;;
2008.06.10 09:15:00;EUR;2;German Buba President Weber Speaks;;;;;;
2008.06.10 10:00:00;USD;1;JOLTS Job Openings;3.73M;;3.71M;;3.67M;
2008.06.10 10:00:00;USD;1;RCM/TIPP Economic Optimism;40.3;40.0;37.4;;;
2008.06.10 18:45:00;NZD;1;Overseas Trade Index q/q;2.9%;0.3%;4.1%;;2.6%;
2008.06.10 19:01:00;GBP;1;NIESR GDP Estimate;0.4%;;0.2%;;;
2008.06.10 19:50:00;JPY;2;Final GDP q/q;0.8%;0.9%;1.0%;;;
2008.06.10 19:50:00;JPY;1;Current Account;2.10T;1.83T;1.51T;;;
2008.06.10 19:50:00;JPY;1;Final GDP Price Index y/y;-1.4%;-1.4%;-1.5%;;;
2008.06.10 19:50:00;JPY;1;PPI y/y;3.7%;3.9%;4.7%;;3.9%;
2008.06.10 20:30:00;AUD;2;Westpac Consumer Sentiment;2.7%;;-5.6%;;;
2008.06.10 22:00:00;CNY;2;PPI y/y;8.1%;8.3%;8.2%;;;
2008.06.11 02:30:00;CNY;3;USD-Denominated Trade Balance;16.7B;21.3B;20.2B;;;
2008.06.11 02:45:00;EUR;1;French Final CPI m/m;0.3%;0.4%;0.5%;;;
2008.06.11 04:30:00;GBP;3;Claimant Count Change;7.2K;8.0K;9.0K;;11.2K;
2008.06.11 04:30:00;GBP;2;Average Earnings Index 3m/y;4.0%;4.1%;3.8%;;;
2008.06.11 04:30:00;GBP;2;Goods Trade Balance;-7.4B;-7.3B;-7.6B;;-7.1B;
2008.06.11 04:30:00;GBP;1;Unemployment Rate;5.2%;5.2%;5.3%;;;
2008.06.11 08:30:00;CAD;1;Capacity Utilization Rate;81.8%;80.7%;79.8%;;;
2008.06.11 08:30:00;CAD;1;NHPI m/m;0.2%;0.3%;0.0%;;;
2008.06.11 10:35:00;USD;2;Crude Oil Inventories;-4.8M;-0.9M;-4.6M;;;
2008.06.11 11:30:00;USD;2;FOMC Member Kohn Speaks;;;;;;
2008.06.11 12:15:00;USD;2;FOMC Member Kroszner Speaks;;;;;;
2008.06.11 14:00:00;USD;2;Beige Book;;;;;;
2008.06.11 14:00:00;USD;2;Federal Budget Balance;159.3B;-160.0B;-165.9B;;;
2008.06.11 18:31:00;NZD;1;BusinessNZ Manufacturing Index;51.4;;49.3;;51.5;
2008.06.11 18:45:00;NZD;1;FPI m/m;0.3%;;1.0%;;;
2008.06.11 21:00:00;AUD;1;MI Inflation Expectations;5.2%;;5.9%;;;
2008.06.11 21:25:00;CNY;1;Foreign Direct Investment ytd/y;59.3%;;55.0%;;;
2008.06.11 21:30:00;AUD;3;Employment Change;25.4K;13.8K;-19.7K;;37.5K;
2008.06.11 21:30:00;AUD;3;Unemployment Rate;4.2%;4.2%;4.3%;;4.3%;
2008.06.11 22:00:00;CNY;2;CPI y/y;8.5%;7.9%;7.7%;;;
2008.06.11 22:00:00;CNY;2;New Loans;464B;;319B;;;
2008.06.11 22:00:00;CNY;1;M2 Money Supply y/y;16.9%;16.8%;18.1%;;;
2008.06.12 02:45:00;EUR;1;French Final Private Payrolls q/q;0.2%;0.3%;0.4%;;;
2008.06.12 04:00:00;EUR;2;ECB Monthly Bulletin;;;;;;
2008.06.12 04:30:00;GBP;2;Consumer Inflation Expectations;3.3%;;4.3%;;;
2008.06.12 05:00:00;EUR;2;Industrial Production m/m;-0.2%;0.0%;0.9%;;-0.5%;
2008.06.12 05:15:00;EUR;2;German Buba President Weber Speaks;;;;;;
2008.06.12 06:00:00;CHF;2;Gov Board Member Jordan Speaks;;;;;;
2008.06.12 08:30:00;USD;3;Core Retail Sales m/m;0.5%;0.7%;1.2%;;1.0%;
2008.06.12 08:30:00;USD;3;Retail Sales m/m;-0.2%;0.5%;1.0%;;0.4%;
2008.06.12 08:30:00;USD;2;Import Prices m/m;1.8%;2.5%;2.3%;;2.4%;
2008.06.12 08:30:00;USD;2;Unemployment Claims;357K;370K;384K;;359K;
2008.06.12 10:00:00;USD;2;Business Inventories m/m;0.1%;0.3%;0.5%;;0.2%;
2008.06.12 10:35:00;USD;1;Natural Gas Storage;105B;94B;80B;;;
2008.06.12 11:30:00;USD;3;Fed Chairman Bernanke Speaks;;;;;;
2008.06.12 13:00:00;USD;2;10-y Bond Auction;3.94|2.2;;4.23|2.3;;;
2008.06.12 18:45:00;NZD;3;Core Retail Sales m/m;-0.5%;0.2%;-0.5%;;-0.4%;
2008.06.12 18:45:00;NZD;3;Retail Sales m/m;-1.2%;0.5%;1.0%;;;
2008.06.12 00:00:00;All;2;G8 Meetings (All Day);;;;;;
2008.06.12 22:00:00;CNY;1;Retail Sales y/y;22.0%;21.9%;21.6%;;;
2008.06.12 23:10:00;AUD;3;RBA Gov Stevens Speaks;;;;;;
2008.06.12 23:23:00;JPY;2;Overnight Call Rate;0.50%;0.50%;0.50%;;;
2008.06.13 00:30:00;JPY;1;Revised Industrial Production m/m;-0.3%;-0.3%;-0.2%;;;
2008.06.13 01:00:00;JPY;1;Consumer Confidence;35.2;34.5;33.9;;;
2008.06.13 02:00:00;EUR;1;German Final CPI m/m;0.6%;0.6%;0.6%;;;
2008.06.13 02:00:00;JPY;2;BOJ Monthly Report;;;;;;
2008.06.13 03:25:00;JPY;3;BOJ Press Conference;;;;;;
2008.06.13 05:00:00;EUR;1;Final Employment Change q/q;0.2%;;0.3%;;0.3%;
2008.06.13 08:30:00;CAD;2;Labor Productivity q/q;-0.8%;-0.4%;-0.3%;;-0.7%;
2008.06.13 08:30:00;CAD;2;Manufacturing Sales m/m;-1.6%;0.2%;2.0%;;-1.7%;
2008.06.13 08:30:00;USD;3;Core CPI m/m;0.1%;0.2%;0.2%;;;
2008.06.13 08:30:00;USD;3;CPI y/y;3.9%;3.9%;4.2%;;;
2008.06.13 08:30:00;USD;2;CPI m/m;0.2%;0.5%;0.6%;;;
2008.06.13 09:55:00;USD;3;Prelim UoM Consumer Sentiment;59.5;59.5;56.7;;59.8;
2008.06.13 09:55:00;USD;1;Prelim UoM Inflation Expectations;5.2%;;5.1%;;;
2008.06.13 00:00:00;EUR;2;Irish Lisbon Treaty Vote (All Day);;No;No;;;
2008.06.14 01:00:00;USD;2;Treasury Sec Paulson Speaks;;;;;;
2008.06.15 18:49:00;NZD;1;Manufacturing Sales q/q;8.3%;;3.7%;;;
2008.06.15 19:01:00;GBP;1;BOE Quarterly Bulletin;;;;;;
2008.06.15 22:00:00;CNY;3;Industrial Production y/y;15.7%;16.2%;16.0%;;;
2008.06.16 03:15:00;CHF;2;Retail Sales y/y;-2.5%;4.1%;2.4%;;;
2008.06.16 05:00:00;EUR;3;Final CPI y/y;3.6%;3.6%;3.7%;;;
2008.06.16 05:00:00;EUR;2;Final Core CPI y/y;1.6%;1.8%;1.7%;;;
2008.06.16 08:30:00;CAD;1;New Motor Vehicle Sales m/m;-0.5%;0.0%;-2.6%;;-1.6%;
2008.06.16 08:30:00;USD;2;Empire State Manufacturing Index;-3.2;-1.5;-8.7;;;
2008.06.16 09:00:00;USD;3;TIC Long-Term Purchases;80.4B;63.0B;115.1B;;79.6B;
2008.06.16 10:00:00;USD;3;Fed Chairman Bernanke Speaks;;;;;;
2008.06.16 13:14:00;USD;1;NAHB Housing Market Index;19;19;18;;;
2008.06.16 19:50:00;JPY;2;Tertiary Industry Activity m/m;0.3%;0.5%;1.8%;;0.0%;
2008.06.16 21:30:00;AUD;3;Monetary Policy Meeting Minutes;;;;;;
2008.06.16 21:30:00;AUD;1;Housing Starts q/q;2.6%;-0.7%;-3.3%;;4.2%;
2008.06.16 22:00:00;CNY;2;Fixed Asset Investment ytd/y;25.7%;25.6%;25.6%;;;
2008.06.17 03:15:00;CHF;2;Industrial Production q/q;6.8%;-5.1%;-9.3%;;7.3%;
2008.06.17 04:00:00;EUR;1;Italian Trade Balance;-0.55B;-1.01B;-1.00B;;-0.54B;
2008.06.17 04:30:00;GBP;3;CPI y/y;3.0%;3.2%;3.3%;;;
2008.06.17 04:30:00;GBP;2;Core CPI y/y;1.4%;1.5%;1.5%;;;
2008.06.17 04:30:00;GBP;1;RPI y/y;4.2%;4.2%;4.3%;;;
2008.06.17 05:00:00;EUR;3;German ZEW Economic Sentiment;-41.4;-42.4;-52.4;;;
2008.06.17 05:00:00;EUR;2;ZEW Economic Sentiment;-43.6;-43.9;-52.7;;;
2008.06.17 05:00:00;EUR;1;Trade Balance;-2.4B;-0.5B;2.2B;;-1.1B;
2008.06.17 05:30:00;GBP;3;BOE Inflation Letter;;;;;;
2008.06.17 08:30:00;CAD;2;Foreign Securities Purchases;5.30B;4.03B;9.75B;;;
2008.06.17 08:30:00;USD;3;Building Permits;0.98M;0.96M;0.97M;;;
2008.06.17 08:30:00;USD;3;PPI m/m;0.2%;1.0%;1.4%;;;
2008.06.17 08:30:00;USD;2;Core PPI m/m;0.4%;0.2%;0.2%;;;
2008.06.17 08:30:00;USD;2;Current Account;-173B;-174B;-176B;;-167B;
2008.06.17 08:30:00;USD;2;Housing Starts;1.03M;0.99M;0.98M;;1.01M;
2008.06.17 09:15:00;USD;2;Capacity Utilization Rate;79.7%;79.7%;79.4%;;79.6%;
2008.06.17 09:15:00;USD;2;Industrial Production m/m;-0.7%;0.1%;-0.2%;;;
2008.06.17 19:50:00;JPY;2;Monetary Policy Meeting Minutes;;;;;;
2008.06.17 20:30:00;AUD;1;MI Leading Index m/m;0.2%;;0.4%;;0.1%;
2008.06.18 04:30:00;GBP;3;MPC Official Bank Rate Votes;0-1-8;0-1-8;0-1-8;;;
2008.06.18 05:00:00;CHF;2;Credit Suisse Economic Expectations;-60.4;;-63.8;;;
2008.06.18 06:00:00;GBP;2;CBI Industrial Order Expectations;-10;-12;1;;;
2008.06.18 08:30:00;CAD;1;Leading Index m/m;0.1%;0.2%;0.2%;;0.0%;
2008.06.18 10:35:00;USD;2;Crude Oil Inventories;-4.6M;-1.5M;-1.2M;;;
2008.06.18 14:30:00;GBP;3;BOE Gov King Speaks;;;;;;
2008.06.18 19:50:00;JPY;1;All Industries Activity m/m;0.5%;0.3%;0.8%;;0.3%;
2008.06.18 21:30:00;AUD;1;RBA Bulletin;;;;;;
2008.06.19 02:15:00;CHF;1;Trade Balance;1.57B;1.58B;1.87B;;1.53B;
2008.06.19 02:40:00;JPY;2;BOJ Gov Shirakawa Speaks;;;;;;
2008.06.19 03:30:00;CHF;3;Libor Rate;2.75%;2.75%;2.75%;;;
2008.06.19 03:30:00;CHF;3;SNB Monetary Policy Assessment;;;;;;
2008.06.19 03:30:00;CHF;3;SNB Press Conference;;;;;;
2008.06.19 04:00:00;CHF;2;SNB Financial Stability Report;;;;;;
2008.06.19 04:30:00;GBP;3;Retail Sales m/m;-0.2%;-0.1%;3.5%;;-0.3%;
2008.06.19 04:30:00;GBP;1;M4 Money Supply m/m;0.7%;0.5%;0.4%;;0.5%;
2008.06.19 04:30:00;GBP;1;Public Sector Net Borrowing;-0.5B;9.0B;11.0B;;1.8B;
2008.06.19 05:00:00;EUR;1;Italian Quarterly Unemployment Rate;6.0%;6.0%;6.5%;;6.2%;
2008.06.19 05:30:00;EUR;1;Spanish 10-y Bond Auction;4.26|2.3;;4.83|1.6;;;
2008.06.19 07:00:00;CAD;3;Core CPI m/m;0.3%;0.3%;0.3%;;;
2008.06.19 07:00:00;CAD;2;CPI m/m;0.8%;0.6%;1.0%;;;
2008.06.19 08:30:00;CAD;2;Wholesale Sales m/m;0.6%;0.8%;1.4%;;0.7%;
2008.06.19 08:30:00;USD;3;Unemployment Claims;384K;375K;381K;;386K;
2008.06.19 10:00:00;USD;2;Philly Fed Manufacturing Index;-15.6;-10.0;-17.1;;;
2008.06.19 10:00:00;USD;1;CB Leading Index m/m;0.1%;0.0%;0.1%;;;
2008.06.19 10:35:00;USD;1;Natural Gas Storage;80B;61B;57B;;;
2008.06.19 12:45:00;USD;1;Treasury Sec Paulson Speaks;;;;;;
2008.06.19 14:30:00;USD;3;FOMC Member Kohn Speaks;;;;;;
2008.06.19 15:00:00;GBP;2;MPC Member Gieve Speaks;;;;;;
2008.06.19 18:45:00;NZD;1;Visitor Arrivals m/m;-11.8%;;9.4%;;;
2008.06.19 22:45:00;CAD;2;BOC Gov Carney Speaks;;;;;;
2008.06.20 02:00:00;EUR;2;German PPI m/m;1.1%;0.9%;1.0%;;;
2008.06.20 03:15:00;CHF;2;PPI m/m;0.7%;0.9%;1.2%;;;
2008.06.20 08:30:00;CAD;3;Core Retail Sales m/m;0.0%;0.5%;1.1%;;0.1%;
2008.06.20 08:30:00;CAD;2;Retail Sales m/m;0.1%;0.6%;0.6%;;0.0%;
2008.06.20 12:45:00;EUR;2;ECB President Trichet Speaks;;;;;;
2008.06.21 10:30:00;CAD;1;BOC Financial System Review;;;;;;
2008.06.22 00:00:00;All;2;Jeddah Oil Summit (All Day);;;;;;
2008.06.22 19:01:00;GBP;2;Rightmove HPI m/m;1.2%;;-1.2%;;;
2008.06.22 19:50:00;JPY;2;BSI Manufacturing Index;-12.9;-17.0;-15.1;;;
2008.06.22 21:30:00;AUD;1;New Motor Vehicle Sales m/m;-0.8%;;-1.6%;;-0.6%;
2008.06.22 23:04:00;NZD;1;Credit Card Spending y/y;8.3%;;5.9%;;8.2%;
2008.06.23 01:45:00;CHF;2;SECO Economic Forecasts;;;;;;
2008.06.23 03:00:00;EUR;2;French Flash Manufacturing PMI;51.3;51.0;49.2;;51.5;
2008.06.23 03:00:00;EUR;1;French Flash Services PMI;50.7;50.8;49.2;;50.5;
2008.06.23 03:30:00;EUR;2;German Flash Manufacturing PMI;53.5;53.2;52.3;;53.6;
2008.06.23 03:30:00;EUR;1;German Flash Services PMI;53.7;53.1;53.3;;53.8;
2008.06.23 04:00:00;EUR;3;German ifo Business Climate;103.5;102.5;101.3;;;
2008.06.23 04:00:00;EUR;2;Flash Manufacturing PMI;50.5;50.2;49.1;;;
2008.06.23 04:00:00;EUR;2;Flash Services PMI;50.6;50.5;49.5;;;
2008.06.23 06:00:00;EUR;2;German Buba Monthly Report;;;;;;
2008.06.23 09:00:00;EUR;2;Belgian NBB Business Climate;-1.6;-3.5;-5.9;;;
2008.06.23 16:05:00;CAD;2;Gov Council Member Kennedy Speaks;;;;;;
2008.06.24 02:00:00;EUR;2;German GfK Consumer Climate;4.9;4.6;3.9;;4.7;
2008.06.24 02:45:00;EUR;2;French Consumer Spending m/m;-0.8%;0.6%;2.0%;;-0.9%;
2008.06.24 04:00:00;CHF;2;UBS Consumption Indicator;2.18;;1.91;;2.16;
2008.06.24 04:30:00;GBP;2;High Street Lending;38.7K;;28.0K;;34.8K;
2008.06.24 09:00:00;USD;1;S&P/CS Composite-20 HPI y/y;-14.4%;-16.0%;-15.3%;;-14.3%;
2008.06.24 10:00:00;USD;3;CB Consumer Confidence;57.2;56.4;50.4;;58.1;
2008.06.24 10:00:00;USD;1;HPI m/m;-0.4%;-0.5%;-0.8%;;-0.6%;
2008.06.24 10:00:00;USD;1;Richmond Manufacturing Index;-3;-5;-12;;;
2008.06.24 19:50:00;JPY;1;SPPI y/y;0.5%;0.5%;0.6%;;;
2008.06.24 19:50:00;JPY;1;Trade Balance;0.61T;0.41T;0.64T;;0.64T;
2008.06.24 22:00:00;NZD;1;Westpac Consumer Sentiment;96.5;;81.7;;;
2008.06.25 04:00:00;EUR;1;Italian Retail Sales m/m;-0.5%;0.3%;0.0%;;-0.6%;
2008.06.25 04:30:00;EUR;3;ECB President Trichet Speaks;;;;;;
2008.06.25 05:00:00;EUR;2;Industrial New Orders m/m;-1.0%;-0.5%;2.5%;;-1.2%;
2008.06.25 06:00:00;GBP;3;CBI Realized Sales;-14;-17;-9;;;
2008.06.25 08:30:00;USD;3;Core Durable Goods Orders m/m;2.5%;-0.9%;-0.9%;;1.9%;
2008.06.25 08:30:00;USD;2;Durable Goods Orders m/m;-0.5%;0.0%;0.0%;;-1.0%;
2008.06.25 10:00:00;USD;3;New Home Sales;526K;515K;512K;;525K;
2008.06.25 10:35:00;USD;1;Crude Oil Inventories;-1.2M;-0.1M;0.8M;;;
2008.06.25 11:00:00;EUR;2;German Buba President Weber Speaks;;;;;;
2008.06.25 14:09:00;USD;3;Federal Funds Rate;2.00%;2.00%;2.00%;;;
2008.06.25 14:09:00;USD;3;FOMC Statement;;;;;;
2008.06.25 18:45:00;NZD;3;Current Account;-3.41B;-1.72B;-2.16B;;;
2008.06.25 20:00:00;AUD;1;CB Leading Index m/m;-0.4%;;0.3%;;;
2008.06.26 02:00:00;EUR;1;German Import Prices m/m;0.9%;1.5%;2.4%;;;
2008.06.26 04:00:00;EUR;1;M3 Money Supply y/y;10.6%;10.4%;10.5%;;10.5%;
2008.06.26 04:00:00;EUR;1;Private Loans y/y;10.6%;10.3%;10.4%;;;
2008.06.26 04:34:00;GBP;1;Revised Business Investment q/q;-1.4%;-1.4%;-1.8%;;;
2008.06.26 04:45:00;GBP;3;Monetary Policy Report Hearings;;;;;;
2008.06.26 08:30:00;USD;2;Final GDP q/q;0.9%;1.0%;1.0%;;;
2008.06.26 08:30:00;USD;2;Unemployment Claims;381K;375K;384K;;384K;
2008.06.26 08:30:00;USD;1;Final GDP Price Index q/q;2.6%;2.6%;2.7%;;;
2008.06.26 10:00:00;USD;3;Existing Home Sales;4.89M;4.96M;4.99M;;;
2008.06.26 10:35:00;USD;1;Natural Gas Storage;57B;90B;90B;;;
2008.06.26 18:45:00;NZD;3;GDP q/q;1.0%;-0.3%;-0.3%;;0.8%;
2008.06.26 18:45:00;NZD;3;Trade Balance;-334M;153M;-196M;;-296M;
2008.06.26 19:30:00;JPY;2;Tokyo Core CPI y/y;0.9%;1.1%;1.3%;;;
2008.06.26 19:30:00;JPY;1;Household Spending y/y;-2.7%;-2.0%;-3.2%;;;
2008.06.26 19:30:00;JPY;1;National Core CPI y/y;0.9%;1.3%;1.5%;;;
2008.06.26 19:30:00;JPY;1;Unemployment Rate;4.0%;4.0%;4.0%;;;
2008.06.26 19:50:00;JPY;2;Prelim Industrial Production m/m;-0.3%;2.5%;2.9%;;-0.2%;
2008.06.26 19:50:00;JPY;2;Retail Sales y/y;0.1%;-0.1%;0.2%;;;
2008.06.27 00:30:00;AUD;2;RBA Deputy Gov Debelle Speaks;;;;;;
2008.06.27 00:00:00;EUR;2;German Prelim CPI m/m (All Day);0.6%;0.3%;0.3%;;;
2008.06.27 04:00:00;EUR;1;Current Account;-15.3B;-5.0B;-0.3B;;-13.2B;
2008.06.27 04:00:00;EUR;1;Retail PMI;53.1;;44.0;;;
2008.06.27 04:30:00;GBP;3;Current Account;-8.5B;-12.0B;-8.4B;;-12.2B;
2008.06.27 04:30:00;GBP;1;Final GDP q/q;0.4%;0.4%;0.3%;;;
2008.06.27 05:00:00;EUR;1;Consumer Confidence;-15;-16;-17;;;
2008.06.27 05:13:00;EUR;1;Italian 10-y Bond Auction;4.86|1.4;;5.08|1.5;;;
2008.06.27 05:30:00;CHF;2;KOF Economic Barometer;1.09;1.00;1.01;;1.08;
2008.06.27 08:30:00;CAD;2;RMPI m/m;5.1%;5.1%;3.1%;;5.0%;
2008.06.27 08:30:00;CAD;1;IPPI m/m;1.4%;1.2%;0.6%;;1.6%;
2008.06.27 08:30:00;USD;2;Core PCE Price Index m/m;0.1%;0.2%;0.1%;;;
2008.06.27 08:30:00;USD;2;Personal Spending m/m;0.2%;0.7%;0.8%;;0.4%;
2008.06.27 08:30:00;USD;1;Personal Income m/m;0.2%;0.3%;1.9%;;0.3%;
2008.06.27 09:55:00;USD;2;Revised UoM Consumer Sentiment;56.7;56.8;56.4;;;
2008.06.27 09:55:00;USD;1;Revised UoM Inflation Expectations;5.1%;;5.1%;;;
2008.06.27 12:30:00;EUR;2;ECB President Trichet Speaks;;;;;;
2008.06.29 18:45:00;NZD;3;Building Consents m/m;82.1%;;-42.3%;;83.0%;
2008.06.29 19:01:00;GBP;2;GfK Consumer Confidence;-29;-31;-34;;;
2008.06.29 19:15:00;JPY;1;Final Manufacturing PMI;47.7;;46.5;;;
2008.06.29 20:30:00;AUD;1;MI Inflation Gauge m/m;0.3%;;0.5%;;;
2008.06.29 21:30:00;AUD;2;Private Sector Credit m/m;0.4%;0.6%;0.6%;;;
2008.06.29 22:00:00;NZD;2;RBNZ Statement of Intent;;;;;;
2008.06.29 23:00:00;NZD;3;ANZ Business Confidence;-49.7;;-38.7;;;
2008.06.30 01:00:00;JPY;1;Housing Starts y/y;-8.7%;-3.7%;-6.5%;;;
2008.06.30 04:30:00;GBP;1;Index of Services 3m/3m;0.5%;0.3%;0.3%;;0.3%;
2008.06.30 04:30:00;GBP;1;Mortgage Approvals;58K;52K;42K;;;
2008.06.30 04:30:00;GBP;1;Net Lending to Individuals m/m;7.3B;7.0B;5.4B;;;
2008.06.30 05:00:00;EUR;2;CPI Flash Estimate y/y;3.6%;3.9%;4.0%;;3.7%;
2008.06.30 05:00:00;EUR;1;Italian Prelim CPI m/m;0.5%;0.3%;0.4%;;;
2008.06.30 08:30:00;CAD;3;GDP m/m;-0.2%;0.3%;0.4%;;;
2008.06.30 09:45:00;USD;2;Chicago PMI;49.1;48.2;49.6;;;
2008.06.30 19:30:00;AUD;2;HIA New Home Sales m/m;0.1%;;-5.0%;;;
2008.06.30 19:30:00;AUD;1;AIG Manufacturing Index;51.2;;47.0;;;
2008.06.30 19:50:00;JPY;3;Tankan Manufacturing Index;11;3;5;;;
2008.06.30 19:50:00;JPY;2;Tankan Non-Manufacturing Index;12;8;10;;;
2008.06.30 21:00:00;CNY;3;Manufacturing PMI;53.3;;52.0;;;
2008.06.30 21:30:00;JPY;2;Average Cash Earnings y/y;0.6%;0.7%;0.2%;;0.8%;
2008.06.30 22:30:00;CNY;2;Caixin Manufacturing PMI;54.7;;53.3;;;
