2009.09.01 00:30:00;AUD;3;Cash Rate;3.00%;3.00%;3.00%;;;
2009.09.01 00:30:00;AUD;3;RBA Rate Statement;;;;;;
2009.09.01 01:45:00;CHF;2;GDP q/q;-0.8%;-0.9%;-0.3%;;-0.9%;
2009.09.01 02:00:00;EUR;2;German Retail Sales m/m;-1.8%;0.7%;0.7%;;-1.3%;
2009.09.01 02:30:00;AUD;2;Commodity Prices y/y;-31.8%;;-31.8%;;-32.1%;
2009.09.01 03:15:00;EUR;1;Spanish Manufacturing PMI;47.3;;47.2;;;
2009.09.01 03:30:00;CHF;2;Manufacturing PMI;44.3;47.1;50.2;;;
2009.09.01 03:45:00;EUR;1;Italian Manufacturing PMI;45.4;46.1;44.2;;;
2009.09.01 03:50:00;EUR;1;French Final Manufacturing PMI;50.2;50.2;50.8;;;
2009.09.01 03:55:00;EUR;2;German Unemployment Change;-6K;33K;-1K;;-5K;
2009.09.01 03:55:00;EUR;1;German Final Manufacturing PMI;49.0;49.0;49.2;;;
2009.09.01 04:00:00;EUR;1;Final Manufacturing PMI;47.9;47.9;48.2;;;
2009.09.01 04:30:00;GBP;3;Final Manufacturing PMI;50.8;51.5;49.7;;50.2;
2009.09.01 04:30:00;GBP;2;Net Lending to Individuals m/m;0.4B;0.4B;-0.6B;;0.2B;
2009.09.01 04:30:00;GBP;1;Mortgage Approvals;48K;51K;50K;;;
2009.09.01 05:00:00;EUR;2;Unemployment Rate;9.4%;9.5%;9.5%;;;
2009.09.01 10:00:00;USD;3;ISM Manufacturing PMI;48.9;50.6;52.9;;;
2009.09.01 10:00:00;USD;3;Pending Home Sales m/m;3.6%;1.7%;3.2%;;;
2009.09.01 10:00:00;USD;1;Construction Spending m/m;0.3%;-0.1%;-0.2%;;0.1%;
2009.09.01 10:00:00;USD;1;ISM Manufacturing Prices;55.0;57.3;65.0;;;
2009.09.01 10:30:00;NZD;1;GDT Price Index;24.3%;;23.9%;;;
2009.09.01 00:00:00;USD;1;Total Vehicle Sales (All Day);11.2M;13.1M;14.1M;;;
2009.09.01 19:50:00;JPY;1;Monetary Base y/y;6.1%;6.6%;6.1%;;;
2009.09.01 21:30:00;AUD;3;GDP q/q;0.4%;0.3%;0.6%;;;
2009.09.02 03:00:00;EUR;1;Spanish Unemployment Change;-20.8K;;85.0K;;;
2009.09.02 04:30:00;GBP;2;Construction PMI;47.0;48.1;47.7;;;
2009.09.02 05:00:00;EUR;2;Revised GDP q/q;-0.1%;-0.1%;-0.1%;;;
2009.09.02 05:00:00;EUR;1;PPI m/m;0.3%;-0.5%;-0.8%;;0.4%;
2009.09.02 07:30:00;USD;1;Challenger Job Cuts y/y;-5.7%;;-13.8%;;;
2009.09.02 08:15:00;USD;3;ADP Non-Farm Employment Change;-371K;-250K;-298K;;-360K;
2009.09.02 08:30:00;USD;2;Revised Nonfarm Productivity q/q;6.4%;6.5%;6.6%;;;
2009.09.02 08:30:00;USD;1;Revised Unit Labor Costs q/q;-5.8%;-5.7%;-5.9%;;;
2009.09.02 10:00:00;USD;2;Factory Orders m/m;0.4%;2.3%;1.3%;;0.9%;
2009.09.02 10:30:00;USD;2;Crude Oil Inventories;0.2M;-0.8M;-0.4M;;;
2009.09.02 11:30:00;USD;2;FOMC Member Lockhart Speaks;;;;;;
2009.09.02 14:00:00;USD;3;FOMC Meeting Minutes;;;;;;
2009.09.02 19:30:00;AUD;1;AIG Services Index;44.1;;48.0;;;
2009.09.02 21:00:00;CNY;1;Non-Manufacturing PMI;58.9;;59.9;;;
2009.09.02 21:30:00;AUD;3;Goods Trade Balance;-0.44B;-0.80B;-1.56B;;-0.54B;
2009.09.02 23:03:00;NZD;1;ANZ Commodity Prices m/m;1.0%;;4.3%;;;
2009.09.03 03:15:00;EUR;1;Spanish Services PMI;40.8;;45.3;;;
2009.09.03 03:45:00;EUR;1;Italian Services PMI;44.5;46.2;46.4;;;
2009.09.03 03:50:00;EUR;1;French Final Services PMI;48.9;48.9;49.3;;;
2009.09.03 03:55:00;EUR;1;German Final Services PMI;54.1;54.1;53.8;;;
2009.09.03 04:00:00;EUR;1;Final Services PMI;49.5;49.5;49.9;;;
2009.09.03 04:30:00;GBP;3;Final Services PMI;53.2;53.9;54.1;;;
2009.09.03 05:00:00;EUR;2;Retail Sales m/m;-0.2%;0.2%;-0.2%;;0.0%;
2009.09.03 05:09:00;EUR;1;French 10-y Bond Auction;3.82|1.7;;3.56|1.9;;;
2009.09.03 05:39:00;GBP;1;30-y Bond Auction;4.46|1.8;;4.17|1.6;;;
2009.09.03 07:45:00;EUR;3;Main Refinancing Rate;1.00%;1.00%;1.00%;;;
2009.09.03 08:30:00;EUR;3;ECB Press Conference;;;;;;
2009.09.03 08:30:00;USD;3;Unemployment Claims;570K;563K;570K;;574K;
2009.09.03 10:00:00;USD;3;ISM Services PMI;46.4;48.3;48.4;;;
2009.09.03 10:30:00;USD;1;Natural Gas Storage;54B;67B;65B;;;
2009.09.03 19:50:00;JPY;2;Capital Spending q/y;-25.3%;-22.9%;-21.7%;;;
2009.09.04 02:45:00;EUR;1;French Gov Budget Balance;-86.6B;;-109.0B;;;
2009.09.04 02:50:00;EUR;2;ECB President Trichet Speaks;;;;;;
2009.09.04 03:00:00;CHF;2;Foreign Currency Reserves;81B;;82B;;;
2009.09.04 03:15:00;CHF;2;CPI m/m;-0.7%;0.3%;0.1%;;;
2009.09.04 04:00:00;EUR;1;Italian Trade Balance;1.19B;0.93B;-0.63B;;1.16B;
2009.09.04 00:00:00;All;2;G20 Meetings (Day 1);;;;;;
2009.09.04 07:00:00;CAD;3;Employment Change;-44.5K;-12.4K;27.1K;;;
2009.09.04 07:00:00;CAD;3;Unemployment Rate;8.6%;8.7%;8.7%;;;
2009.09.04 08:30:00;USD;3;Non-Farm Employment Change;-247K;-223K;-216K;;-276K;
2009.09.04 08:30:00;USD;3;Unemployment Rate;9.4%;9.5%;9.7%;;;
2009.09.04 08:30:00;USD;2;Average Hourly Earnings m/m;0.2%;0.1%;0.3%;;0.3%;
2009.09.04 10:00:00;CAD;3;Ivey PMI;51.8;54.3;55.7;;;
2009.09.05 00:00:00;All;2;G20 Meetings (Day 2);;;;;;
2009.09.05 11:30:00;USD;3;Treasury Sec Geithner Speaks;;;;;;
2009.09.06 19:30:00;AUD;1;AIG Construction Index;39.5;;42.4;;;
2009.09.06 21:30:00;AUD;2;ANZ Job Advertisements m/m;-1.7%;;4.1%;;;
2009.09.07 04:30:00;EUR;1;Sentix Investor Confidence;-17.0;-13.5;-14.6;;;
2009.09.07 06:00:00;EUR;2;German Factory Orders m/m;4.5%;2.0%;3.5%;;3.8%;
2009.09.07 00:00:00;CAD;0;Bank Holiday (All Day);;;;;;
2009.09.07 00:00:00;USD;0;Bank Holiday (All Day);;;;;;
2009.09.07 19:01:00;GBP;2;BRC Retail Sales Monitor y/y;1.8%;;-0.1%;;;
2009.09.07 19:50:00;JPY;1;Bank Lending y/y;2.1%;;1.8%;;;
2009.09.07 19:50:00;JPY;1;Current Account;1.80T;1.41T;1.16T;;;
2009.09.07 19:50:00;JPY;1;M2 Money Stock y/y;2.7%;2.7%;2.8%;;;
2009.09.07 21:30:00;AUD;2;NAB Business Confidence;10;;18;;;
2009.09.08 01:00:00;JPY;1;Economy Watchers Sentiment;42.4;43.1;41.7;;;
2009.09.08 01:45:00;CHF;1;Unemployment Rate;3.9%;4.1%;4.0%;;;
2009.09.08 02:00:00;EUR;1;German Trade Balance;11.0B;11.2B;12.4B;;10.9B;
2009.09.08 04:30:00;GBP;3;Manufacturing Production m/m;0.4%;0.3%;0.9%;;0.6%;
2009.09.08 04:30:00;GBP;1;Industrial Production m/m;0.5%;0.3%;0.5%;;0.6%;
2009.09.08 05:39:00;GBP;1;10-y Bond Auction;3.93|1.9;;3.78|2.2;;;
2009.09.08 06:00:00;EUR;2;German Industrial Production m/m;-0.1%;1.6%;-0.9%;;0.8%;
2009.09.08 07:30:00;USD;1;NFIB Small Business Index;86.5;;88.6;;;
2009.09.08 08:30:00;CAD;3;Building Permits m/m;1.0%;0.5%;-11.4%;;1.2%;
2009.09.08 10:00:00;GBP;2;NIESR GDP Estimate;-0.4%;;0.2%;;-0.3%;
2009.09.08 10:45:00;EUR;2;German Buba President Weber Speaks;;;;;;
2009.09.08 15:00:00;USD;1;Consumer Credit m/m;-10.3B;-3.8B;-21.6B;;-15.5B;
2009.09.08 19:01:00;GBP;2;Nationwide Consumer Confidence;60;62;63;;61;
2009.09.08 19:01:00;GBP;1;BRC Shop Price Index y/y;0.5%;;-0.1%;;;
2009.09.08 21:00:00;AUD;2;Westpac Consumer Sentiment;3.7%;;5.2%;;;
2009.09.08 21:30:00;AUD;3;Home Loans m/m;1.1%;-1.5%;-2.0%;;0.4%;
2009.09.08 21:30:00;AUD;3;Retail Sales m/m;-1.4%;0.6%;-1.0%;;-0.8%;
2009.09.09 01:00:00;JPY;1;Leading Indicators;79.8%;81.9%;83.0%;;80.9%;
2009.09.09 02:00:00;EUR;1;German Final CPI m/m;0.2%;0.2%;0.2%;;;
2009.09.09 02:03:00;JPY;1;Prelim Machine Tool Orders y/y;-72.2%;;-71.3%;;-72.3%;
2009.09.09 00:00:00;All;1;OPEC Meetings (All Day);;;;;;
2009.09.09 04:30:00;GBP;2;Goods Trade Balance;-6.5B;-6.3B;-6.5B;;;
2009.09.09 08:00:00;USD;2;FOMC Member Evans Speaks;;;;;;
2009.09.09 08:15:00;CAD;3;Housing Starts;132K;138K;150K;;134K;
2009.09.09 10:00:00;USD;1;JOLTS Job Openings;2.56M;;2.39M;;2.51M;
2009.09.09 13:00:00;USD;2;10-y Bond Auction;3.73|2.5;;3.51|2.8;;;
2009.09.09 14:00:00;USD;2;Beige Book;;;;;;
2009.09.09 17:00:00;NZD;3;Official Cash Rate;2.50%;2.50%;2.50%;;;
2009.09.09 17:00:00;NZD;3;RBNZ Press Conference;;;;;;
2009.09.09 17:00:00;NZD;3;RBNZ Rate Statement;;;;;;
2009.09.09 17:00:00;NZD;2;RBNZ Monetary Policy Statement;;;;;;
2009.09.09 18:45:00;NZD;1;Overseas Trade Index q/q;-3.0%;-2.9%;-9.0%;;-2.7%;
2009.09.09 19:50:00;JPY;2;Core Machinery Orders m/m;9.7%;-3.2%;-9.3%;;;
2009.09.09 19:50:00;JPY;1;PPI y/y;-8.5%;-8.3%;-8.5%;;;
2009.09.09 21:00:00;AUD;2;MI Inflation Expectations;3.5%;;3.5%;;;
2009.09.09 21:30:00;AUD;3;Employment Change;32.2K;-14.3K;-27.1K;;33.6K;
2009.09.09 21:30:00;AUD;3;Unemployment Rate;5.8%;5.9%;5.8%;;;
2009.09.10 02:45:00;EUR;2;French Industrial Production m/m;0.3%;0.6%;0.1%;;0.2%;
2009.09.10 02:45:00;EUR;1;French Final Private Payrolls q/q;-0.5%;-0.5%;-0.7%;;;
2009.09.10 02:45:00;EUR;1;French Trade Balance;-4.0B;-3.9B;-1.3B;;-3.5B;
2009.09.10 04:00:00;EUR;2;ECB Monthly Bulletin;;;;;;
2009.09.10 04:00:00;GBP;3;Halifax HPI m/m;1.1%;1.0%;0.8%;;1.2%;
2009.09.10 04:30:00;EUR;2;German Buba President Weber Speaks;;;;;;
2009.09.10 05:00:00;GBP;1;CB Leading Index m/m;1.0%;;0.7%;;;
2009.09.10 07:00:00;GBP;3;Asset Purchase Facility;175B;175B;175B;;;
2009.09.10 07:00:00;GBP;3;MPC Rate Statement;;;;;;
2009.09.10 07:00:00;GBP;3;Official Bank Rate;0.50%;0.50%;0.50%;;;
2009.09.10 08:15:00;EUR;1;German Buba President Weber Speaks;;;;;;
2009.09.10 08:30:00;CAD;3;Trade Balance;-0.1B;-0.1B;-1.4B;;0.0B;
2009.09.10 08:30:00;USD;3;Trade Balance;-27.0B;-27.1B;-32.0B;;-27.5B;
2009.09.10 08:30:00;USD;3;Unemployment Claims;570K;560K;550K;;576K;
2009.09.10 09:00:00;CAD;3;BOC Rate Statement;;;;;;
2009.09.10 09:00:00;CAD;3;Overnight Rate;0.25%;0.25%;0.25%;;;
2009.09.10 10:30:00;USD;1;Natural Gas Storage;65B;77B;69B;;;
2009.09.10 11:00:00;USD;2;Crude Oil Inventories;-0.4M;-1.5M;-5.9M;;;
2009.09.10 12:30:00;USD;2;FOMC Member Lockhart Speaks;;;;;;
2009.09.10 13:00:00;USD;2;Treasury Sec Geithner Speaks;;;;;;
2009.09.10 13:00:00;USD;1;30-y Bond Auction;4.54|2.5;;4.24|2.9;;;
2009.09.10 16:15:00;USD;2;FOMC Member Kohn Speaks;;;;;;
2009.09.10 18:48:00;NZD;1;FPI m/m;0.6%;;-0.9%;;;
2009.09.10 19:50:00;JPY;2;Final GDP q/q;0.9%;0.9%;0.6%;;;
2009.09.10 19:50:00;JPY;1;Final GDP Price Index y/y;0.5%;0.5%;0.5%;;;
2009.09.10 22:00:00;CNY;3;Industrial Production y/y;10.8%;11.9%;12.3%;;;
2009.09.10 22:00:00;CNY;2;CPI y/y;-1.8%;-1.3%;-1.2%;;;
2009.09.10 22:00:00;CNY;2;Fixed Asset Investment ytd/y;32.9%;32.7%;33.0%;;;
2009.09.10 22:00:00;CNY;2;NBS Press Conference;;;;;;
2009.09.10 22:00:00;CNY;2;PPI y/y;-8.2%;-7.8%;-7.9%;;;
2009.09.10 22:00:00;CNY;1;Retail Sales y/y;15.2%;15.3%;15.4%;;;
2009.09.10 22:10:00;CNY;2;New Loans;356B;;410B;;;
2009.09.10 22:10:00;CNY;1;M2 Money Supply y/y;28.4%;28.4%;28.5%;;;
2009.09.10 23:27:00;CNY;3;USD-Denominated Trade Balance;10.6B;13.9B;15.7B;;;
2009.09.11 01:00:00;JPY;1;Consumer Confidence;39.4;41.1;40.1;;;
2009.09.11 02:00:00;EUR;1;German WPI m/m;-0.5%;0.3%;0.7%;;;
2009.09.11 04:00:00;EUR;1;Italian Industrial Production m/m;-1.2%;0.4%;1.0%;;-0.6%;
2009.09.11 04:30:00;GBP;3;PPI Input m/m;-1.4%;0.9%;2.2%;;-1.1%;
2009.09.11 04:30:00;GBP;1;PPI Output m/m;0.3%;0.3%;0.2%;;0.2%;
2009.09.11 08:30:00;CAD;2;NHPI m/m;-0.2%;-0.1%;0.3%;;;
2009.09.11 08:30:00;USD;2;Import Prices m/m;-0.7%;1.0%;2.0%;;;
2009.09.11 09:30:00;USD;1;FOMC Member Evans Speaks;;;;;;
2009.09.11 09:55:00;USD;2;Prelim UoM Consumer Sentiment;63.2;67.2;70.2;;65.7;
2009.09.11 09:55:00;USD;1;Prelim UoM Inflation Expectations;2.8%;;2.6%;;;
2009.09.11 10:00:00;USD;1;Final Wholesale Inventories m/m;-1.7%;-1.0%;-1.4%;;-2.1%;
2009.09.11 14:00:00;USD;2;Federal Budget Balance;-180.7B;-155.5B;-111.4B;;;
2009.09.11 16:45:00;USD;2;Treasury Sec Geithner Speaks;;;;;;
2009.09.13 18:45:00;NZD;3;Core Retail Sales m/m;-0.4%;0.5%;-0.5%;;-0.6%;
2009.09.13 18:45:00;NZD;2;Retail Sales m/m;0.1%;0.6%;-0.5%;;-0.1%;
2009.09.14 00:30:00;JPY;1;Revised Industrial Production m/m;1.9%;1.9%;2.1%;;;
2009.09.14 03:15:00;CHF;2;PPI m/m;0.0%;0.1%;0.1%;;;
2009.09.14 05:00:00;EUR;2;Industrial Production m/m;-0.6%;-0.3%;-0.3%;;-0.2%;
2009.09.14 05:00:00;EUR;1;Final Employment Change q/q;-0.8%;;-0.5%;;-0.7%;
2009.09.14 08:30:00;CAD;1;Capacity Utilization Rate;69.3%;65.8%;67.4%;;70.2%;
2009.09.14 08:35:00;USD;1;FOMC Member Duke Speaks;;;;;;
2009.09.14 12:10:00;USD;1;President Obama Speaks;;;;;;
2009.09.14 12:30:00;USD;2;FOMC Member Lacker Speaks;;;;;;
2009.09.14 15:50:00;USD;2;FOMC Member Yellen Speaks;;;;;;
2009.09.14 18:00:00;NZD;2;REINZ HPI m/m;1.0%;;1.2%;;;
2009.09.14 18:45:00;NZD;1;Manufacturing Sales q/q;-0.9%;;-4.8%;;-1.3%;
2009.09.14 19:01:00;GBP;2;RICS House Price Balance;-8%;-1%;11%;;-6%;
2009.09.14 21:30:00;AUD;3;Monetary Policy Meeting Minutes;;;;;;
2009.09.14 21:30:00;AUD;2;Housing Starts q/q;-4.0%;2.1%;-3.7%;;-2.1%;
2009.09.14 22:10:00;CNY;1;Foreign Direct Investment ytd/y;-20.3%;;-17.5%;;;
2009.09.15 02:45:00;EUR;1;French Final CPI m/m;-0.4%;0.4%;0.5%;;;
2009.09.15 03:15:00;CHF;2;Industrial Production q/q;-13.1%;7.8%;2.7%;;;
2009.09.15 04:30:00;GBP;3;CPI y/y;1.8%;1.4%;1.6%;;;
2009.09.15 04:30:00;GBP;2;RPI y/y;-1.4%;-1.5%;-1.3%;;;
2009.09.15 04:30:00;GBP;1;Core CPI y/y;1.8%;1.6%;1.8%;;;
2009.09.15 04:30:00;GBP;1;ONS HPI y/y;-10.7%;-9.5%;-8.3%;;;
2009.09.15 04:45:00;GBP;3;Monetary Policy Report Hearings;;;;;;
2009.09.15 05:00:00;EUR;3;German ZEW Economic Sentiment;56.1;59.9;57.7;;;
2009.09.15 05:00:00;EUR;2;ZEW Economic Sentiment;54.9;57.8;59.6;;;
2009.09.15 08:29:00;USD;2;Empire State Manufacturing Index;12.1;14.7;18.9;;;
2009.09.15 08:30:00;CAD;2;Labor Productivity q/q;0.3%;0.4%;0.0%;;0.0%;
2009.09.15 08:30:00;CAD;1;New Motor Vehicle Sales m/m;-0.6%;5.1%;5.3%;;-0.5%;
2009.09.15 08:30:00;USD;3;Core Retail Sales m/m;-0.6%;0.4%;1.1%;;-0.5%;
2009.09.15 08:30:00;USD;3;PPI m/m;-0.9%;0.9%;1.7%;;;
2009.09.15 08:30:00;USD;3;Retail Sales m/m;-0.1%;1.9%;2.7%;;-0.2%;
2009.09.15 08:30:00;USD;2;Core PPI m/m;-0.1%;0.1%;0.2%;;;
2009.09.15 09:30:00;CAD;2;Gov Council Member Murray Speaks;;;;;;
2009.09.15 10:00:00;USD;3;Fed Chairman Bernanke Speaks;;;;;;
2009.09.15 10:00:00;USD;2;Business Inventories m/m;-1.1%;-0.8%;-1.0%;;-1.4%;
2009.09.15 10:00:00;USD;1;RCM/TIPP Economic Optimism;50.3;52.1;52.5;;;
2009.09.15 21:00:00;AUD;2;MI Leading Index m/m;0.7%;;1.1%;;0.9%;
2009.09.16 03:15:00;CHF;3;Retail Sales y/y;0.9%;1.0%;1.0%;;;
2009.09.16 04:30:00;GBP;3;Claimant Count Change;24.9K;24.7K;24.4K;;25.2K;
2009.09.16 04:30:00;GBP;2;Average Earnings Index 3m/y;2.5%;2.1%;1.7%;;;
2009.09.16 04:30:00;GBP;1;Unemployment Rate;7.8%;8.0%;7.9%;;;
2009.09.16 05:00:00;CHF;2;Credit Suisse Economic Expectations;18.6;;58.0;;;
2009.09.16 05:00:00;EUR;2;Final Core CPI y/y;1.3%;1.2%;1.3%;;;
2009.09.16 05:00:00;EUR;2;Final CPI y/y;-0.2%;-0.2%;-0.2%;;;
2009.09.16 05:08:00;EUR;1;German 10-y Bond Auction;3.43|1.8;;3.28|1.6;;;
2009.09.16 08:30:00;CAD;2;Manufacturing Sales m/m;1.9%;2.4%;5.5%;;2.2%;
2009.09.16 08:30:00;USD;3;Core CPI m/m;0.1%;0.1%;0.1%;;;
2009.09.16 08:30:00;USD;3;CPI y/y;-2.1%;-1.7%;-1.5%;;;
2009.09.16 08:30:00;USD;2;CPI m/m;0.0%;0.3%;0.4%;;;
2009.09.16 08:30:00;USD;2;Current Account;-101B;-92B;-99B;;-105B;
2009.09.16 09:00:00;USD;3;TIC Long-Term Purchases;90.7B;65.3B;15.3B;;90.2B;
2009.09.16 09:15:00;USD;2;Capacity Utilization Rate;68.5%;69.1%;69.6%;;69.0%;
2009.09.16 09:15:00;USD;2;Industrial Production m/m;0.5%;0.7%;0.8%;;1.0%;
2009.09.16 10:30:00;USD;2;Crude Oil Inventories;-5.9M;-2.6M;-4.7M;;;
2009.09.16 13:00:00;USD;1;NAHB Housing Market Index;18;19;19;;;
2009.09.16 18:23:00;NZD;1;BusinessNZ Manufacturing Index;49.7;;48.7;;49.6;
2009.09.16 19:50:00;JPY;2;BSI Manufacturing Index;-13.2;-11.4;15.5;;;
2009.09.16 19:50:00;JPY;2;Tertiary Industry Activity m/m;0.1%;0.6%;0.6%;;0.2%;
2009.09.16 21:30:00;AUD;1;RBA Bulletin;;;;;;
2009.09.16 23:39:00;JPY;2;Monetary Policy Statement;;;;;;
2009.09.16 23:39:00;JPY;2;Overnight Call Rate;0.10%;0.10%;0.10%;;;
2009.09.17 02:10:00;AUD;1;RBA Annual Report;;;;;;
2009.09.17 03:27:00;JPY;3;BOJ Press Conference;;;;;;
2009.09.17 04:30:00;GBP;3;Retail Sales m/m;0.4%;0.2%;0.0%;;0.2%;
2009.09.17 04:30:00;GBP;2;Consumer Inflation Expectations;2.4%;;2.4%;;;
2009.09.17 04:41:00;EUR;1;Spanish 10-y Bond Auction;3.71|2.7;;3.87|1.8;;;
2009.09.17 05:00:00;EUR;1;Trade Balance;1.0B;1.2B;6.8B;;2.3B;
2009.09.17 06:00:00;GBP;2;CBI Industrial Order Expectations;-54;-49;-48;;;
2009.09.17 07:00:00;CAD;3;Core CPI m/m;0.0%;0.1%;0.1%;;;
2009.09.17 07:00:00;CAD;2;CPI m/m;-0.3%;0.2%;0.0%;;;
2009.09.17 08:00:00;CHF;3;Libor Rate;0.25%;0.25%;0.25%;;;
2009.09.17 08:00:00;CHF;3;SNB Monetary Policy Assessment;;;;;;
2009.09.17 08:30:00;CAD;2;Leading Index m/m;0.4%;0.5%;1.1%;;0.6%;
2009.09.17 08:30:00;USD;3;Building Permits;0.56M;0.58M;0.58M;;;
2009.09.17 08:30:00;USD;3;Unemployment Claims;550K;554K;545K;;557K;
2009.09.17 08:30:00;USD;2;Housing Starts;0.58M;0.60M;0.60M;;0.59M;
2009.09.17 10:00:00;USD;2;Philly Fed Manufacturing Index;4.2;8.1;14.1;;;
2009.09.17 10:30:00;USD;1;Natural Gas Storage;69B;74B;66B;;;
2009.09.18 01:00:00;JPY;2;BOJ Monthly Report;;;;;;
2009.09.18 02:00:00;EUR;2;German PPI m/m;-1.5%;0.1%;0.5%;;;
2009.09.18 04:00:00;EUR;2;Current Account;-5.3B;-4.3B;6.6B;;-4.3B;
2009.09.18 04:30:00;GBP;3;Public Sector Net Borrowing;8.0B;17.7B;16.1B;;;
2009.09.18 04:30:00;GBP;1;M4 Money Supply m/m;1.0%;0.7%;0.1%;;1.3%;
2009.09.18 08:30:00;CAD;2;Wholesale Sales m/m;0.6%;0.7%;2.8%;;0.8%;
2009.09.20 18:45:00;NZD;1;Visitor Arrivals m/m;3.9%;;-0.8%;;;
2009.09.20 19:01:00;GBP;2;Rightmove HPI m/m;-2.2%;;0.6%;;;
2009.09.20 19:01:00;GBP;1;BOE Quarterly Bulletin;;;;;;
2009.09.20 00:00:00;JPY;0;Bank Holiday (All Day);;;;;;
2009.09.20 21:30:00;AUD;1;New Motor Vehicle Sales m/m;-6.9%;;0.3%;;;
2009.09.20 23:00:00;NZD;1;Credit Card Spending y/y;-2.0%;;0.1%;;-1.9%;
2009.09.21 06:00:00;EUR;1;German Buba Monthly Report;;;;;;
2009.09.21 06:05:00;GBP;2;MPC Member Sentance Speaks;;;;;;
2009.09.21 08:30:00;CAD;2;Foreign Securities Purchases;10.51B;7.76B;0.35B;;;
2009.09.21 10:00:00;USD;1;CB Leading Index m/m;0.6%;0.8%;0.6%;;0.9%;
2009.09.21 18:45:00;NZD;3;Current Account;-1.25B;-1.88B;0.12B;;-0.68B;
2009.09.21 00:00:00;JPY;0;Bank Holiday (All Day);;;;;;
2009.09.22 01:45:00;CHF;2;SECO Economic Forecasts;;;;;;
2009.09.22 02:15:00;CHF;2;Trade Balance;2.35B;2.03B;1.79B;;2.21B;
2009.09.22 04:00:00;EUR;1;Italian Quarterly Unemployment Rate;7.3%;7.7%;7.4%;;;
2009.09.22 08:30:00;CAD;3;Core Retail Sales m/m;1.0%;0.1%;-0.8%;;1.1%;
2009.09.22 08:30:00;CAD;2;Retail Sales m/m;1.0%;0.8%;-0.6%;;;
2009.09.22 09:59:00;USD;1;Richmond Manufacturing Index;14;17;14;;;
2009.09.22 10:00:00;USD;1;HPI m/m;0.5%;0.5%;0.3%;;0.1%;
2009.09.22 18:45:00;NZD;3;GDP q/q;-1.0%;-0.2%;0.1%;;-0.8%;
2009.09.22 00:00:00;JPY;0;Bank Holiday (All Day);;;;;;
2009.09.23 00:00:00;EUR;1;French Consumer Spending m/m (Jul Data);1.4%;0.3%;-1.2%;;1.5%;
2009.09.23 02:45:00;EUR;2;French Consumer Spending m/m;-1.2%;0.2%;-1.0%;;;
2009.09.23 03:00:00;EUR;2;French Flash Manufacturing PMI;50.2;51.4;52.5;;50.8;
2009.09.23 03:00:00;EUR;2;French Flash Services PMI;48.9;50.1;52.2;;49.3;
2009.09.23 03:30:00;EUR;2;German Flash Manufacturing PMI;49.0;50.9;49.6;;49.2;
2009.09.23 03:30:00;EUR;2;German Flash Services PMI;54.1;54.0;52.2;;53.8;
2009.09.23 04:00:00;EUR;2;Flash Manufacturing PMI;47.9;49.8;49.0;;48.2;
2009.09.23 04:00:00;EUR;2;Flash Services PMI;49.5;50.5;50.6;;49.9;
2009.09.23 04:30:00;GBP;3;MPC Asset Purchase Facility Votes;9-0-0;0-0-9;0-0-9;;;
2009.09.23 04:30:00;GBP;3;MPC Official Bank Rate Votes;0-0-9;0-0-9;0-0-9;;;
2009.09.23 04:30:00;GBP;2;High Street Lending;38.2K;41.1K;38.1K;;;
2009.09.23 05:00:00;EUR;2;Industrial New Orders m/m;3.1%;2.1%;2.6%;;4.0%;
2009.09.23 07:35:00;CAD;2;Gov Council Member Longworth Speaks;;;;;;
2009.09.23 08:10:00;GBP;2;MPC Member Barker Speaks;;;;;;
2009.09.23 09:00:00;EUR;2;Belgian NBB Business Climate;-18.2;-16.2;-17.8;;;
2009.09.23 09:30:00;USD;2;Treasury Sec Geithner Speaks;;;;;;
2009.09.23 10:30:00;USD;2;Crude Oil Inventories;-4.7M;-1.4M;2.8M;;;
2009.09.23 14:15:00;USD;3;Federal Funds Rate;<0.25%;<0.25%;<0.25%;;;
2009.09.23 14:15:00;USD;3;FOMC Statement;;;;;;
2009.09.23 18:03:00;NZD;1;Westpac Consumer Sentiment;106.0;;120.3;;;
2009.09.23 19:50:00;JPY;2;Trade Balance;0.19T;0.18T;0.24T;;0.22T;
2009.09.23 21:03:00;AUD;2;HIA New Home Sales m/m;0.1%;;11.4%;;;
2009.09.23 21:30:00;AUD;2;RBA Financial Stability Review;;;;;;
2009.09.24 00:30:00;JPY;1;All Industries Activity m/m;0.1%;0.8%;0.5%;;0.2%;
2009.09.24 04:00:00;EUR;3;German ifo Business Climate;90.5;92.1;91.3;;;
2009.09.24 04:00:00;EUR;1;Italian Trade Balance;-0.63B;3.66B;4.11B;;-0.64B;
2009.09.24 08:15:00;GBP;2;MPC Member Dale Speaks;;;;;;
2009.09.24 08:30:00;USD;3;Unemployment Claims;545K;548K;530K;;551K;
2009.09.24 10:00:00;USD;3;Existing Home Sales;5.24M;5.36M;5.10M;;;
2009.09.24 00:00:00;All;2;G20 Meetings (Day 1);;;;;;
2009.09.24 10:30:00;USD;2;FOMC Member Evans Speaks;;;;;;
2009.09.24 10:30:00;USD;1;Natural Gas Storage;66B;73B;67B;;;
2009.09.24 18:45:00;NZD;2;Trade Balance;-163M;-295M;-725M;;-175M;
2009.09.24 19:50:00;JPY;2;Monetary Policy Meeting Minutes;;;;;;
2009.09.24 19:50:00;JPY;1;SPPI y/y;-3.4%;-3.5%;-3.5%;;;
2009.09.25 02:00:00;EUR;2;German GfK Consumer Climate;3.7;3.9;4.3;;3.8;
2009.09.25 03:15:00;CHF;2;Gov Board Member Jordan Speaks;;;;;;
2009.09.25 04:00:00;EUR;2;M3 Money Supply y/y;3.0%;2.7%;2.5%;;;
2009.09.25 04:00:00;EUR;1;Private Loans y/y;0.6%;0.3%;0.1%;;0.7%;
2009.09.25 04:00:00;EUR;1;Italian Retail Sales m/m;-0.4%;0.2%;-0.4%;;;
2009.09.25 04:30:00;GBP;1;Revised Business Investment q/q;-10.4%;-10.4%;-10.2%;;;
2009.09.25 08:30:00;USD;3;Core Durable Goods Orders m/m;0.8%;0.9%;0.0%;;0.9%;
2009.09.25 08:30:00;USD;2;Durable Goods Orders m/m;4.9%;0.3%;-2.4%;;4.8%;
2009.09.25 09:00:00;USD;2;Fed Chairman Bernanke Speaks;;;;;;
2009.09.25 09:55:00;USD;2;Revised UoM Consumer Sentiment;70.2;70.2;73.5;;;
2009.09.25 09:55:00;USD;1;Revised UoM Inflation Expectations;2.6%;;2.2%;;;
2009.09.25 10:00:00;USD;3;New Home Sales;433K;442K;429K;;426K;
2009.09.25 00:00:00;All;3;G20 Meetings (Day 2);;;;;;
2009.09.25 13:15:00;USD;2;FOMC Member Warsh Speaks;;;;;;
2009.09.25 19:45:00;CHF;2;Gov Board Member Hildebrand Speaks;;;;;;
2009.09.26 10:00:00;NZD;0;Daylight Saving Time Shift;;;;;;
2009.09.27 00:00:00;EUR;1;German Federal Elections (All Day);;;;;;
2009.09.27 19:15:00;AUD;3;RBA Gov Stevens Speaks;;;;;;
2009.09.28 00:00:00;EUR;2;German Prelim CPI m/m (All Day);0.2%;-0.2%;-0.4%;;;
2009.09.28 07:00:00;GBP;1;Chancellor Darling Speaks;;;;;;
2009.09.28 10:30:00;EUR;3;ECB President Trichet Speaks;;;;;;
2009.09.28 15:55:00;CAD;2;BOC Gov Carney Speaks;;;;;;
2009.09.28 17:45:00;NZD;3;Building Consents m/m;5.0%;;1.7%;;4.5%;
2009.09.28 19:30:00;JPY;2;Tokyo Core CPI y/y;-1.9%;-2.0%;-2.1%;;;
2009.09.28 19:30:00;JPY;1;National Core CPI y/y;-2.2%;-2.3%;-2.4%;;;
2009.09.29 02:00:00;CHF;2;UBS Consumption Indicator;0.77;;0.66;;0.75;
2009.09.29 02:00:00;EUR;1;German Import Prices m/m;-0.9%;0.7%;1.3%;;;
2009.09.29 04:00:00;EUR;1;Retail PMI;47.1;;48.6;;;
2009.09.29 04:30:00;GBP;3;Current Account;-8.5B;-7.7B;-11.4B;;-4.1B;
2009.09.29 04:30:00;GBP;2;Final GDP q/q;-0.7%;-0.6%;-0.6%;;;
2009.09.29 04:30:00;GBP;2;Net Lending to Individuals m/m;-0.6B;0.3B;0.7B;;-0.5B;
2009.09.29 04:30:00;GBP;1;Mortgage Approvals;50K;51K;52K;;52K;
2009.09.29 05:00:00;EUR;1;Consumer Confidence;-22;-21;-19;;;
2009.09.29 05:31:00;EUR;1;Italian 10-y Bond Auction;4.03|1.4;;4.06|1.4;;;
2009.09.29 06:00:00;GBP;3;CBI Realized Sales;-16;-15;3;;;
2009.09.29 09:00:00;USD;2;S&P/CS Composite-20 HPI y/y;-15.4%;-14.3%;-13.3%;;;
2009.09.29 10:00:00;USD;3;CB Consumer Confidence;54.1;57.0;53.1;;54.5;
2009.09.29 19:01:00;GBP;2;GfK Consumer Confidence;-25;-24;-16;;;
2009.09.29 19:15:00;JPY;1;Final Manufacturing PMI;53.6;;54.5;;;
2009.09.29 19:50:00;JPY;2;Prelim Industrial Production m/m;1.9%;1.9%;1.8%;;2.1%;
2009.09.29 20:00:00;AUD;2;CB Leading Index m/m;0.9%;;0.7%;;0.6%;
2009.09.29 21:30:00;AUD;3;Building Approvals m/m;7.7%;2.7%;-0.1%;;6.6%;
2009.09.29 21:30:00;AUD;3;Retail Sales m/m;-1.0%;0.6%;0.9%;;-0.9%;
2009.09.29 21:30:00;AUD;2;Private Sector Credit m/m;0.2%;0.2%;0.1%;;;
2009.09.29 21:30:00;JPY;2;Average Cash Earnings y/y;-4.8%;-3.9%;-3.1%;;-5.6%;
2009.09.29 22:00:00;NZD;3;ANZ Business Confidence;34.2;;49.1;;;
2009.09.29 22:30:00;CNY;2;Caixin Manufacturing PMI;55.1;;55.0;;;
2009.09.30 01:00:00;JPY;1;Housing Starts y/y;-32.1%;-31.6%;-38.3%;;;
2009.09.30 03:45:00;EUR;2;German Buba President Weber Speaks;;;;;;
2009.09.30 03:55:00;EUR;2;German Unemployment Change;-1K;19K;-12K;;-5K;
2009.09.30 04:30:00;GBP;1;Index of Services 3m/3m;-0.6%;-0.5%;-0.2%;;;
2009.09.30 05:00:00;CHF;1;SNB Quarterly Bulletin;;;;;;
2009.09.30 05:00:00;EUR;2;CPI Flash Estimate y/y;-0.2%;-0.2%;-0.3%;;;
2009.09.30 05:00:00;EUR;1;Italian Prelim CPI m/m;0.4%;0.0%;-0.2%;;0.3%;
2009.09.30 05:00:00;GBP;2;MPC Member Miles Speaks;;;;;;
2009.09.30 05:30:00;CHF;3;KOF Economic Barometer;-0.04;0.33;0.85;;;
2009.09.30 08:15:00;USD;3;ADP Non-Farm Employment Change;-298K;-200K;-254K;;-277K;
2009.09.30 08:30:00;CAD;3;GDP m/m;0.1%;0.4%;0.0%;;;
2009.09.30 08:30:00;CAD;2;RMPI m/m;-3.8%;2.9%;3.7%;;-3.9%;
2009.09.30 08:30:00;CAD;1;IPPI m/m;-0.5%;0.5%;0.5%;;-0.6%;
2009.09.30 08:30:00;USD;2;Final GDP q/q;-1.0%;-1.2%;-0.7%;;;
2009.09.30 08:30:00;USD;1;Final GDP Price Index q/q;0.0%;0.0%;0.0%;;;
2009.09.30 09:45:00;USD;2;Chicago PMI;50.0;52.1;46.1;;;
2009.09.30 10:30:00;USD;2;Crude Oil Inventories;2.8M;0.5M;2.8M;;;
2009.09.30 10:30:00;USD;2;FOMC Member Lockhart Speaks;;;;;;
2009.09.30 12:35:00;USD;2;FOMC Member Kohn Speaks;;;;;;
2009.09.30 13:45:00;EUR;2;ECB President Trichet Speaks;;;;;;
2009.09.30 14:30:00;USD;1;FOMC Member Tarullo Speaks;;;;;;
2009.09.30 19:30:00;AUD;1;AIG Manufacturing Index;51.7;;52.0;;;
2009.09.30 19:50:00;JPY;3;Tankan Manufacturing Index;-48;-32;-33;;;
2009.09.30 19:50:00;JPY;2;Retail Sales y/y;-2.5%;-2.4%;-1.8%;;-2.4%;
2009.09.30 19:50:00;JPY;2;Tankan Non-Manufacturing Index;-29;-25;-24;;;
2009.09.30 00:00:00;CNY;0;Bank Holiday (All Day);;;;;;
2009.09.30 20:58:00;CNY;3;Manufacturing PMI;54.0;;54.3;;;
