2009.01.01 00:00:00;CHF;0;Bank Holiday (All Day);;;;;;
2009.01.01 00:00:00;EUR;0;German Bank Holiday (All Day);;;;;;
2009.01.01 00:00:00;EUR;0;French Bank Holiday (All Day);;;;;;
2009.01.01 00:00:00;EUR;0;Italian Bank Holiday (All Day);;;;;;
2009.01.01 00:00:00;GBP;0;Bank Holiday (All Day);;;;;;
2009.01.01 00:00:00;CAD;0;Bank Holiday (All Day);;;;;;
2009.01.01 00:00:00;USD;0;Bank Holiday (All Day);;;;;;
2009.01.01 00:00:00;NZD;0;Bank Holiday (All Day);;;;;;
2009.01.01 17:30:00;AUD;1;AIG Manufacturing Index;32.7;;33.7;;;
2009.01.01 00:00:00;CNY;0;Bank Holiday (All Day);;;;;;
2009.01.01 00:00:00;JPY;0;Bank Holiday (All Day);;;;;;
2009.01.01 21:30:00;CNY;2;Caixin Manufacturing PMI;40.9;;41.2;;;
2009.01.02 00:30:00;AUD;2;Commodity Prices y/y;35.0%;;34.3%;;37.1%;
2009.01.02 00:00:00;CHF;0;Bank Holiday (All Day);;;;;;
2009.01.02 03:15:00;EUR;1;Spanish Manufacturing PMI;29.4;;28.5;;;
2009.01.02 03:45:00;EUR;1;Italian Manufacturing PMI;34.9;33.9;35.5;;;
2009.01.02 03:50:00;EUR;1;French Final Manufacturing PMI;35.9;35.8;34.9;;;
2009.01.02 03:55:00;EUR;1;German Final Manufacturing PMI;33.5;33.4;32.7;;;
2009.01.02 04:00:00;EUR;2;Final Manufacturing PMI;34.5;34.5;33.9;;;
2009.01.02 04:30:00;GBP;3;Final Manufacturing PMI;34.4;33.5;34.9;;34.5;
2009.01.02 04:30:00;GBP;2;BOE Credit Conditions Survey;;;;;;
2009.01.02 04:30:00;GBP;2;Net Lending to Individuals m/m;1.3B;1.1B;1.5B;;1.2B;
2009.01.02 04:30:00;GBP;1;Mortgage Approvals;32K;33K;27K;;31K;
2009.01.02 05:00:00;GBP;3;Halifax HPI m/m;-2.6%;-1.6%;-2.2%;;-2.7%;
2009.01.02 10:00:00;USD;3;ISM Manufacturing PMI;36.2;35.5;32.4;;;
2009.01.02 10:00:00;USD;1;ISM Manufacturing Prices;25.5;20.5;18.0;;;
2009.01.02 20:00:00;CNY;1;Non-Manufacturing PMI;45.4;;48.9;;;
2009.01.03 17:30:00;USD;2;FOMC Member Evans Speaks;;;;;;
2009.01.03 17:30:00;USD;2;FOMC Member Kroszner Speaks;;;;;;
2009.01.03 20:00:00;CNY;3;Manufacturing PMI;38.8;;41.2;;;
2009.01.04 13:15:00;USD;2;FOMC Member Yellen Speaks;;;;;;
2009.01.04 17:30:00;USD;2;FOMC Member Yellen Speaks;;;;;;
2009.01.05 03:30:00;CHF;2;Manufacturing PMI;35.2;34.8;36.9;;;
2009.01.05 04:30:00;EUR;1;Sentix Investor Confidence;-42.3;-44.0;-34.4;;;
2009.01.05 04:30:00;GBP;2;Construction PMI;31.8;30.5;29.3;;;
2009.01.05 05:00:00;EUR;1;Italian Prelim CPI m/m;-0.4%;-0.2%;-0.1%;;;
2009.01.05 10:00:00;USD;1;Construction Spending m/m;-1.2%;-1.3%;-0.6%;;-0.4%;
2009.01.05 00:00:00;USD;1;Total Vehicle Sales (All Day);10.2M;10.0M;10.3M;;;
2009.01.05 13:15:00;USD;2;FOMC Member Yellen Speaks;;;;;;
2009.01.05 17:30:00;AUD;1;AIG Services Index;37.8;;39.3;;;
2009.01.05 18:50:00;JPY;1;Monetary Base y/y;1.9%;1.8%;1.8%;;;
2009.01.05 19:01:00;GBP;2;Nationwide Consumer Confidence;50;47;47;;51;
2009.01.06 02:00:00;GBP;3;Nationwide HPI m/m;-0.4%;-1.5%;-2.5%;;;
2009.01.06 00:00:00;EUR;0;Italian Bank Holiday (All Day);;;;;;
2009.01.06 03:15:00;EUR;1;Spanish Services PMI;28.2;;32.1;;;
2009.01.06 03:45:00;EUR;1;Italian Services PMI;39.5;39.2;40.3;;;
2009.01.06 03:50:00;EUR;1;French Final Services PMI;41.6;41.6;40.6;;;
2009.01.06 03:55:00;EUR;1;German Final Services PMI;46.4;46.4;46.6;;;
2009.01.06 04:00:00;EUR;2;Final Services PMI;42.0;42.0;42.1;;;
2009.01.06 04:30:00;GBP;3;Final Services PMI;40.1;39.0;40.2;;;
2009.01.06 05:00:00;EUR;2;CPI Flash Estimate y/y;2.1%;1.8%;1.6%;;;
2009.01.06 08:30:00;CAD;2;RMPI m/m;-12.5%;-9.0%;-13.4%;;-12.9%;
2009.01.06 08:30:00;CAD;1;IPPI m/m;0.0%;-0.9%;-2.6%;;-0.1%;
2009.01.06 08:30:00;NZD;1;GDT Price Index;-13.8%;;-8.6%;;;
2009.01.06 10:00:00;USD;3;ISM Services PMI;37.3;36.9;40.6;;;
2009.01.06 10:00:00;USD;3;Pending Home Sales m/m;-0.7%;-0.9%;-4.0%;;-4.2%;
2009.01.06 10:00:00;USD;2;Factory Orders m/m;-5.1%;-2.5%;-4.6%;;-6.0%;
2009.01.06 14:00:00;USD;3;FOMC Meeting Minutes;;;;;;
2009.01.06 16:45:00;NZD;3;Trade Balance;-942M;-838M;-520M;;-996M;
2009.01.06 19:06:00;AUD;2;HIA New Home Sales m/m;4.5%;;-1.1%;;;
2009.01.06 19:30:00;AUD;3;Retail Sales m/m;0.7%;-0.3%;0.4%;;1.0%;
2009.01.06 20:29:00;NZD;1;ANZ Commodity Prices m/m;-7.2%;;-7.4%;;-7.4%;
2009.01.07 03:00:00;CHF;1;Foreign Currency Reserves;48B;;47B;;;
2009.01.07 03:55:00;EUR;2;German Unemployment Change;-10K;10K;18K;;-4K;
2009.01.07 05:00:00;EUR;1;PPI m/m;-0.8%;-1.1%;-1.9%;;;
2009.01.07 05:07:00;EUR;1;German 10-y Bond Auction;3.74|1.3;;3.12|1.3;;;
2009.01.07 05:30:00;GBP;1;BRC Shop Price Index y/y;2.7%;;0.5%;;;
2009.01.07 05:38:00;GBP;1;30-y Bond Auction;;;3.98|1.7;;;
2009.01.07 07:30:00;USD;1;Challenger Job Cuts y/y;148.4%;;274.5%;;;
2009.01.07 08:15:00;USD;3;ADP Non-Farm Employment Change;-250K;-495K;-693K;;-476K;
2009.01.07 08:30:00;USD;3;Fed Announcement;;;;;;
2009.01.07 10:30:00;USD;2;Crude Oil Inventories;0.5M;0.7M;6.7M;;;
2009.01.07 12:00:00;USD;1;Treasury Sec Paulson Speaks;;;;;;
2009.01.07 17:30:00;AUD;1;AIG Construction Index;32.0;;30.9;;;
2009.01.07 19:30:00;AUD;3;Building Approvals m/m;-5.4%;-1.4%;-12.8%;;-3.1%;
2009.01.07 19:30:00;AUD;3;Goods Trade Balance;2.95B;2.05B;1.45B;;2.96B;
2009.01.07 20:00:00;JPY;2;BOJ Gov Shirakawa Speaks;;;;;;
2009.01.07 22:45:00;JPY;1;10-y Bond Auction;1.38|2.9;;1.28|2.3;;;
2009.01.08 01:45:00;CHF;1;Unemployment Rate;2.7%;2.8%;2.8%;;;
2009.01.08 02:00:00;EUR;1;German Trade Balance;15.8B;14.0B;10.7B;;;
2009.01.08 03:00:00;EUR;1;Spanish Unemployment Change;171.2K;;139.7K;;;
2009.01.08 03:15:00;CHF;2;CPI m/m;-0.7%;-0.4%;-0.5%;;;
2009.01.08 05:00:00;EUR;1;Consumer Confidence;-25;-26;-30;;;
2009.01.08 05:00:00;EUR;1;Final GDP q/q;-0.2%;-0.2%;-0.2%;;;
2009.01.08 05:00:00;EUR;1;Unemployment Rate;7.7%;7.8%;7.8%;;;
2009.01.08 05:03:00;EUR;1;French 10-y Bond Auction;4.28|3.1;;3.67|1.6;;;
2009.01.08 06:00:00;EUR;2;German Factory Orders m/m;-6.1%;-1.8%;-6.0%;;-6.3%;
2009.01.08 07:00:00;GBP;3;MPC Rate Statement;;;;;;
2009.01.08 07:00:00;GBP;3;Official Bank Rate;2.00%;1.50%;1.50%;;;
2009.01.08 08:30:00;USD;3;Unemployment Claims;492K;545K;467K;;491K;
2009.01.08 10:00:00;CAD;3;Ivey PMI;40.2;37.5;39.1;;;
2009.01.08 10:30:00;USD;1;Natural Gas Storage;-143B;-78B;-47B;;;
2009.01.08 11:00:00;USD;2;President Obama Speaks;;;;;;
2009.01.08 12:50:00;CAD;2;Gov Council Member Duguay Speaks;;;;;;
2009.01.08 13:00:00;USD;2;10-y Bond Auction;2.67|2.4;;2.42|2.6;;;
2009.01.08 13:30:00;USD;1;Assist Treasury Sec Kashkari Speaks;;;;;;
2009.01.08 14:00:00;EUR;2;ECB President Trichet Speaks;;;;;;
2009.01.08 15:00:00;USD;1;Consumer Credit m/m;-3.5B;0.0B;-7.9B;;-2.8B;
2009.01.09 00:00:00;JPY;1;Leading Indicators;85.0%;81.4%;81.5%;;85.2%;
2009.01.09 02:00:00;EUR;2;German Retail Sales m/m;-1.6%;0.4%;0.7%;;-2.2%;
2009.01.09 02:45:00;EUR;2;French Industrial Production m/m;-2.7%;-0.7%;-2.4%;;-3.7%;
2009.01.09 02:45:00;EUR;1;French Trade Balance;-7.1B;-6.2B;-6.2B;;-7.0B;
2009.01.09 03:00:00;EUR;2;ECB President Trichet Speaks;;;;;;
2009.01.09 04:30:00;GBP;3;Manufacturing Production m/m;-1.4%;-0.5%;-2.9%;;;
2009.01.09 04:30:00;GBP;3;PPI Input m/m;-3.3%;-2.0%;-2.0%;;-3.0%;
2009.01.09 04:30:00;GBP;1;Industrial Production m/m;-1.7%;-0.5%;-2.3%;;-1.6%;
2009.01.09 04:30:00;GBP;1;PPI Output m/m;-0.7%;-0.7%;0.0%;;-0.8%;
2009.01.09 05:00:00;EUR;2;Retail Sales m/m;-0.8%;0.1%;0.6%;;-1.0%;
2009.01.09 06:00:00;EUR;2;German Industrial Production m/m;-2.1%;-2.0%;-3.1%;;-1.8%;
2009.01.09 07:00:00;CAD;3;Employment Change;-70.6K;-21.0K;-34.4K;;;
2009.01.09 07:00:00;CAD;3;Unemployment Rate;6.3%;6.5%;6.6%;;;
2009.01.09 08:15:00;CAD;3;Housing Starts;172K;170K;177K;;178K;
2009.01.09 08:30:00;CAD;3;Building Permits m/m;-15.7%;-4.5%;-11.8%;;-15.5%;
2009.01.09 08:30:00;USD;3;Non-Farm Employment Change;-533K;-520K;-524K;;-584K;
2009.01.09 08:30:00;USD;3;Unemployment Rate;6.7%;7.0%;7.2%;;;
2009.01.09 08:30:00;USD;2;Average Hourly Earnings m/m;0.4%;0.2%;0.3%;;;
2009.01.09 10:00:00;USD;1;Final Wholesale Inventories m/m;-1.1%;-0.8%;-0.6%;;-1.2%;
2009.01.09 12:30:00;USD;2;FOMC Member Lacker Speaks;;;;;;
2009.01.09 19:01:00;GBP;1;NIESR GDP Estimate;-1.0%;;-1.5%;;-1.1%;
2009.01.11 00:00:00;JPY;0;Bank Holiday (All Day);;;;;;
2009.01.11 19:30:00;AUD;2;ANZ Job Advertisements m/m;-8.6%;;-9.7%;;;
2009.01.12 02:00:00;EUR;2;ECB President Trichet Speaks;;;;;;
2009.01.12 08:30:00;CAD;1;NHPI m/m;-0.4%;-0.3%;-0.3%;;;
2009.01.12 09:15:00;USD;1;President Bush Speaks;;;;;;
2009.01.12 10:30:00;CAD;3;BOC Business Outlook Survey;;;;;;
2009.01.12 12:40:00;USD;2;FOMC Member Lockhart Speaks;;;;;;
2009.01.12 16:00:00;NZD;3;NZIER Business Confidence;-19;;-64;;;
2009.01.12 18:50:00;JPY;1;Bank Lending y/y;3.2%;;3.7%;;;
2009.01.12 18:50:00;JPY;1;Current Account;1.11T;0.62T;0.65T;;;
2009.01.12 18:50:00;JPY;1;M2 Money Stock y/y;1.7%;1.7%;1.8%;;1.8%;
2009.01.12 19:01:00;GBP;2;BRC Retail Sales Monitor y/y;-2.6%;;-3.3%;;;
2009.01.12 19:01:00;GBP;2;RICS House Price Balance;-77%;-74%;-74%;;-76%;
2009.01.12 21:00:00;CNY;2;New Loans;477B;;772B;;;
2009.01.12 21:00:00;CNY;1;M2 Money Supply y/y;14.8%;15.0%;17.8%;;;
2009.01.12 23:00:00;CNY;3;USD-Denominated Trade Balance;40.1B;34.0B;39.0B;;;
2009.01.13 00:00:00;JPY;1;Economy Watchers Sentiment;21.0;20.4;15.9;;;
2009.01.13 02:00:00;EUR;1;German WPI m/m;-3.3%;-1.7%;-3.0%;;;
2009.01.13 02:45:00;EUR;1;French Gov Budget Balance;-60.7B;;-66.6B;;;
2009.01.13 04:00:00;EUR;2;ECB President Trichet Speaks;;;;;;
2009.01.13 04:30:00;GBP;2;Goods Trade Balance;-7.8B;-7.6B;-8.3B;;-7.6B;
2009.01.13 04:33:00;GBP;1;ONS HPI y/y;-7.4%;-8.5%;-8.6%;;;
2009.01.13 05:00:00;GBP;1;CB Leading Index m/m;-1.7%;;-1.0%;;-1.8%;
2009.01.13 05:48:00;GBP;1;10-y Bond Auction;4.14|1.6;;3.40|2.4;;;
2009.01.13 07:30:00;USD;1;NFIB Small Business Index;87.8;;85.2;;;
2009.01.13 08:00:00;USD;3;Fed Chairman Bernanke Speaks;;;;;;
2009.01.13 08:30:00;CAD;3;Trade Balance;3.8B;3.2B;1.3B;;2.3B;
2009.01.13 08:30:00;USD;3;Trade Balance;-57.2B;-51.4B;-40.4B;;-56.7B;
2009.01.13 09:30:00;USD;1;Assist Treasury Sec Kashkari Speaks;;;;;;
2009.01.13 10:00:00;USD;1;JOLTS Job Openings;3.05M;;2.79M;;3.00M;
2009.01.13 10:00:00;USD;1;RCM/TIPP Economic Optimism;45.0;43.5;45.4;;;
2009.01.13 14:00:00;USD;2;Federal Budget Balance;-164.4B;-82.0B;-83.6B;;;
2009.01.13 14:00:00;USD;2;FOMC Member Kohn Speaks;;;;;;
2009.01.13 16:45:00;NZD;3;Building Consents m/m;-21.9%;;4.3%;;-19.7%;
2009.01.13 17:00:00;USD;2;FOMC Member Lacker Speaks;;;;;;
2009.01.13 19:30:00;AUD;3;Home Loans m/m;1.3%;1.0%;1.3%;;1.4%;
2009.01.14 01:00:00;JPY;1;Prelim Machine Tool Orders y/y;-62.2%;;-71.9%;;-62.1%;
2009.01.14 02:45:00;EUR;1;French Final CPI m/m;-0.5%;-0.3%;-0.2%;;;
2009.01.14 04:00:00;EUR;1;Italian Industrial Production m/m;-1.2%;-1.3%;-2.3%;;-2.0%;
2009.01.14 05:00:00;EUR;2;Industrial Production m/m;-1.2%;-2.1%;-1.6%;;-1.6%;
2009.01.14 08:30:00;USD;3;Core Retail Sales m/m;-1.6%;-1.3%;-3.1%;;-2.5%;
2009.01.14 08:30:00;USD;3;Retail Sales m/m;-1.8%;-1.2%;-2.7%;;-2.1%;
2009.01.14 08:30:00;USD;2;Import Prices m/m;-6.7%;-5.4%;-4.2%;;-7.0%;
2009.01.14 10:00:00;USD;2;Business Inventories m/m;-0.6%;-0.5%;-0.7%;;;
2009.01.14 10:30:00;USD;2;Crude Oil Inventories;6.7M;2.1M;1.2M;;;
2009.01.14 14:00:00;USD;2;Beige Book;;;;;;
2009.01.14 18:50:00;JPY;2;Core Machinery Orders m/m;-4.4%;-8.2%;-16.2%;;;
2009.01.14 18:50:00;JPY;1;PPI y/y;2.8%;0.8%;1.1%;;;
2009.01.14 19:30:00;AUD;3;Employment Change;-15.6K;-21.0K;-1.2K;;-16.2K;
2009.01.14 19:30:00;AUD;3;Unemployment Rate;4.4%;4.5%;4.5%;;;
2009.01.14 19:30:00;AUD;1;RBA Bulletin;;;;;;
2009.01.14 21:10:00;CNY;1;Foreign Direct Investment ytd/y;26.3%;;23.6%;;;
2009.01.15 02:00:00;EUR;1;German Final CPI m/m;0.3%;0.3%;0.3%;;;
2009.01.15 05:00:00;EUR;2;Final Core CPI y/y;1.9%;1.8%;1.8%;;;
2009.01.15 05:00:00;EUR;2;Final CPI y/y;1.6%;1.6%;1.6%;;;
2009.01.15 07:45:00;EUR;3;Main Refinancing Rate;2.50%;2.00%;2.00%;;;
2009.01.15 08:30:00;CAD;1;New Motor Vehicle Sales m/m;-0.9%;-7.3%;-7.0%;;-1.8%;
2009.01.15 08:30:00;EUR;3;ECB Press Conference;;;;;;
2009.01.15 08:30:00;USD;3;PPI m/m;-2.2%;-2.0%;-1.9%;;;
2009.01.15 08:30:00;USD;3;Unemployment Claims;467K;512K;524K;;470K;
2009.01.15 08:30:00;USD;2;Core PPI m/m;0.1%;0.1%;0.2%;;;
2009.01.15 08:30:00;USD;2;Empire State Manufacturing Index;-25.8;-25.0;-22.2;;;
2009.01.15 10:00:00;USD;2;Philly Fed Manufacturing Index;-32.9;-35.0;-24.3;;;
2009.01.15 10:00:00;USD;1;FOMC Member Tarullo Speaks;;;;;;
2009.01.15 10:30:00;USD;1;Natural Gas Storage;-47B;-105B;-94B;;;
2009.01.15 11:00:00;CHF;2;Gov Board Member Jordan Speaks;;;;;;
2009.01.15 13:40:00;USD;2;FOMC Member Evans Speaks;;;;;;
2009.01.15 13:40:00;USD;2;FOMC Member Lockhart Speaks;;;;;;
2009.01.15 15:45:00;USD;2;FOMC Member Yellen Speaks;;;;;;
2009.01.15 19:30:00;JPY;2;BOJ Gov Shirakawa Speaks;;;;;;
2009.01.16 03:15:00;CHF;2;PPI m/m;-1.4%;-0.6%;-0.7%;;;
2009.01.16 03:30:00;GBP;2;MPC Member Gieve Speaks;;;;;;
2009.01.16 04:59:00;EUR;1;Trade Balance;-1.3B;-4.8B;-4.9B;;-2.1B;
2009.01.16 08:30:00;USD;3;Core CPI m/m;0.0%;0.1%;0.0%;;;
2009.01.16 08:30:00;USD;3;CPI y/y;1.1%;-0.2%;0.1%;;;
2009.01.16 08:30:00;USD;2;CPI m/m;-1.7%;-0.8%;-0.7%;;;
2009.01.16 09:00:00;USD;3;TIC Long-Term Purchases;1.5B;11.0B;-21.7B;;-0.4B;
2009.01.16 09:15:00;USD;2;Capacity Utilization Rate;75.4%;74.6%;73.6%;;75.2%;
2009.01.16 09:15:00;USD;2;Industrial Production m/m;-0.6%;-0.9%;-2.0%;;-1.3%;
2009.01.16 09:55:00;USD;3;Prelim UoM Consumer Sentiment;59.1;59.2;61.9;;60.1;
2009.01.16 09:55:00;USD;1;Prelim UoM Inflation Expectations;1.7%;;2.0%;;;
2009.01.16 12:00:00;CHF;2;Gov Board Member Hildebrand Speaks;;;;;;
2009.01.16 12:15:00;USD;2;FOMC Member Lacker Speaks;;;;;;
2009.01.18 18:30:00;AUD;1;MI Inflation Gauge m/m;-0.6%;;-0.2%;;;
2009.01.18 19:01:00;GBP;2;Rightmove HPI m/m;-2.3%;;-1.9%;;;
2009.01.18 23:30:00;JPY;1;Revised Industrial Production m/m;-8.1%;-8.1%;-8.5%;;;
2009.01.19 00:15:00;JPY;2;BOJ Gov Shirakawa Speaks;;;;;;
2009.01.19 03:15:00;CHF;2;Retail Sales y/y;2.9%;1.5%;-1.4%;;;
2009.01.19 05:00:00;GBP;1;10-y Bond Auction;3.40|2.4;;4.04|1.4;;;
2009.01.19 06:00:00;EUR;1;German Buba Monthly Report;;;;;;
2009.01.19 06:50:00;EUR;2;ECB President Trichet Speaks;;;;;;
2009.01.19 00:00:00;USD;0;Bank Holiday (All Day);;;;;;
2009.01.19 08:30:00;CAD;2;Foreign Securities Purchases;2.85B;1.20B;-4.30B;;2.84B;
2009.01.19 16:45:00;NZD;3;CPI q/q;1.5%;-0.4%;-0.5%;;;
2009.01.19 16:45:00;NZD;1;FPI m/m;0.8%;;-0.2%;;;
2009.01.19 18:50:00;JPY;2;Tertiary Industry Activity m/m;0.4%;-0.8%;-0.9%;;0.5%;
2009.01.19 22:45:00;JPY;1;30-y Bond Auction;2.43|3.2;;1.88|3.3;;;
2009.01.20 00:00:00;JPY;1;Consumer Confidence;28.4;27.2;26.2;;;
2009.01.20 04:30:00;GBP;3;CPI y/y;4.1%;2.6%;3.1%;;;
2009.01.20 04:30:00;GBP;2;Core CPI y/y;2.0%;1.4%;1.1%;;;
2009.01.20 04:30:00;GBP;1;RPI y/y;3.0%;0.8%;0.9%;;;
2009.01.20 05:00:00;EUR;3;German ZEW Economic Sentiment;-45.2;-43.5;-31.0;;;
2009.01.20 05:00:00;EUR;2;ZEW Economic Sentiment;-46.1;-46.0;-30.8;;;
2009.01.20 08:30:00;CAD;2;Manufacturing Sales m/m;-0.5%;-2.9%;-6.4%;;-0.2%;
2009.01.20 09:00:00;CAD;3;BOC Rate Statement;;;;;;
2009.01.20 09:00:00;CAD;3;Overnight Rate;1.50%;1.00%;1.00%;;;
2009.01.20 15:20:00;GBP;3;BOE Gov King Speaks;;;;;;
2009.01.20 16:45:00;NZD;3;Core Retail Sales m/m;0.8%;0.0%;0.3%;;;
2009.01.20 16:45:00;NZD;3;Retail Sales m/m;-1.3%;-0.9%;0.0%;;;
2009.01.20 18:30:00;AUD;2;Westpac Consumer Sentiment;7.5%;;-2.2%;;;
2009.01.21 02:00:00;EUR;2;German PPI m/m;-1.5%;-1.1%;-1.0%;;;
2009.01.21 03:00:00;EUR;1;ECB President Trichet Speaks;;;;;;
2009.01.21 04:00:00;EUR;1;Italian Trade Balance;-0.07B;-1.75B;-1.08B;;-0.06B;
2009.01.21 04:30:00;EUR;3;ECB President Trichet Speaks;;;;;;
2009.01.21 04:30:00;GBP;3;Claimant Count Change;75.7K;82.0K;77.9K;;83.1K;
2009.01.21 04:30:00;GBP;3;MPC Official Bank Rate Votes;0-9-0;0-9-0;0-9-0;;;
2009.01.21 04:30:00;GBP;2;Average Earnings Index 3m/y;3.3%;3.3%;3.1%;;;
2009.01.21 04:30:00;GBP;2;Public Sector Net Borrowing;16.0B;10.8B;14.9B;;16.5B;
2009.01.21 04:30:00;GBP;1;M4 Money Supply m/m;1.2%;0.9%;1.7%;;;
2009.01.21 04:30:00;GBP;1;Unemployment Rate;6.0%;6.1%;6.1%;;;
2009.01.21 04:45:00;GBP;2;MPC Member Tucker Speaks;;;;;;
2009.01.21 08:30:00;CAD;2;Wholesale Sales m/m;-1.8%;-1.6%;-1.6%;;-1.6%;
2009.01.21 10:00:00;USD;2;Treasury Sec Geithner Speaks;;;;;;
2009.01.21 12:30:00;CHF;2;Gov Board Member Hildebrand Speaks;;;;;;
2009.01.21 13:00:00;USD;1;NAHB Housing Market Index;9;9;8;;;
2009.01.21 16:29:00;NZD;1;BusinessNZ Manufacturing Index;35.4;;42.5;;35.2;
2009.01.21 18:50:00;JPY;2;Trade Balance;-0.37T;-0.33T;-0.15T;;-0.39T;
2009.01.21 19:00:00;AUD;1;MI Inflation Expectations;2.5%;;2.7%;;;
2009.01.21 19:30:00;AUD;1;New Motor Vehicle Sales m/m;-5.2%;;1.8%;;;
2009.01.21 21:00:00;CNY;3;GDP q/y;9.0%;7.2%;6.8%;;;
2009.01.21 21:00:00;CNY;3;Industrial Production y/y;5.4%;4.2%;5.7%;;;
2009.01.21 21:00:00;CNY;2;CPI y/y;2.4%;1.7%;1.2%;;;
2009.01.21 21:00:00;CNY;2;Fixed Asset Investment ytd/y;26.8%;26.0%;26.1%;;;
2009.01.21 21:00:00;CNY;2;NBS Press Conference;;;;;;
2009.01.21 21:00:00;CNY;2;PPI y/y;2.0%;-0.1%;-1.1%;;;
2009.01.21 21:00:00;CNY;1;Retail Sales y/y;20.8%;19.6%;19.0%;;;
2009.01.21 23:43:00;JPY;2;Monetary Policy Statement;;;;;;
2009.01.21 23:43:00;JPY;2;Overnight Call Rate;0.10%;0.10%;0.10%;;;
2009.01.22 02:35:00;JPY;3;BOJ Press Conference;;;;;;
2009.01.22 02:45:00;EUR;2;French Consumer Spending m/m;0.3%;-0.2%;-0.9%;;;
2009.01.22 04:00:00;EUR;2;ECB Monthly Bulletin;;;;;;
2009.01.22 05:00:00;CHF;2;Credit Suisse Economic Expectations;-76.2;;-66.7;;;
2009.01.22 05:00:00;EUR;2;Industrial New Orders m/m;-4.7%;-5.0%;-4.5%;;-5.7%;
2009.01.22 06:00:00;GBP;2;CBI Industrial Order Expectations;-35;-39;-48;;;
2009.01.22 08:30:00;CAD;3;Core Retail Sales m/m;-1.1%;-1.5%;-2.3%;;-1.3%;
2009.01.22 08:30:00;CAD;2;Retail Sales m/m;-0.9%;-1.8%;-2.4%;;-1.0%;
2009.01.22 08:30:00;CAD;1;Leading Index m/m;-0.7%;-0.7%;-0.6%;;-0.6%;
2009.01.22 08:30:00;USD;3;Building Permits;0.62M;0.60M;0.55M;;;
2009.01.22 08:30:00;USD;3;Unemployment Claims;524K;545K;589K;;527K;
2009.01.22 08:30:00;USD;2;Housing Starts;0.63M;0.61M;0.55M;;0.65M;
2009.01.22 10:00:00;USD;1;HPI m/m;-1.1%;-1.2%;-1.8%;;;
2009.01.22 10:30:00;CAD;3;BOC Monetary Policy Report;;;;;;
2009.01.22 11:00:00;USD;2;Crude Oil Inventories;1.2M;1.1M;6.1M;;;
2009.01.22 11:15:00;CAD;3;BOC Press Conference;;;;;;
2009.01.22 18:50:00;JPY;1;All Industries Activity m/m;-0.5%;-2.2%;-2.3%;;-0.4%;
2009.01.22 19:30:00;AUD;1;Import Prices q/q;5.0%;5.3%;10.8%;;;
2009.01.23 00:00:00;JPY;2;BOJ Monthly Report;;;;;;
2009.01.23 03:00:00;EUR;2;French Flash Manufacturing PMI;35.9;34.0;38.1;;34.9;
2009.01.23 03:00:00;EUR;2;French Flash Services PMI;41.6;40.1;42.9;;40.6;
2009.01.23 03:00:00;EUR;1;Spanish Unemployment Rate;11.3%;13.4%;13.9%;;;
2009.01.23 03:30:00;EUR;2;German Flash Manufacturing PMI;33.5;32.0;32.0;;32.7;
2009.01.23 03:30:00;EUR;2;German Flash Services PMI;46.4;45.5;45.4;;46.6;
2009.01.23 04:00:00;EUR;2;Flash Manufacturing PMI;34.5;33.3;34.5;;33.9;
2009.01.23 04:00:00;EUR;2;Flash Services PMI;42.0;41.7;42.5;;42.1;
2009.01.23 04:00:00;EUR;1;Italian Retail Sales m/m;-0.3%;-0.3%;-0.2%;;-0.4%;
2009.01.23 04:30:00;GBP;3;Prelim GDP q/q;-0.5%;-1.2%;-1.5%;;-0.6%;
2009.01.23 04:30:00;GBP;3;Retail Sales m/m;0.3%;-0.7%;1.6%;;;
2009.01.23 04:30:00;GBP;1;Index of Services 3m/3m;-0.2%;-0.6%;-0.4%;;-0.3%;
2009.01.23 07:00:00;CAD;3;Core CPI m/m;0.7%;-0.3%;-0.4%;;;
2009.01.23 07:00:00;CAD;2;CPI m/m;-0.3%;-0.4%;-0.7%;;;
2009.01.23 09:00:00;EUR;2;Belgian NBB Business Climate;-31.3;-33.0;-27.7;;;
2009.01.23 10:30:00;USD;1;Natural Gas Storage;-94B;-174B;-176B;;;
2009.01.25 00:00:00;AUD;0;Bank Holiday (All Day);;;;;;
2009.01.25 00:00:00;CNY;0;Bank Holiday (All Day);;;;;;
2009.01.25 21:00:00;NZD;1;Credit Card Spending y/y;-0.7%;;-3.9%;;-0.9%;
2009.01.26 04:30:00;GBP;2;High Street Lending;17.8K;17.0K;22.1K;;17.3K;
2009.01.26 09:59:00;USD;3;Existing Home Sales;4.49M;4.40M;4.74M;;4.45M;
2009.01.26 10:00:00;USD;1;CB Leading Index m/m;-0.4%;-0.2%;0.3%;;;
2009.01.26 18:50:00;JPY;2;Monetary Policy Meeting Minutes;;;;;;
2009.01.26 18:50:00;JPY;1;SPPI y/y;-1.9%;-2.4%;-2.5%;;-2.0%;
2009.01.26 00:00:00;CNY;0;Bank Holiday (All Day);;;;;;
2009.01.26 19:30:00;AUD;3;PPI q/q;2.0%;0.4%;1.3%;;;
2009.01.26 19:30:00;AUD;1;NAB Business Confidence;-30;;-20;;;
2009.01.27 02:00:00;EUR;1;German Import Prices m/m;-3.4%;-2.9%;-4.0%;;;
2009.01.27 04:00:00;CHF;2;UBS Consumption Indicator;0.96;;1.15;;;
2009.01.27 04:00:00;EUR;3;German ifo Business Climate;82.6;81.0;83.0;;82.7;
2009.01.27 04:00:00;EUR;2;Current Account;-6.4B;-8.0B;-16.0B;;-6.0B;
2009.01.27 06:00:00;GBP;3;CBI Realized Sales;-55;-53;-47;;;
2009.01.27 09:00:00;USD;1;S&P/CS Composite-20 HPI y/y;-18.0%;-18.4%;-18.2%;;-18.1%;
2009.01.27 09:59:00;USD;1;Richmond Manufacturing Index;-55;-50;-49;;;
2009.01.27 10:00:00;USD;3;CB Consumer Confidence;38.0;38.7;37.7;;38.6;
2009.01.27 11:05:00;CAD;2;BOC Gov Carney Speaks;;;;;;
2009.01.27 16:00:00;CAD;2;Annual Budget Release;;;;;;
2009.01.27 18:30:00;AUD;1;MI Leading Index m/m;-0.1%;;-1.0%;;-0.2%;
2009.01.27 19:30:00;AUD;3;CPI q/q;1.2%;-0.4%;-0.3%;;;
2009.01.27 19:30:00;AUD;2;Trimmed Mean CPI q/q;1.2%;0.8%;0.6%;;;
2009.01.27 00:00:00;CNY;0;Bank Holiday (All Day);;;;;;
2009.01.28 02:00:00;EUR;2;German GfK Consumer Climate;2.1;2.0;2.2;;2.2;
2009.01.28 00:00:00;EUR;2;German Prelim CPI m/m (All Day);0.3%;-0.3%;-0.5%;;;
2009.01.28 00:00:00;All;2;WEF Annual Meetings (Day 1);;;;;;
2009.01.28 05:30:00;CHF;2;KOF Economic Barometer;-0.39;-0.53;-0.87;;-0.45;
2009.01.28 10:30:00;USD;2;Crude Oil Inventories;6.1M;2.8M;6.2M;;;
2009.01.28 14:15:00;USD;3;Federal Funds Rate;<0.25%;<0.25%;<0.25%;;;
2009.01.28 14:15:00;USD;3;FOMC Statement;;;;;;
2009.01.28 15:00:00;NZD;3;Official Cash Rate;5.00%;4.00%;3.50%;;;
2009.01.28 15:00:00;NZD;3;RBNZ Press Conference;;;;;;
2009.01.28 15:00:00;NZD;3;RBNZ Rate Statement;;;;;;
2009.01.28 16:45:00;NZD;3;Trade Balance;-520M;-100M;-347M;;-588M;
2009.01.28 18:50:00;JPY;2;Retail Sales y/y;-0.9%;-1.6%;-2.7%;;;
2009.01.28 00:00:00;CNY;0;Bank Holiday (All Day);;;;;;
2009.01.29 02:00:00;GBP;3;Nationwide HPI m/m;-2.5%;-1.8%;-1.3%;;;
2009.01.29 03:52:00;EUR;2;German Unemployment Change;18K;32K;56K;;33K;
2009.01.29 04:00:00;EUR;1;M3 Money Supply y/y;7.8%;7.6%;7.3%;;7.7%;
2009.01.29 04:00:00;EUR;1;Private Loans y/y;7.1%;6.5%;5.8%;;;
2009.01.29 04:00:00;EUR;1;Retail PMI;41.4;;44.0;;;
2009.01.29 00:00:00;All;2;WEF Annual Meetings (Day 2);;;;;;
2009.01.29 05:00:00;EUR;1;Consumer Confidence;-30;-31;-31;;;
2009.01.29 05:32:00;EUR;1;Italian 10-y Bond Auction;4.43|1.4;;4.62|1.5;;;
2009.01.29 08:30:00;CAD;2;RMPI m/m;-13.4%;-10.1%;-15.4%;;;
2009.01.29 08:30:00;CAD;1;IPPI m/m;-2.6%;-2.1%;-1.9%;;-2.7%;
2009.01.29 08:30:00;USD;3;Core Durable Goods Orders m/m;1.2%;-2.6%;-3.6%;;-1.7%;
2009.01.29 08:30:00;USD;3;Unemployment Claims;589K;580K;588K;;585K;
2009.01.29 08:30:00;USD;2;Durable Goods Orders m/m;-1.0%;-1.9%;-2.6%;;-3.7%;
2009.01.29 10:00:00;USD;3;New Home Sales;407K;395K;331K;;388K;
2009.01.29 10:30:00;USD;1;Natural Gas Storage;-176B;-180B;-186B;;;
2009.01.29 12:00:00;GBP;2;MPC Member Blanchflower Speaks;;;;;;
2009.01.29 16:45:00;NZD;3;Building Consents m/m;4.3%;;-6.0%;;4.0%;
2009.01.29 18:00:00;AUD;2;CB Leading Index m/m;-0.5%;;-1.0%;;-0.2%;
2009.01.29 18:00:00;NZD;3;RBNZ Gov Bollard Speaks;;;;;;
2009.01.29 18:15:00;JPY;1;Final Manufacturing PMI;30.8;;29.6;;;
2009.01.29 18:30:00;JPY;2;Household Spending y/y;-0.5%;-3.6%;-4.6%;;;
2009.01.29 18:30:00;JPY;2;Tokyo Core CPI y/y;0.8%;0.6%;0.5%;;;
2009.01.29 18:30:00;JPY;1;National Core CPI y/y;1.0%;0.3%;0.2%;;;
2009.01.29 18:30:00;JPY;1;Unemployment Rate;3.9%;4.1%;4.4%;;;
2009.01.29 18:50:00;JPY;2;Prelim Industrial Production m/m;-8.1%;-8.9%;-9.6%;;-8.5%;
2009.01.29 00:00:00;CNY;0;Bank Holiday (All Day);;;;;;
2009.01.29 19:01:00;GBP;2;GfK Consumer Confidence;-33;-35;-37;;;
2009.01.29 19:30:00;AUD;2;Private Sector Credit m/m;0.4%;0.5%;-0.3%;;;
2009.01.30 00:00:00;JPY;1;Housing Starts y/y;0.0%;-7.6%;-5.8%;;;
2009.01.30 00:00:00;All;2;WEF Annual Meetings (Day 3);;;;;;
2009.01.30 04:30:00;GBP;2;Net Lending to Individuals m/m;1.5B;1.3B;2.2B;;1.6B;
2009.01.30 04:30:00;GBP;1;Mortgage Approvals;27K;27K;31K;;;
2009.01.30 05:00:00;EUR;2;CPI Flash Estimate y/y;1.6%;1.4%;1.1%;;;
2009.01.30 05:00:00;EUR;1;Unemployment Rate;7.8%;7.9%;8.0%;;7.9%;
2009.01.30 08:30:00;CAD;3;GDP m/m;-0.1%;-0.5%;-0.7%;;;
2009.01.30 08:30:00;USD;3;Advance GDP q/q;-0.3%;-5.4%;-3.8%;;-0.5%;
2009.01.30 08:30:00;USD;2;Advance GDP Price Index q/q;4.2%;0.3%;-0.1%;;3.9%;
2009.01.30 08:30:00;USD;2;Employment Cost Index q/q;0.7%;0.7%;0.5%;;;
2009.01.30 09:45:00;USD;2;Chicago PMI;34.1;34.3;33.3;;;
2009.01.30 09:55:00;USD;2;Revised UoM Consumer Sentiment;61.9;61.8;61.2;;;
2009.01.30 09:55:00;USD;1;Revised UoM Inflation Expectations;2.0%;;2.2%;;;
2009.01.31 00:00:00;All;2;WEF Annual Meetings (Day 4);;;;;;
