2010.09.01 02:00:00;EUR;2;German Retail Sales m/m;-0.9%;0.6%;-0.3%;;-0.3%;
2010.09.01 02:30:00;AUD;2;Commodity Prices y/y;51.0%;;52.7%;;52.4%;
2010.09.01 03:15:00;EUR;2;Spanish Manufacturing PMI;51.6;;51.2;;;
2010.09.01 03:30:00;CHF;2;Manufacturing PMI;66.9;65.9;61.4;;;
2010.09.01 03:45:00;EUR;2;Italian Manufacturing PMI;54.4;53.6;52.8;;;
2010.09.01 03:50:00;EUR;1;French Final Manufacturing PMI;54.7;54.7;55.1;;;
2010.09.01 03:55:00;EUR;1;German Final Manufacturing PMI;58.2;58.2;58.2;;;
2010.09.01 04:00:00;EUR;1;Final Manufacturing PMI;55.0;55.0;55.1;;;
2010.09.01 04:30:00;GBP;3;Final Manufacturing PMI;57.3;57.1;54.3;;56.9;
2010.09.01 07:30:00;USD;1;Challenger Job Cuts y/y;-57.2%;;-54.5%;;;
2010.09.01 08:15:00;USD;3;ADP Non-Farm Employment Change;42K;20K;-10K;;37K;
2010.09.01 10:00:00;USD;3;ISM Manufacturing PMI;55.5;53.2;56.3;;;
2010.09.01 10:00:00;USD;1;Construction Spending m/m;0.1%;-0.4%;-1.0%;;-0.8%;
2010.09.01 10:00:00;USD;1;ISM Manufacturing Prices;57.5;55.5;61.5;;;
2010.09.01 10:30:00;NZD;1;GDT Price Index;-8.1%;;16.6%;;;
2010.09.01 10:30:00;USD;2;Crude Oil Inventories;4.1M;1.3M;3.4M;;;
2010.09.01 10:45:00;USD;1;FOMC Member Duke Speaks;;;;;;
2010.09.01 00:00:00;USD;1;Total Vehicle Sales (All Day);12.1M;11.6M;11.5M;;;
2010.09.01 19:50:00;JPY;1;Monetary Base y/y;6.1%;6.3%;5.4%;;;
2010.09.01 21:30:00;AUD;3;Goods Trade Balance;3.54B;3.11B;1.89B;;3.44B;
2010.09.02 01:45:00;CHF;2;GDP q/q;0.4%;0.8%;0.9%;;1.0%;
2010.09.02 02:00:00;GBP;3;Nationwide HPI m/m;-0.5%;-0.3%;-0.9%;;;
2010.09.02 03:00:00;EUR;2;Spanish Unemployment Change;-73.8K;;61.1K;;;
2010.09.02 03:15:00;CHF;3;Retail Sales y/y;0.9%;2.3%;4.8%;;1.0%;
2010.09.02 04:30:00;GBP;2;Construction PMI;54.1;53.5;52.1;;;
2010.09.02 05:00:00;EUR;1;PPI m/m;0.3%;0.2%;0.2%;;;
2010.09.02 05:00:00;EUR;1;Revised GDP q/q;1.0%;1.0%;1.0%;;;
2010.09.02 05:15:00;EUR;2;French 10-y Bond Auction;3.04|3.5;;2.55|2.2;;;
2010.09.02 07:45:00;EUR;3;Main Refinancing Rate;1.00%;1.00%;1.00%;;;
2010.09.02 08:30:00;EUR;3;ECB Press Conference;;;;;;
2010.09.02 08:30:00;USD;3;Unemployment Claims;473K;476K;472K;;478K;
2010.09.02 08:30:00;USD;2;Revised Nonfarm Productivity q/q;-0.9%;-1.9%;-1.8%;;;
2010.09.02 08:30:00;USD;1;Revised Unit Labor Costs q/q;0.2%;1.3%;1.1%;;;
2010.09.02 09:00:00;USD;3;Fed Chairman Bernanke Testifies;;;;;;
2010.09.02 10:00:00;USD;3;Pending Home Sales m/m;-2.6%;-1.3%;5.2%;;-2.8%;
2010.09.02 10:00:00;USD;2;Factory Orders m/m;-1.2%;0.4%;0.1%;;-0.6%;
2010.09.02 10:30:00;USD;1;Natural Gas Storage;40B;56B;54B;;;
2010.09.02 19:29:00;AUD;2;AIG Services Index;46.6;;47.5;;;
2010.09.02 19:50:00;JPY;2;Capital Spending q/y;-11.5%;-6.6%;-1.7%;;;
2010.09.02 20:45:00;GBP;2;MPC Member Tucker Speaks;;;;;;
2010.09.02 21:00:00;CNY;1;Non-Manufacturing PMI;60.1;;60.1;;;
2010.09.03 03:15:00;CHF;2;CPI m/m;-0.7%;0.1%;0.0%;;;
2010.09.03 03:15:00;EUR;1;Spanish Services PMI;51.3;;49.2;;;
2010.09.03 03:45:00;EUR;1;Italian Services PMI;49.6;50.1;51.4;;;
2010.09.03 03:50:00;EUR;1;French Final Services PMI;59.9;59.9;60.4;;;
2010.09.03 03:55:00;EUR;1;German Final Services PMI;58.5;58.5;57.2;;;
2010.09.03 04:00:00;EUR;1;Final Services PMI;55.6;55.6;55.9;;;
2010.09.03 04:30:00;GBP;3;Final Services PMI;53.1;53.0;51.3;;;
2010.09.03 05:00:00;EUR;2;Retail Sales m/m;0.0%;0.3%;0.1%;;0.2%;
2010.09.03 08:30:00;USD;3;Non-Farm Employment Change;-131K;-101K;-54K;;-54K;
2010.09.03 08:30:00;USD;3;Unemployment Rate;9.5%;9.6%;9.6%;;;
2010.09.03 08:30:00;USD;2;Average Hourly Earnings m/m;0.2%;0.1%;0.3%;;;
2010.09.03 10:00:00;USD;3;ISM Services PMI;54.3;53.6;51.5;;;
2010.09.04 07:15:00;EUR;2;ECB President Trichet Speaks;;;;;;
2010.09.05 14:00:00;EUR;2;ECB President Trichet Speaks;;;;;;
2010.09.05 20:30:00;AUD;1;MI Inflation Gauge m/m;0.1%;;0.2%;;;
2010.09.05 21:30:00;AUD;3;ANZ Job Advertisements m/m;1.3%;;2.6%;;1.4%;
2010.09.06 03:00:00;CHF;3;Foreign Currency Reserves;220B;;218B;;;
2010.09.06 04:30:00;EUR;1;Sentix Investor Confidence;8.5;8.7;7.6;;;
2010.09.06 00:00:00;CAD;0;Bank Holiday (All Day);;;;;;
2010.09.06 00:00:00;USD;0;Bank Holiday (All Day);;;;;;
2010.09.06 15:10:00;USD;1;President Obama Speaks;;;;;;
2010.09.06 19:00:00;GBP;2;BRC Retail Sales Monitor y/y;0.5%;;1.0%;;;
2010.09.06 19:28:00;AUD;1;AIG Construction Index;43.3;;43.2;;;
2010.09.06 23:39:00;JPY;2;Monetary Policy Statement;;;;;;
2010.09.06 23:39:00;JPY;2;Overnight Call Rate;0.10%;0.10%;0.10%;;;
2010.09.07 00:30:00;AUD;3;Cash Rate;4.50%;4.50%;4.50%;;;
2010.09.07 00:30:00;AUD;3;RBA Rate Statement;;;;;;
2010.09.07 01:00:00;JPY;1;Leading Indicators;98.9%;98.3%;98.2%;;99.0%;
2010.09.07 01:45:00;CHF;1;Unemployment Rate;3.8%;3.7%;3.8%;;;
2010.09.07 03:13:00;JPY;3;BOJ Press Conference;;;;;;
2010.09.07 00:00:00;EUR;2;ECOFIN Meetings (All Day);;;;;;
2010.09.07 06:00:00;EUR;2;German Factory Orders m/m;3.2%;0.6%;-2.2%;;3.6%;
2010.09.07 19:00:00;GBP;1;BRC Shop Price Index y/y;1.5%;;1.7%;;;
2010.09.07 19:50:00;JPY;2;Core Machinery Orders m/m;1.6%;1.9%;8.8%;;;
2010.09.07 19:50:00;JPY;1;Bank Lending y/y;-1.8%;;-1.9%;;;
2010.09.07 19:50:00;JPY;1;Current Account;1.36T;1.38T;1.46T;;;
2010.09.07 19:50:00;JPY;1;M2 Money Stock y/y;2.7%;2.6%;2.8%;;;
2010.09.07 21:30:00;AUD;3;Home Loans m/m;-3.9%;1.1%;1.7%;;-3.2%;
2010.09.07 23:45:00;JPY;1;30-y Bond Auction;1.95|4.1;;1.99|4.2;;;
2010.09.08 01:00:00;JPY;2;BOJ Monthly Report;;;;;;
2010.09.08 01:00:00;JPY;1;Economy Watchers Sentiment;49.8;50.3;45.1;;;
2010.09.08 02:00:00;EUR;1;German Trade Balance;12.3B;12.8B;12.7B;;12.4B;
2010.09.08 02:45:00;EUR;1;French Gov Budget Balance;-61.7B;;-93.1B;;;
2010.09.08 02:45:00;EUR;1;French Trade Balance;-3.8B;-4.1B;-4.2B;;-3.7B;
2010.09.08 03:00:00;GBP;3;Halifax HPI m/m;0.6%;-0.3%;0.2%;;0.7%;
2010.09.08 03:45:00;EUR;2;German Buba President Weber Speaks;;;;;;
2010.09.08 04:30:00;GBP;3;Manufacturing Production m/m;0.3%;0.3%;0.3%;;;
2010.09.08 04:30:00;GBP;1;Industrial Production m/m;-0.5%;0.4%;0.3%;;;
2010.09.08 06:00:00;EUR;2;German Industrial Production m/m;-0.6%;1.1%;0.1%;;;
2010.09.08 08:30:00;CAD;3;Building Permits m/m;6.5%;-4.2%;-3.3%;;6.9%;
2010.09.08 09:00:00;CAD;3;BOC Rate Statement;;;;;;
2010.09.08 09:00:00;CAD;3;Overnight Rate;0.75%;1.00%;1.00%;;;
2010.09.08 09:57:00;GBP;2;NIESR GDP Estimate;0.9%;;0.7%;;1.3%;
2010.09.08 10:00:00;CAD;3;Ivey PMI;54.0;55.9;65.9;;;
2010.09.08 10:00:00;USD;1;JOLTS Job Openings;2.94M;;3.04M;;2.86M;
2010.09.08 13:00:00;USD;2;10-y Bond Auction;2.73|3.0;;2.67|3.2;;;
2010.09.08 14:00:00;USD;2;Beige Book;;;;;;
2010.09.08 15:00:00;USD;1;Consumer Credit m/m;-1.3B;-4.2B;-3.6B;;-1.0B;
2010.09.08 18:45:00;NZD;1;Manufacturing Sales q/q;0.9%;;3.1%;;1.4%;
2010.09.08 19:50:00;JPY;2;BSI Manufacturing Index;10.0;6.3;13.3;;;
2010.09.08 21:30:00;AUD;3;Employment Change;23.5K;27.2K;30.9K;;25.0K;
2010.09.08 21:30:00;AUD;3;Unemployment Rate;5.3%;5.2%;5.1%;;;
2010.09.08 23:00:00;AUD;2;RBA Deputy Gov Debelle Speaks;;;;;;
2010.09.09 01:00:00;JPY;1;Consumer Confidence;43.3;43.8;42.4;;;
2010.09.09 01:30:00;EUR;1;French Final Private Payrolls q/q;0.2%;0.2%;0.1%;;;
2010.09.09 02:00:00;EUR;1;German Final CPI m/m;0.0%;0.0%;0.0%;;;
2010.09.09 02:04:00;JPY;1;Prelim Machine Tool Orders y/y;144.8%;;170.0%;;144.9%;
2010.09.09 04:00:00;EUR;2;ECB Monthly Bulletin;;;;;;
2010.09.09 04:30:00;GBP;2;Goods Trade Balance;-7.4B;-7.5B;-8.7B;;-7.5B;
2010.09.09 07:00:00;GBP;3;Asset Purchase Facility;200B;200B;200B;;;
2010.09.09 07:00:00;GBP;3;Official Bank Rate;0.50%;0.50%;0.50%;;;
2010.09.09 08:15:00;CAD;3;Housing Starts;189K;185K;183K;;;
2010.09.09 08:30:00;CAD;3;Trade Balance;-1.1B;-0.8B;-2.7B;;-1.8B;
2010.09.09 08:30:00;CAD;2;NHPI m/m;0.1%;0.1%;-0.1%;;;
2010.09.09 08:30:00;USD;3;Trade Balance;-49.9B;-47.4B;-42.8B;;-49.8B;
2010.09.09 08:30:00;USD;3;Unemployment Claims;472K;470K;451K;;478K;
2010.09.09 10:00:00;EUR;2;German Buba President Weber Speaks;;;;;;
2010.09.09 10:30:00;USD;1;Natural Gas Storage;54B;51B;58B;;;
2010.09.09 11:00:00;USD;2;Crude Oil Inventories;3.4M;0.7M;-1.9M;;;
2010.09.09 13:00:00;USD;1;30-y Bond Auction;3.95|2.8;;3.82|2.7;;;
2010.09.09 18:45:00;NZD;1;Overseas Trade Index q/q;5.9%;3.4%;2.1%;;6.1%;
2010.09.09 19:50:00;JPY;2;Final GDP q/q;0.1%;0.4%;0.4%;;;
2010.09.09 19:50:00;JPY;2;Monetary Policy Meeting Minutes;;;;;;
2010.09.09 19:50:00;JPY;1;PPI y/y;-0.1%;-0.2%;0.0%;;;
2010.09.09 19:52:00;JPY;1;Final GDP Price Index y/y;-1.8%;-1.8%;-1.7%;;;
2010.09.09 21:32:00;CNY;3;USD-Denominated Trade Balance;28.7B;26.9B;20.0B;;;
2010.09.10 02:45:00;EUR;2;French Industrial Production m/m;-1.7%;0.8%;0.9%;;;
2010.09.10 04:00:00;EUR;1;Italian Industrial Production m/m;0.6%;0.4%;0.1%;;0.5%;
2010.09.10 04:30:00;GBP;3;PPI Input m/m;-1.0%;0.2%;-0.5%;;;
2010.09.10 04:30:00;GBP;1;PPI Output m/m;0.1%;0.1%;0.0%;;;
2010.09.10 05:00:00;GBP;1;CB Leading Index m/m;0.5%;;0.2%;;;
2010.09.10 07:00:00;CAD;3;Employment Change;-9.3K;30.8K;35.8K;;;
2010.09.10 07:00:00;CAD;3;Unemployment Rate;8.0%;8.0%;8.1%;;;
2010.09.10 10:00:00;USD;1;Final Wholesale Inventories m/m;0.1%;0.4%;1.3%;;0.3%;
2010.09.10 11:55:00;CAD;2;BOC Gov Carney Speaks;;;;;;
2010.09.10 22:00:00;CNY;3;CPI y/y;3.3%;3.5%;3.5%;;;
2010.09.10 22:00:00;CNY;2;Fixed Asset Investment ytd/y;24.9%;24.6%;24.8%;;;
2010.09.10 22:00:00;CNY;2;Industrial Production y/y;13.4%;13.1%;13.9%;;;
2010.09.10 22:00:00;CNY;2;NBS Press Conference;;;;;;
2010.09.10 22:00:00;CNY;2;PPI y/y;4.8%;4.6%;4.3%;;;
2010.09.10 22:00:00;CNY;1;Retail Sales y/y;17.9%;18.0%;18.4%;;;
2010.09.10 22:03:00;CNY;2;New Loans;533B;500B;545B;;;
2010.09.10 22:03:00;CNY;1;M2 Money Supply y/y;17.6%;17.5%;19.2%;;;
2010.09.12 18:45:00;NZD;1;FPI m/m;1.6%;;-0.1%;;;
2010.09.13 03:15:00;CHF;2;PPI m/m;-0.5%;0.3%;0.1%;;;
2010.09.13 08:00:00;EUR;3;ECB President Trichet Speaks;;;;;;
2010.09.13 14:00:00;USD;2;Federal Budget Balance;-165.0B;-102.0B;-90.5B;;;
2010.09.13 18:00:00;NZD;2;REINZ HPI m/m;-1.2%;;0.3%;;;
2010.09.13 18:45:00;NZD;3;Core Retail Sales m/m;1.5%;0.1%;-0.1%;;;
2010.09.13 18:45:00;NZD;2;Retail Sales m/m;0.9%;0.0%;-0.4%;;1.0%;
2010.09.13 19:01:00;GBP;2;Nationwide Consumer Confidence;56;59;61;;;
2010.09.13 19:01:00;GBP;2;RICS House Price Balance;-8%;-11%;-32%;;;
2010.09.13 21:30:00;AUD;2;NAB Business Confidence;2;;11;;;
2010.09.13 22:00:00;CNY;1;CB Leading Index m/m;0.8%;;0.5%;;0.7%;
2010.09.14 00:30:00;JPY;1;Revised Industrial Production m/m;0.3%;0.3%;-0.2%;;;
2010.09.14 01:30:00;EUR;1;French Final CPI m/m;-0.3%;0.4%;0.2%;;;
2010.09.14 02:00:00;EUR;1;German WPI m/m;-0.3%;0.3%;1.6%;;;
2010.09.14 04:30:00;GBP;3;CPI y/y;3.1%;2.9%;3.1%;;;
2010.09.14 04:30:00;GBP;2;Core CPI y/y;2.6%;2.6%;2.8%;;;
2010.09.14 04:30:00;GBP;1;RPI y/y;4.8%;4.6%;4.7%;;;
2010.09.14 04:32:00;GBP;1;ONS HPI y/y;9.9%;10.6%;8.4%;;;
2010.09.14 05:00:00;EUR;3;German ZEW Economic Sentiment;14.0;10.7;-4.3;;;
2010.09.14 05:00:00;EUR;2;Industrial Production m/m;-0.1%;0.2%;0.0%;;-0.2%;
2010.09.14 05:00:00;EUR;2;ZEW Economic Sentiment;15.8;14.9;4.4;;;
2010.09.14 06:00:00;GBP;2;MPC Member Weale Speaks;;;;;;
2010.09.14 07:30:00;USD;1;NFIB Small Business Index;88.1;89.1;88.8;;;
2010.09.14 08:30:00;CAD;2;Labor Productivity q/q;0.7%;-0.5%;-0.8%;;0.5%;
2010.09.14 08:30:00;CAD;1;Capacity Utilization Rate;74.2%;75.3%;76.0%;;74.4%;
2010.09.14 08:30:00;CAD;1;New Motor Vehicle Sales m/m;2.5%;1.1%;2.4%;;;
2010.09.14 08:30:00;USD;3;Core Retail Sales m/m;0.2%;0.3%;0.6%;;0.1%;
2010.09.14 08:30:00;USD;3;Retail Sales m/m;0.4%;0.4%;0.4%;;0.3%;
2010.09.14 10:00:00;USD;2;Business Inventories m/m;0.3%;0.5%;1.0%;;0.5%;
2010.09.14 10:00:00;USD;1;RCM/TIPP Economic Optimism;43.6;44.2;45.3;;;
2010.09.14 11:00:00;CAD;2;BOC Gov Carney Speaks;;;;;;
2010.09.14 11:00:00;EUR;2;German Buba President Weber Speaks;;;;;;
2010.09.14 20:30:00;AUD;2;Westpac Consumer Sentiment;5.4%;;-5.0%;;;
2010.09.14 21:30:00;AUD;1;Housing Starts q/q;4.3%;3.8%;0.8%;;9.1%;
2010.09.14 21:47:00;AUD;2;New Motor Vehicle Sales m/m;-2.6%;;0.3%;;;
2010.09.14 22:02:00;CNY;1;Foreign Direct Investment ytd/y;20.7%;;18.1%;;;
2010.09.15 04:30:00;GBP;3;Claimant Count Change;-3.8K;-4.1K;2.3K;;-1.0K;
2010.09.15 04:30:00;GBP;2;Average Earnings Index 3m/y;1.3%;1.6%;1.5%;;1.1%;
2010.09.15 04:30:00;GBP;1;Unemployment Rate;7.8%;7.8%;7.8%;;;
2010.09.15 05:00:00;CHF;2;Credit Suisse Economic Expectations;9.1;;-5.1;;;
2010.09.15 05:00:00;EUR;2;Final Core CPI y/y;1.0%;0.9%;1.0%;;;
2010.09.15 05:00:00;EUR;2;Final CPI y/y;1.6%;1.6%;1.6%;;;
2010.09.15 05:00:00;EUR;1;Final Employment Change q/q;0.0%;0.0%;0.0%;;;
2010.09.15 05:08:00;EUR;2;German 10-y Bond Auction;2.37|1.6;;2.39|1.8;;;
2010.09.15 06:30:00;GBP;3;BOE Gov King Speaks;;;;;;
2010.09.15 08:30:00;CAD;2;Manufacturing Sales m/m;0.1%;0.1%;-0.9%;;-0.1%;
2010.09.15 08:30:00;USD;2;Empire State Manufacturing Index;7.1;8.7;4.1;;;
2010.09.15 08:30:00;USD;2;Import Prices m/m;0.2%;0.2%;0.6%;;0.1%;
2010.09.15 09:15:00;USD;2;Capacity Utilization Rate;74.8%;75.1%;74.7%;;74.6%;
2010.09.15 09:15:00;USD;2;Industrial Production m/m;1.0%;0.3%;0.2%;;0.6%;
2010.09.15 10:30:00;NZD;1;GDT Price Index;16.6%;;2.4%;;;
2010.09.15 10:30:00;USD;2;Crude Oil Inventories;-1.9M;-2.6M;-2.5M;;;
2010.09.15 12:00:00;CAD;2;Gov Council Member Lane Speaks;;;;;;
2010.09.15 17:00:00;NZD;3;Official Cash Rate;3.00%;3.00%;3.00%;;;
2010.09.15 17:00:00;NZD;3;RBNZ Press Conference;;;;;;
2010.09.15 17:00:00;NZD;3;RBNZ Rate Statement;;;;;;
2010.09.15 17:00:00;NZD;2;RBNZ Monetary Policy Statement;;;;;;
2010.09.15 18:28:00;NZD;1;BusinessNZ Manufacturing Index;49.9;;49.3;;50.3;
2010.09.15 19:50:00;JPY;2;Tertiary Industry Activity m/m;-0.1%;0.7%;1.6%;;0.2%;
2010.09.15 21:00:00;AUD;2;MI Inflation Expectations;2.8%;;3.1%;;;
2010.09.15 21:30:00;AUD;1;RBA Bulletin;;;;;;
2010.09.15 23:45:00;AUD;2;RBA Deputy Gov Lowe Speaks;;;;;;
2010.09.16 01:45:00;CHF;2;SECO Economic Forecasts;;;;;;
2010.09.16 02:00:00;JPY;2;BOJ Gov Shirakawa Speaks;;;;;;
2010.09.16 03:15:00;CHF;2;Industrial Production q/q;-7.8%;3.3%;5.7%;;-7.9%;
2010.09.16 04:30:00;GBP;3;Retail Sales m/m;1.1%;0.3%;-0.5%;;0.8%;
2010.09.16 04:30:00;GBP;2;Consumer Inflation Expectations;3.3%;;3.4%;;;
2010.09.16 04:47:00;EUR;2;Spanish 10-y Bond Auction;4.86|1.9;;4.14|2.3;;;
2010.09.16 05:00:00;EUR;1;Trade Balance;-1.6B;-0.7B;-0.2B;;-1.4B;
2010.09.16 06:00:00;GBP;2;CBI Industrial Order Expectations;-14;-12;-17;;;
2010.09.16 07:34:00;GBP;2;10-y Bond Auction;3.49|1.7;;3.22|1.7;;;
2010.09.16 07:59:00;CHF;3;Libor Rate;0.25%;0.25%;0.25%;;;
2010.09.16 07:59:00;CHF;3;SNB Monetary Policy Assessment;;;;;;
2010.09.16 08:30:00;USD;3;PPI m/m;0.2%;0.3%;0.4%;;;
2010.09.16 08:30:00;USD;3;Unemployment Claims;451K;463K;450K;;453K;
2010.09.16 08:30:00;USD;2;Core PPI m/m;0.3%;0.1%;0.1%;;;
2010.09.16 08:30:00;USD;2;Current Account;-109B;-124B;-123B;;;
2010.09.16 09:00:00;USD;3;TIC Long-Term Purchases;44.4B;37.9B;61.2B;;;
2010.09.16 10:00:00;USD;3;Philly Fed Manufacturing Index;-7.7;0.9;-0.7;;;
2010.09.16 10:00:00;USD;3;Treasury Sec Geithner Speaks;;;;;;
2010.09.16 10:30:00;USD;1;Natural Gas Storage;58B;93B;103B;;;
2010.09.16 14:00:00;USD;2;Treasury Sec Geithner Speaks;;;;;;
2010.09.16 14:45:00;GBP;2;MPC Member Posen Speaks;;;;;;
2010.09.16 18:05:00;NZD;1;Westpac Consumer Sentiment;119.3;;114.1;;;
2010.09.17 02:00:00;EUR;2;German PPI m/m;0.5%;0.3%;0.0%;;;
2010.09.17 03:30:00;EUR;2;German Buba President Weber Speaks;;;;;;
2010.09.17 04:00:00;EUR;2;Current Account;-4.6B;-3.7B;-3.8B;;-3.8B;
2010.09.17 08:30:00;USD;3;Core CPI m/m;0.1%;0.1%;0.0%;;;
2010.09.17 08:30:00;USD;3;CPI y/y;1.2%;1.1%;1.1%;;;
2010.09.17 08:30:00;USD;2;CPI m/m;0.3%;0.2%;0.3%;;;
2010.09.17 09:55:00;USD;3;Prelim UoM Consumer Sentiment;69.6;70.2;66.6;;68.9;
2010.09.17 09:55:00;USD;1;Prelim UoM Inflation Expectations;2.8%;;2.2%;;2.7%;
2010.09.17 11:30:00;USD;1;FOMC Member Tarullo Speaks;;;;;;
2010.09.19 13:00:00;EUR;2;ECB President Trichet Speaks;;;;;;
2010.09.19 18:30:00;NZD;1;BusinessNZ Services Index;50.5;;51.4;;49.7;
2010.09.19 19:01:00;GBP;2;Rightmove HPI m/m;-1.7%;;-1.1%;;;
2010.09.19 19:01:00;GBP;1;BOE Quarterly Bulletin;;;;;;
2010.09.19 00:00:00;JPY;0;Bank Holiday (All Day);;;;;;
2010.09.19 23:30:00;AUD;3;RBA Gov Stevens Speaks;;;;;;
2010.09.20 04:00:00;EUR;1;Italian Trade Balance;-3.06B;-1.37B;1.75B;;;
2010.09.20 04:30:00;GBP;2;Prelim Mortgage Approvals;47K;46K;45K;;;
2010.09.20 04:30:00;GBP;1;M4 Money Supply m/m;0.4%;0.3%;-0.2%;;;
2010.09.20 06:00:00;EUR;1;German Buba Monthly Report;;;;;;
2010.09.20 08:30:00;CAD;2;Foreign Securities Purchases;5.39B;8.11B;5.48B;;;
2010.09.20 08:30:00;CAD;2;Wholesale Sales m/m;-0.3%;0.4%;-0.1%;;0.2%;
2010.09.20 10:00:00;USD;1;NAHB Housing Market Index;13;14;13;;;
2010.09.20 18:48:00;NZD;1;Visitor Arrivals m/m;1.4%;;0.6%;;0.8%;
2010.09.20 21:30:00;AUD;3;Monetary Policy Meeting Minutes;;;;;;
2010.09.20 23:00:00;NZD;1;Credit Card Spending y/y;2.7%;;2.0%;;2.6%;
2010.09.21 02:15:00;CHF;2;Trade Balance;2.89B;1.97B;0.57B;;2.84B;
2010.09.21 04:30:00;GBP;3;Public Sector Net Borrowing;3.2B;12.3B;15.3B;;2.0B;
2010.09.21 07:00:00;CAD;3;Core CPI m/m;-0.1%;0.1%;0.1%;;;
2010.09.21 07:00:00;CAD;2;CPI m/m;0.5%;0.0%;-0.1%;;;
2010.09.21 08:30:00;USD;3;Building Permits;0.57M;0.56M;0.57M;;0.56M;
2010.09.21 08:30:00;USD;2;Housing Starts;0.55M;0.55M;0.60M;;0.54M;
2010.09.21 14:15:00;USD;3;Federal Funds Rate;<0.25%;<0.25%;<0.25%;;;
2010.09.21 14:15:00;USD;3;FOMC Statement;;;;;;
2010.09.21 18:45:00;NZD;3;Current Account;0.18B;-0.19B;-0.88B;;0.16B;
2010.09.21 00:00:00;CNY;0;Bank Holiday (All Day);;;;;;
2010.09.21 20:30:00;AUD;2;MI Leading Index m/m;0.0%;;0.4%;;-0.1%;
2010.09.22 00:30:00;JPY;1;All Industries Activity m/m;0.1%;1.1%;1.0%;;0.2%;
2010.09.22 04:30:00;GBP;3;MPC Asset Purchase Facility Votes;0-0-9;0-0-9;0-0-9;;;
2010.09.22 04:30:00;GBP;3;MPC Official Bank Rate Votes;1-0-8;1-0-8;1-0-8;;;
2010.09.22 05:00:00;EUR;2;Industrial New Orders m/m;2.5%;-1.2%;-2.4%;;2.4%;
2010.09.22 08:30:00;CAD;3;Core Retail Sales m/m;-0.5%;0.4%;-0.4%;;-0.6%;
2010.09.22 08:30:00;CAD;2;Leading Index m/m;0.4%;0.5%;0.5%;;;
2010.09.22 08:30:00;CAD;2;Retail Sales m/m;0.1%;0.5%;-0.1%;;0.0%;
2010.09.22 09:00:00;EUR;2;Belgian NBB Business Climate;-5.1;-5.0;-3.4;;;
2010.09.22 10:00:00;EUR;1;Consumer Confidence;-12;-10;-11;;-11;
2010.09.22 10:00:00;USD;1;HPI m/m;-0.3%;-0.1%;-0.5%;;-1.2%;
2010.09.22 10:30:00;USD;2;Crude Oil Inventories;-2.5M;-1.5M;1.0M;;;
2010.09.22 14:00:00;USD;2;Treasury Sec Geithner Speaks;;;;;;
2010.09.22 18:45:00;NZD;3;GDP q/q;0.6%;0.8%;0.2%;;0.5%;
2010.09.22 00:00:00;CNY;0;Bank Holiday (All Day);;;;;;
2010.09.22 00:00:00;JPY;0;Bank Holiday (All Day);;;;;;
2010.09.23 03:00:00;EUR;2;French Flash Manufacturing PMI;54.7;55.0;55.4;;55.1;
2010.09.23 03:00:00;EUR;2;French Flash Services PMI;59.9;60.1;58.8;;60.4;
2010.09.23 03:30:00;EUR;2;German Flash Manufacturing PMI;58.2;57.7;55.3;;;
2010.09.23 03:30:00;EUR;2;German Flash Services PMI;58.5;57.2;54.6;;57.2;
2010.09.23 04:00:00;EUR;2;Flash Manufacturing PMI;55.0;54.6;53.6;;55.1;
2010.09.23 04:00:00;EUR;2;Flash Services PMI;55.6;55.5;53.6;;55.9;
2010.09.23 04:30:00;GBP;2;High Street Lending;33.7K;32.3K;31.8K;;34.2K;
2010.09.23 05:00:00;EUR;1;Italian Quarterly Unemployment Rate;8.4%;8.6%;8.5%;;;
2010.09.23 08:30:00;USD;3;Unemployment Claims;450K;451K;465K;;453K;
2010.09.23 10:00:00;USD;3;Existing Home Sales;3.83M;4.11M;4.13M;;3.84M;
2010.09.23 10:00:00;USD;1;CB Leading Index m/m;0.1%;0.1%;0.3%;;;
2010.09.23 10:30:00;USD;1;Natural Gas Storage;103B;82B;73B;;;
2010.09.23 00:00:00;CNY;0;Bank Holiday (All Day);;;;;;
2010.09.24 02:00:00;EUR;1;German Import Prices m/m;-0.2%;0.3%;0.2%;;;
2010.09.24 04:00:00;EUR;3;German ifo Business Climate;106.7;106.3;106.8;;;
2010.09.24 04:00:00;EUR;1;Italian Retail Sales m/m;0.3%;-0.4%;0.0%;;0.5%;
2010.09.24 05:00:00;CHF;1;SNB Quarterly Bulletin;;;;;;
2010.09.24 08:30:00;USD;3;Core Durable Goods Orders m/m;-3.8%;0.9%;2.0%;;-2.8%;
2010.09.24 08:30:00;USD;2;Durable Goods Orders m/m;0.3%;-0.9%;-1.3%;;0.7%;
2010.09.24 09:00:00;USD;1;FOMC Member Duke Speaks;;;;;;
2010.09.24 10:00:00;USD;3;New Home Sales;276K;292K;288K;;288K;
2010.09.24 16:30:00;USD;3;Fed Chairman Bernanke Speaks;;;;;;
2010.09.25 10:00:00;NZD;0;Daylight Saving Time Shift;;;;;;
2010.09.25 12:50:00;JPY;2;BOJ Gov Shirakawa Speaks;;;;;;
2010.09.25 23:50:00;JPY;2;BOJ Gov Shirakawa Speaks;;;;;;
2010.09.26 19:50:00;JPY;2;Trade Balance;0.61T;0.52T;0.59T;;0.59T;
2010.09.26 19:50:00;JPY;1;SPPI y/y;-1.2%;-1.2%;-1.1%;;-1.1%;
2010.09.27 01:30:00;JPY;2;BOJ Gov Shirakawa Speaks;;;;;;
2010.09.27 03:00:00;EUR;2;ECB President Trichet Speaks;;;;;;
2010.09.27 04:00:00;EUR;2;M3 Money Supply y/y;0.2%;0.4%;1.1%;;;
2010.09.27 04:00:00;EUR;1;Private Loans y/y;0.9%;1.2%;1.2%;;0.8%;
2010.09.27 09:00:00;EUR;3;ECB President Trichet Speaks;;;;;;
2010.09.28 02:00:00;CHF;2;UBS Consumption Indicator;1.86;;1.95;;1.88;
2010.09.28 02:00:00;EUR;2;German GfK Consumer Climate;4.1;4.3;4.9;;4.3;
2010.09.28 00:00:00;EUR;2;German Prelim CPI m/m (All Day);0.0%;-0.2%;-0.1%;;;
2010.09.28 00:00:00;EUR;1;French Consumer Spending m/m (Jul Data);-1.4%;0.5%;2.7%;;-1.5%;
2010.09.28 02:45:00;EUR;2;French Consumer Spending m/m;2.7%;-0.1%;-1.6%;;;
2010.09.28 04:30:00;GBP;3;Current Account;-9.6B;-9.6B;-7.4B;;-11.3B;
2010.09.28 04:30:00;GBP;2;Final GDP q/q;1.2%;1.2%;1.2%;;;
2010.09.28 04:30:00;GBP;1;Revised Business Investment q/q;-1.6%;-1.6%;0.7%;;;
2010.09.28 06:00:00;GBP;2;CBI Realized Sales;35;27;49;;;
2010.09.28 09:00:00;GBP;2;MPC Member Posen Speaks;;;;;;
2010.09.28 09:00:00;USD;2;S&P/CS Composite-20 HPI y/y;4.2%;3.1%;3.2%;;;
2010.09.28 10:00:00;USD;3;CB Consumer Confidence;53.5;52.5;48.5;;53.2;
2010.09.28 10:00:00;USD;1;Richmond Manufacturing Index;11;6;-2;;;
2010.09.28 16:30:00;USD;2;FOMC Member Warsh Speaks;;;;;;
2010.09.28 17:45:00;NZD;2;Trade Balance;-186M;-365M;-437M;;-183M;
2010.09.28 19:50:00;JPY;3;Tankan Manufacturing Index;1;7;8;;;
2010.09.28 19:50:00;JPY;2;Tankan Non-Manufacturing Index;-5;-2;2;;;
2010.09.28 20:00:00;AUD;2;CB Leading Index m/m;0.1%;;0.8%;;0.6%;
2010.09.28 20:42:00;AUD;2;HIA New Home Sales m/m;-7.0%;;-2.6%;;;
2010.09.28 22:30:00;CNY;2;Caixin Manufacturing PMI;51.9;;52.9;;;
2010.09.29 04:00:00;EUR;1;Retail PMI;49.7;;48.7;;;
2010.09.29 04:30:00;GBP;2;Net Lending to Individuals m/m;0.3B;0.5B;1.5B;;0.2B;
2010.09.29 04:30:00;GBP;1;Index of Services 3m/3m;0.7%;0.7%;0.5%;;0.6%;
2010.09.29 04:30:00;GBP;1;Mortgage Approvals;49K;47K;47K;;48K;
2010.09.29 05:30:00;CHF;3;KOF Economic Barometer;2.18;2.12;2.21;;2.22;
2010.09.29 05:32:00;EUR;2;Italian 10-y Bond Auction;3.81|1.3;;3.90|1.5;;;
2010.09.29 08:30:00;CAD;2;RMPI m/m;1.8%;0.6%;2.2%;;1.9%;
2010.09.29 08:30:00;CAD;1;IPPI m/m;0.1%;0.3%;0.4%;;0.0%;
2010.09.29 10:30:00;USD;2;Crude Oil Inventories;1.0M;-0.4M;-0.5M;;;
2010.09.29 13:15:00;USD;2;FOMC Member Rosengren Speaks;;;;;;
2010.09.29 17:45:00;NZD;2;Building Consents m/m;3.1%;;-17.8%;;2.4%;
2010.09.29 19:01:00;GBP;2;GfK Consumer Confidence;-18;-19;-20;;;
2010.09.29 19:15:00;JPY;1;Final Manufacturing PMI;50.1;;49.5;;;
2010.09.29 19:50:00;JPY;2;Prelim Industrial Production m/m;0.3%;1.2%;-0.3%;;-0.2%;
2010.09.29 19:50:00;JPY;2;Retail Sales y/y;3.9%;4.6%;4.3%;;3.8%;
2010.09.29 21:30:00;AUD;3;Building Approvals m/m;2.3%;0.0%;-4.7%;;0.1%;
2010.09.29 21:30:00;AUD;2;Private Sector Credit m/m;0.1%;0.3%;0.1%;;0.3%;
2010.09.29 21:30:00;AUD;2;RBA Financial Stability Review;;;;;;
2010.09.29 22:00:00;NZD;3;ANZ Business Confidence;16.4;;13.5;;;
2010.09.30 01:00:00;JPY;1;Housing Starts y/y;4.3%;10.3%;20.5%;;;
2010.09.30 02:00:00;GBP;3;Nationwide HPI m/m;-0.9%;-0.3%;0.1%;;-0.8%;
2010.09.30 03:00:00;GBP;2;MPC Member Tucker Speaks;;;;;;
2010.09.30 03:55:00;EUR;2;German Unemployment Change;-17K;-20K;-40K;;-20K;
2010.09.30 04:30:00;GBP;2;BOE Credit Conditions Survey;;;;;;
2010.09.30 05:00:00;EUR;2;CPI Flash Estimate y/y;1.6%;1.8%;1.8%;;;
2010.09.30 05:00:00;EUR;1;Italian Prelim CPI m/m;0.2%;0.0%;-0.2%;;;
2010.09.30 05:05:00;GBP;2;MPC Member Fisher Speaks;;;;;;
2010.09.30 08:30:00;CAD;3;GDP m/m;0.2%;-0.1%;-0.1%;;;
2010.09.30 08:30:00;USD;3;Unemployment Claims;465K;458K;453K;;469K;
2010.09.30 08:30:00;USD;2;Final GDP q/q;1.6%;1.6%;1.7%;;;
2010.09.30 08:30:00;USD;1;Final GDP Price Index q/q;1.9%;1.9%;1.9%;;;
2010.09.30 09:45:00;USD;2;Chicago PMI;56.7;56.0;60.4;;;
2010.09.30 10:00:00;USD;3;Fed Chairman Bernanke Testifies;;;;;;
2010.09.30 10:30:00;USD;1;Natural Gas Storage;73B;68B;74B;;;
2010.09.30 12:50:00;CAD;2;BOC Gov Carney Speaks;;;;;;
2010.09.30 14:30:00;USD;3;Fed Chairman Bernanke Speaks;;;;;;
2010.09.30 19:30:00;AUD;1;AIG Manufacturing Index;51.7;;47.3;;;
2010.09.30 19:30:00;JPY;2;Household Spending y/y;1.1%;1.4%;1.7%;;;
2010.09.30 19:30:00;JPY;2;Tokyo Core CPI y/y;-1.1%;-1.0%;-1.0%;;;
2010.09.30 19:30:00;JPY;1;National Core CPI y/y;-1.1%;-1.0%;-1.0%;;;
2010.09.30 19:30:00;JPY;1;Unemployment Rate;5.2%;5.1%;5.1%;;;
2010.09.30 00:00:00;CNY;0;Bank Holiday (All Day);;;;;;
2010.09.30 21:00:00;CNY;3;Manufacturing PMI;51.7;52.5;53.8;;;
