2010.02.01 00:35:00;AUD;2;Commodity Prices y/y;-16.6%;;-11.7%;;-15.7%;
2010.02.01 03:15:00;EUR;2;Spanish Manufacturing PMI;45.2;;45.3;;;
2010.02.01 03:30:00;CHF;2;Manufacturing PMI;54.6;55.4;56.0;;;
2010.02.01 03:45:00;EUR;1;Italian Manufacturing PMI;50.8;51.2;51.7;;;
2010.02.01 03:50:00;EUR;1;French Final Manufacturing PMI;54.7;54.7;55.4;;;
2010.02.01 03:55:00;EUR;1;German Final Manufacturing PMI;53.4;53.4;53.7;;;
2010.02.01 04:00:00;EUR;1;Final Manufacturing PMI;52.0;52.0;52.4;;;
2010.02.01 04:30:00;GBP;3;Final Manufacturing PMI;54.1;54.1;56.7;;54.6;
2010.02.01 04:30:00;GBP;2;Net Lending to Individuals m/m;1.1B;1.2B;1.2B;;1.2B;
2010.02.01 04:30:00;GBP;1;Mortgage Approvals;61K;62K;59K;;60K;
2010.02.01 08:30:00;USD;2;Core PCE Price Index m/m;0.0%;0.1%;0.1%;;;
2010.02.01 08:30:00;USD;2;Personal Spending m/m;0.5%;0.3%;0.2%;;0.7%;
2010.02.01 08:30:00;USD;1;Personal Income m/m;0.4%;0.4%;0.4%;;0.5%;
2010.02.01 10:00:00;USD;3;ISM Manufacturing PMI;55.9;55.5;58.4;;;
2010.02.01 10:00:00;USD;2;Treasury Sec Geithner Speaks;;;;;;
2010.02.01 10:00:00;USD;1;Construction Spending m/m;-0.6%;-0.4%;-1.2%;;-1.2%;
2010.02.01 10:00:00;USD;1;ISM Manufacturing Prices;61.5;63.0;70.0;;;
2010.02.01 14:00:00;USD;1;Loan Officer Survey;;;;;;
2010.02.01 16:45:00;NZD;3;Labor Cost Index q/q;0.4%;0.5%;0.3%;;;
2010.02.01 18:50:00;JPY;1;Monetary Base y/y;5.2%;4.9%;4.9%;;;
2010.02.01 19:30:00;AUD;2;NAB Business Confidence;19;;8;;;
2010.02.01 20:30:00;JPY;2;Average Cash Earnings y/y;-2.8%;-2.6%;-6.1%;;-2.4%;
2010.02.01 22:30:00;AUD;3;Cash Rate;3.75%;4.00%;3.75%;;;
2010.02.01 22:30:00;AUD;3;RBA Rate Statement;;;;;;
2010.02.01 22:45:00;JPY;1;10-y Bond Auction;1.34|2.6;;1.35|3.6;;;
2010.02.02 01:45:00;CHF;2;SECO Consumer Climate;-14;-10;-7;;;
2010.02.02 02:00:00;EUR;2;German Retail Sales m/m;-1.1%;0.9%;0.8%;;-1.7%;
2010.02.02 03:00:00;EUR;2;Spanish Unemployment Change;54.7K;;124.9K;;;
2010.02.02 04:30:00;GBP;2;Construction PMI;47.1;47.7;48.6;;;
2010.02.02 05:00:00;EUR;1;PPI m/m;0.1%;0.0%;0.1%;;0.2%;
2010.02.02 08:30:00;NZD;1;GDT Price Index;-5.4%;;-2.5%;;;
2010.02.02 10:00:00;USD;3;Pending Home Sales m/m;-16.0%;0.4%;1.0%;;-16.4%;
2010.02.02 10:00:00;USD;2;Treasury Sec Geithner Speaks;;;;;;
2010.02.02 00:00:00;USD;1;Total Vehicle Sales (All Day);11.3M;11.1M;10.8M;;;
2010.02.02 17:30:00;AUD;2;AIG Services Index;50.0;;47.4;;;
2010.02.02 19:01:00;GBP;2;Nationwide Consumer Confidence;69;70;73;;70;
2010.02.02 19:01:00;GBP;1;BRC Shop Price Index y/y;2.2%;;2.3%;;;
2010.02.02 19:30:00;AUD;3;Goods Trade Balance;-1.70B;-2.36B;-2.25B;;-1.73B;
2010.02.02 20:00:00;CNY;1;Non-Manufacturing PMI;57.5;;55.1;;;
2010.02.03 03:15:00;EUR;1;Spanish Services PMI;45.0;;48.8;;;
2010.02.03 03:45:00;EUR;1;Italian Services PMI;53.9;52.9;50.9;;;
2010.02.03 03:50:00;EUR;1;French Final Services PMI;57.0;57.0;56.3;;;
2010.02.03 03:55:00;EUR;1;German Final Services PMI;51.2;51.2;52.2;;;
2010.02.03 04:00:00;EUR;1;Final Services PMI;52.3;52.3;52.5;;;
2010.02.03 04:30:00;GBP;3;Final Services PMI;56.8;56.6;54.5;;;
2010.02.03 05:00:00;EUR;2;Retail Sales m/m;-1.2%;0.4%;0.0%;;-0.5%;
2010.02.03 07:30:00;USD;1;Challenger Job Cuts y/y;-72.9%;;-70.4%;;;
2010.02.03 08:15:00;USD;3;ADP Non-Farm Employment Change;-84K;-31K;-22K;;-61K;
2010.02.03 10:00:00;USD;3;ISM Services PMI;50.1;51.1;50.5;;;
2010.02.03 10:00:00;USD;1;Treasury Sec Geithner Speaks;;;;;;
2010.02.03 10:30:00;USD;2;Crude Oil Inventories;-3.9M;0.4M;2.3M;;;
2010.02.03 12:00:00;USD;2;FOMC Member Warsh Speaks;;;;;;
2010.02.03 16:45:00;NZD;3;Employment Change q/q;-0.8%;-0.1%;-0.1%;;;
2010.02.03 16:45:00;NZD;3;Unemployment Rate;6.5%;6.8%;7.3%;;;
2010.02.03 16:45:00;NZD;1;Visitor Arrivals m/m;-3.7%;;8.5%;;-4.7%;
2010.02.03 19:30:00;AUD;3;Building Approvals m/m;5.9%;-0.2%;2.2%;;10.4%;
2010.02.03 19:30:00;AUD;3;Retail Sales m/m;1.4%;0.3%;-0.7%;;1.5%;
2010.02.04 02:15:00;CHF;2;Trade Balance;2.14B;2.33B;1.36B;;1.98B;
2010.02.04 03:00:00;CHF;3;Foreign Currency Reserves;95B;;94B;;;
2010.02.04 04:00:00;GBP;3;Halifax HPI m/m;1.0%;0.9%;0.6%;;0.8%;
2010.02.04 05:02:00;EUR;2;French 10-y Bond Auction;3.60|1.7;;3.58|1.7;;;
2010.02.04 06:00:00;EUR;2;German Factory Orders m/m;0.2%;0.2%;-2.3%;;2.7%;
2010.02.04 07:00:00;GBP;3;Asset Purchase Facility;200B;200B;200B;;;
2010.02.04 07:00:00;GBP;3;MPC Rate Statement;;;;;;
2010.02.04 07:00:00;GBP;3;Official Bank Rate;0.50%;0.50%;0.50%;;;
2010.02.04 07:45:00;EUR;3;Main Refinancing Rate;1.00%;1.00%;1.00%;;;
2010.02.04 08:30:00;CAD;3;Building Permits m/m;-4.6%;2.7%;2.4%;;-3.2%;
2010.02.04 08:30:00;EUR;3;ECB Press Conference;;;;;;
2010.02.04 08:30:00;USD;3;Unemployment Claims;470K;461K;480K;;472K;
2010.02.04 08:30:00;USD;2;Prelim Nonfarm Productivity q/q;9.5%;5.7%;6.2%;;8.1%;
2010.02.04 08:30:00;USD;2;Prelim Unit Labor Costs q/q;-5.2%;-2.3%;-4.4%;;-2.5%;
2010.02.04 10:00:00;CAD;3;Ivey PMI;48.4;52.3;50.8;;;
2010.02.04 10:00:00;USD;2;Factory Orders m/m;1.1%;0.7%;1.0%;;1.0%;
2010.02.04 10:00:00;USD;1;Treasury Sec Geithner Speaks;;;;;;
2010.02.04 10:30:00;USD;1;Natural Gas Storage;-86B;-123B;-115B;;;
2010.02.04 13:45:00;CAD;2;BOC Gov Carney Speaks;;;;;;
2010.02.04 14:00:00;USD;3;FOMC Member Hoenig Speaks;;;;;;
2010.02.04 17:30:00;AUD;1;AIG Construction Index;49.3;;57.7;;;
2010.02.04 19:30:00;AUD;3;RBA Monetary Policy Statement;;;;;;
2010.02.05 00:00:00;JPY;1;Leading Indicators;91.2%;93.7%;94.0%;;91.0%;
2010.02.05 02:45:00;EUR;1;French Gov Budget Balance;-143.3B;;-138.0B;;;
2010.02.05 02:45:00;EUR;1;French Trade Balance;-5.3B;-3.9B;-4.3B;;-5.0B;
2010.02.05 04:30:00;GBP;3;PPI Input m/m;0.1%;0.7%;2.0%;;0.6%;
2010.02.05 04:30:00;GBP;1;PPI Output m/m;0.5%;0.3%;0.4%;;;
2010.02.05 05:00:00;EUR;1;Italian Prelim CPI m/m;0.2%;0.3%;0.1%;;;
2010.02.05 06:00:00;EUR;2;German Industrial Production m/m;0.7%;0.6%;-2.6%;;;
2010.02.05 07:00:00;CAD;3;Employment Change;-2.6K;15.2K;43.0K;;;
2010.02.05 07:00:00;CAD;3;Unemployment Rate;8.5%;8.5%;8.3%;;;
2010.02.05 08:30:00;USD;3;Non-Farm Employment Change;-85K;10K;-20K;;-150K;
2010.02.05 08:30:00;USD;3;Unemployment Rate;10.0%;10.0%;9.7%;;;
2010.02.05 08:30:00;USD;2;Average Hourly Earnings m/m;0.2%;0.2%;0.2%;;;
2010.02.05 00:00:00;All;2;G7 Meetings (Day 1);;;;;;
2010.02.05 15:00:00;USD;1;Consumer Credit m/m;-17.5B;-9.2B;-1.7B;;-21.8B;
2010.02.05 17:15:00;USD;2;FOMC Member Bullard Speaks;;;;;;
2010.02.06 00:00:00;All;3;G7 Meetings (Day 2);;;;;;
2010.02.06 13:15:00;USD;3;Treasury Sec Geithner Speaks;;;;;;
2010.02.07 18:50:00;JPY;1;Bank Lending y/y;-1.0%;;-1.5%;;;
2010.02.07 18:50:00;JPY;1;Current Account;1.30T;1.27T;1.10T;;;
2010.02.07 18:50:00;JPY;1;M2 Money Stock y/y;3.1%;3.0%;2.9%;;;
2010.02.08 00:00:00;JPY;1;Economy Watchers Sentiment;35.4;35.9;38.8;;;
2010.02.08 01:45:00;CHF;1;Unemployment Rate;4.2%;4.3%;4.1%;;;
2010.02.08 03:15:00;CHF;3;Retail Sales y/y;0.6%;1.3%;4.7%;;-0.1%;
2010.02.08 04:30:00;EUR;1;Sentix Investor Confidence;-3.7;-2.3;-8.2;;;
2010.02.08 08:15:00;CAD;3;Housing Starts;175K;180K;186K;;176K;
2010.02.08 13:00:00;CAD;2;Gov Council Member Duguay Speaks;;;;;;
2010.02.08 17:00:00;EUR;2;ECB President Trichet Speaks;;;;;;
2010.02.08 19:01:00;GBP;2;BRC Retail Sales Monitor y/y;4.2%;;-0.7%;;;
2010.02.08 19:01:00;GBP;2;RICS House Price Balance;30%;28%;32%;;;
2010.02.08 22:45:00;JPY;1;30-y Bond Auction;2.21|3.5;;2.31|3.9;;;
2010.02.09 01:00:00;JPY;1;Prelim Machine Tool Orders y/y;62.8%;;192.0%;;63.4%;
2010.02.09 02:00:00;EUR;1;German Final CPI m/m;-0.6%;-0.6%;-0.6%;;;
2010.02.09 02:00:00;EUR;1;German Trade Balance;17.2B;14.8B;16.7B;;17.0B;
2010.02.09 04:30:00;GBP;2;Goods Trade Balance;-6.8B;-6.6B;-7.3B;;;
2010.02.09 07:30:00;USD;1;NFIB Small Business Index;88.0;;89.3;;;
2010.02.09 10:00:00;USD;1;Final Wholesale Inventories m/m;1.5%;0.5%;-0.8%;;1.6%;
2010.02.09 10:00:00;USD;1;JOLTS Job Openings;2.42M;;2.50M;;2.43M;
2010.02.09 10:00:00;USD;1;RCM/TIPP Economic Optimism;48.8;49.3;46.8;;;
2010.02.09 18:30:00;AUD;2;Westpac Consumer Sentiment;5.6%;;-2.6%;;;
2010.02.09 18:50:00;JPY;2;Core Machinery Orders m/m;-11.3%;8.1%;20.1%;;;
2010.02.09 18:50:00;JPY;1;PPI y/y;-3.9%;-2.3%;-2.1%;;;
2010.02.09 19:30:00;AUD;3;Home Loans m/m;-5.6%;-4.8%;-5.5%;;-6.1%;
2010.02.09 22:30:00;CNY;3;USD-Denominated Trade Balance;18.4B;20.2B;14.2B;;;
2010.02.10 02:45:00;EUR;2;French Industrial Production m/m;1.1%;0.6%;-0.1%;;0.6%;
2010.02.10 04:00:00;EUR;1;Italian Industrial Production m/m;0.2%;0.0%;-0.7%;;0.4%;
2010.02.10 04:30:00;GBP;3;Manufacturing Production m/m;0.0%;0.4%;0.9%;;0.2%;
2010.02.10 04:30:00;GBP;1;Industrial Production m/m;0.4%;0.2%;0.5%;;;
2010.02.10 05:06:00;EUR;2;German 10-y Bond Auction;3.38|1.6;;3.22|1.7;;;
2010.02.10 05:30:00;GBP;3;BOE Gov King Speaks;;;;;;
2010.02.10 05:30:00;GBP;3;BOE Monetary Policy Report;;;;;;
2010.02.10 08:30:00;CAD;3;Trade Balance;-0.3B;-0.1B;-0.2B;;-0.2B;
2010.02.10 08:30:00;USD;3;Trade Balance;-36.4B;-35.8B;-40.2B;;;
2010.02.10 10:00:00;GBP;2;NIESR GDP Estimate;0.3%;;0.4%;;0.1%;
2010.02.10 10:00:00;USD;3;Fed Chairman Bernanke Testifies;;;;;;
2010.02.10 13:00:00;USD;2;10-y Bond Auction;3.75|3.0;;3.69|2.7;;;
2010.02.10 16:36:00;NZD;1;BusinessNZ Manufacturing Index;52.9;;52.0;;53.0;
2010.02.10 16:49:00;NZD;1;FPI m/m;-0.3%;;2.1%;;;
2010.02.10 19:00:00;AUD;2;MI Inflation Expectations;3.5%;;3.2%;;;
2010.02.10 00:00:00;JPY;0;Bank Holiday (All Day);;;;;;
2010.02.10 19:30:00;AUD;3;Employment Change;35.2K;15.1K;52.7K;;37.5K;
2010.02.10 19:30:00;AUD;3;Unemployment Rate;5.5%;5.6%;5.3%;;;
2010.02.10 21:02:00;CNY;2;CPI y/y;1.9%;2.2%;1.5%;;;
2010.02.10 21:02:00;CNY;2;PPI y/y;1.7%;3.9%;4.3%;;;
2010.02.10 21:07:00;CNY;2;New Loans;380B;;1390B;;;
2010.02.10 21:07:00;CNY;1;M2 Money Supply y/y;27.7%;26.3%;26.0%;;;
2010.02.11 02:00:00;EUR;1;German WPI m/m;0.2%;0.1%;1.3%;;;
2010.02.11 03:00:00;EUR;2;Spanish Flash GDP q/q;-0.3%;-0.1%;-0.1%;;;
2010.02.11 03:15:00;CHF;2;CPI m/m;-0.2%;-0.4%;-0.1%;;;
2010.02.11 04:00:00;EUR;2;ECB Monthly Bulletin;;;;;;
2010.02.11 00:00:00;EUR;3;EU Economic Summit (All Day);;;;;;
2010.02.11 08:30:00;CAD;2;NHPI m/m;0.4%;0.4%;0.4%;;;
2010.02.11 08:30:00;USD;3;Unemployment Claims;480K;460K;440K;;483K;
2010.02.11 13:00:00;USD;1;30-y Bond Auction;4.64|2.7;;4.72|2.4;;;
2010.02.11 16:00:00;NZD;2;REINZ HPI m/m;-0.9%;;-1.6%;;;
2010.02.11 16:45:00;NZD;3;Core Retail Sales m/m;0.8%;0.3%;-1.8%;;;
2010.02.11 16:45:00;NZD;2;Retail Sales m/m;0.8%;0.7%;0.0%;;;
2010.02.11 16:45:00;NZD;1;Core Retail Sales q/q;0.5%;;1.3%;;0.7%;
2010.02.11 16:45:00;NZD;1;Retail Sales q/q;0.1%;1.5%;1.0%;;0.3%;
2010.02.12 00:00:00;JPY;1;Consumer Confidence;37.6;38.2;39.0;;;
2010.02.12 02:00:00;EUR;3;German Prelim GDP q/q;0.7%;0.2%;0.0%;;;
2010.02.12 02:45:00;EUR;2;French Prelim Private Payrolls q/q;0.0%;-0.2%;-0.4%;;-0.5%;
2010.02.12 02:45:00;EUR;1;French Prelim GDP q/q;0.3%;0.5%;0.6%;;0.2%;
2010.02.12 04:00:00;EUR;1;Italian Prelim GDP q/q;0.6%;0.1%;-0.2%;;;
2010.02.12 05:00:00;EUR;2;Flash GDP q/q;0.4%;0.4%;0.1%;;;
2010.02.12 05:00:00;EUR;2;Industrial Production m/m;1.0%;0.3%;-1.7%;;1.4%;
2010.02.12 05:00:00;GBP;1;CB Leading Index m/m;0.9%;;0.4%;;;
2010.02.12 08:30:00;CAD;1;New Motor Vehicle Sales m/m;-6.0%;2.0%;2.6%;;-2.8%;
2010.02.12 08:30:00;USD;3;Core Retail Sales m/m;-0.2%;0.4%;0.6%;;;
2010.02.12 08:30:00;USD;3;Retail Sales m/m;-0.3%;0.4%;0.5%;;-0.1%;
2010.02.12 09:55:00;USD;3;Prelim UoM Consumer Sentiment;72.8;74.8;73.7;;74.4;
2010.02.12 09:55:00;USD;1;Prelim UoM Inflation Expectations;2.8%;;2.7%;;;
2010.02.12 10:00:00;USD;2;Business Inventories m/m;0.4%;0.3%;-0.2%;;0.5%;
2010.02.12 10:30:00;USD;1;Natural Gas Storage;-115B;-176B;-191B;;;
2010.02.12 11:00:00;USD;2;Crude Oil Inventories;2.3M;1.4M;2.4M;;;
2010.02.12 14:30:00;USD;1;FOMC Member Tarullo Speaks;;;;;;
2010.02.12 23:30:00;CAD;2;BOC Gov Carney Speaks;;;;;;
2010.02.14 16:30:00;NZD;1;BusinessNZ Services Index;56.0;;53.1;;54.4;
2010.02.14 18:50:00;JPY;3;Prelim GDP q/q;1.2%;1.0%;1.1%;;0.0%;
2010.02.14 18:52:00;JPY;2;Prelim GDP Price Index y/y;0.2%;-2.2%;-3.0%;;-0.6%;
2010.02.14 00:00:00;CNY;0;Bank Holiday (All Day);;;;;;
2010.02.14 19:01:00;GBP;2;Rightmove HPI m/m;0.4%;;3.2%;;;
2010.02.14 23:30:00;JPY;1;Revised Industrial Production m/m;2.2%;2.2%;1.9%;;;
2010.02.15 03:15:00;CHF;2;PPI m/m;0.1%;0.1%;0.3%;;0.2%;
2010.02.15 04:00:00;EUR;1;Italian Trade Balance;-0.79B;-0.72B;-0.12B;;-0.91B;
2010.02.15 00:00:00;EUR;2;Eurogroup Meetings (All Day);;;;;;
2010.02.15 00:00:00;USD;0;Bank Holiday (All Day);;;;;;
2010.02.15 16:45:00;NZD;3;PPI Input q/q;-1.1%;0.5%;0.3%;;;
2010.02.15 16:45:00;NZD;1;PPI Output q/q;-1.4%;0.4%;-0.4%;;;
2010.02.15 00:00:00;CNY;0;Bank Holiday (All Day);;;;;;
2010.02.15 19:30:00;AUD;3;Monetary Policy Meeting Minutes;;;;;;
2010.02.15 19:30:00;AUD;2;NAB Business Confidence;8;;15;;;
2010.02.15 20:45:00;AUD;2;RBA Deputy Gov Debelle Speaks;;;;;;
2010.02.16 00:00:00;EUR;2;ECOFIN Meetings (All Day);;;;;;
2010.02.16 04:30:00;GBP;3;CPI y/y;2.9%;3.6%;3.5%;;;
2010.02.16 04:30:00;GBP;2;Core CPI y/y;2.8%;3.2%;3.1%;;;
2010.02.16 04:30:00;GBP;1;ONS HPI y/y;0.6%;1.4%;2.9%;;0.5%;
2010.02.16 04:30:00;GBP;1;RPI y/y;2.4%;3.8%;3.7%;;;
2010.02.16 05:00:00;EUR;3;German ZEW Economic Sentiment;47.2;42.5;45.1;;;
2010.02.16 05:00:00;EUR;2;ZEW Economic Sentiment;46.4;42.6;40.2;;;
2010.02.16 05:30:00;GBP;3;BOE Inflation Letter;;;;;;
2010.02.16 08:30:00;CAD;2;Manufacturing Sales m/m;0.1%;2.1%;1.6%;;;
2010.02.16 08:30:00;USD;2;Empire State Manufacturing Index;15.9;17.9;24.9;;;
2010.02.16 09:00:00;USD;3;TIC Long-Term Purchases;126.8B;50.3B;63.3B;;126.4B;
2010.02.16 12:00:00;USD;2;FOMC Member Hoenig Speaks;;;;;;
2010.02.16 13:00:00;USD;1;NAHB Housing Market Index;15;16;17;;;
2010.02.16 18:30:00;AUD;2;MI Leading Index m/m;1.0%;;0.5%;;;
2010.02.16 18:50:00;JPY;2;Tertiary Industry Activity m/m;-0.2%;-0.2%;-0.9%;;-0.1%;
2010.02.16 00:00:00;CNY;0;Bank Holiday (All Day);;;;;;
2010.02.17 04:30:00;GBP;3;Claimant Count Change;-15.2K;-14.6K;23.5K;;-9.6K;
2010.02.17 04:30:00;GBP;3;MPC Asset Purchase Facility Votes;0-0-9;0-0-9;0-0-9;;;
2010.02.17 04:30:00;GBP;3;MPC Official Bank Rate Votes;0-0-9;0-0-9;0-0-9;;;
2010.02.17 04:30:00;GBP;2;Average Earnings Index 3m/y;0.7%;1.2%;0.8%;;0.8%;
2010.02.17 04:30:00;GBP;1;Unemployment Rate;7.8%;7.8%;7.8%;;;
2010.02.17 05:00:00;EUR;1;Trade Balance;3.9B;4.2B;7.0B;;5.3B;
2010.02.17 08:30:00;CAD;2;Wholesale Sales m/m;2.5%;0.6%;0.7%;;2.7%;
2010.02.17 08:30:00;USD;3;Building Permits;0.65M;0.63M;0.62M;;;
2010.02.17 08:30:00;USD;2;Housing Starts;0.56M;0.58M;0.59M;;0.58M;
2010.02.17 08:30:00;USD;2;Import Prices m/m;0.0%;0.9%;1.4%;;0.2%;
2010.02.17 09:15:00;USD;2;Capacity Utilization Rate;72.0%;72.6%;72.6%;;71.9%;
2010.02.17 09:15:00;USD;2;Industrial Production m/m;0.6%;0.7%;0.9%;;0.7%;
2010.02.17 12:35:00;CAD;2;Gov Council Member Longworth Speaks;;;;;;
2010.02.17 14:00:00;USD;3;FOMC Meeting Minutes;;;;;;
2010.02.17 14:00:00;USD;2;Federal Budget Balance;-91.9B;-44.2B;-42.6B;;;
2010.02.17 17:20:00;AUD;2;RBA Deputy Gov Lowe Speaks;;;;;;
2010.02.17 00:00:00;CNY;0;Bank Holiday (All Day);;;;;;
2010.02.17 19:30:00;AUD;2;NAB Quarterly Business Confidence;16;;18;;;
2010.02.17 21:45:00;JPY;2;Monetary Policy Statement;;;;;;
2010.02.17 21:45:00;JPY;2;Overnight Call Rate;0.10%;0.10%;0.10%;;;
2010.02.18 02:15:00;CHF;2;Trade Balance;1.36B;1.79B;2.42B;;;
2010.02.18 02:22:00;JPY;3;BOJ Press Conference;;;;;;
2010.02.18 04:30:00;GBP;2;Prelim Mortgage Approvals;62K;63K;49K;;;
2010.02.18 04:30:00;GBP;2;Public Sector Net Borrowing;15.7B;-2.4B;4.3B;;14.0B;
2010.02.18 04:30:00;GBP;1;M4 Money Supply m/m;-1.1%;0.6%;0.6%;;-0.9%;
2010.02.18 05:00:00;CHF;2;Credit Suisse Economic Expectations;56.2;;52.5;;;
2010.02.18 06:00:00;EUR;1;German Buba Monthly Report;;;;;;
2010.02.18 06:00:00;GBP;2;CBI Industrial Order Expectations;-39;-35;-36;;;
2010.02.18 07:00:00;CAD;3;Core CPI m/m;-0.3%;0.1%;0.1%;;;
2010.02.18 07:00:00;CAD;2;CPI m/m;-0.3%;0.3%;0.3%;;;
2010.02.18 08:30:00;CAD;2;Foreign Securities Purchases;10.54B;7.21B;11.23B;;10.58B;
2010.02.18 08:30:00;USD;3;PPI m/m;0.2%;0.8%;1.4%;;;
2010.02.18 08:30:00;USD;3;Unemployment Claims;440K;440K;473K;;442K;
2010.02.18 08:30:00;USD;2;Core PPI m/m;0.0%;0.2%;0.3%;;;
2010.02.18 09:00:00;EUR;1;Consumer Confidence;-16;-17;-17;;;
2010.02.18 10:00:00;USD;3;Philly Fed Manufacturing Index;15.2;17.2;17.6;;;
2010.02.18 10:00:00;USD;1;CB Leading Index m/m;1.1%;0.6%;0.3%;;1.2%;
2010.02.18 10:30:00;CAD;1;BOC Review;;;;;;
2010.02.18 10:30:00;USD;1;Natural Gas Storage;-191B;-185B;-190B;;;
2010.02.18 11:00:00;USD;2;Crude Oil Inventories;2.4M;1.5M;3.1M;;;
2010.02.18 14:00:00;GBP;2;MPC Member Fisher Speaks;;;;;;
2010.02.18 16:30:00;USD;3;Fed Announcement;;;;;;
2010.02.18 17:30:00;AUD;3;RBA Gov Stevens Speaks;;;;;;
2010.02.18 18:00:00;USD;1;FOMC Member Duke Speaks;;;;;;
2010.02.18 00:00:00;CNY;0;Bank Holiday (All Day);;;;;;
2010.02.18 20:30:00;USD;2;FOMC Member Bullard Speaks;;;;;;
2010.02.18 21:00:00;NZD;1;Credit Card Spending y/y;1.8%;;2.6%;;1.9%;
2010.02.18 23:30:00;JPY;1;All Industries Activity m/m;0.1%;0.3%;-0.3%;;0.2%;
2010.02.19 00:00:00;JPY;2;BOJ Monthly Report;;;;;;
2010.02.19 02:00:00;EUR;2;German PPI m/m;-0.1%;0.4%;0.8%;;;
2010.02.19 03:00:00;EUR;2;French Flash Manufacturing PMI;54.7;55.3;54.6;;55.4;
2010.02.19 03:00:00;EUR;2;French Flash Services PMI;57.0;56.4;54.7;;56.3;
2010.02.19 03:30:00;EUR;2;German Flash Manufacturing PMI;53.4;54.1;57.1;;53.7;
2010.02.19 03:30:00;EUR;2;German Flash Services PMI;51.2;52.5;51.7;;52.2;
2010.02.19 04:00:00;EUR;2;Current Account;0.1B;-0.6B;1.9B;;-0.5B;
2010.02.19 04:00:00;EUR;2;Flash Manufacturing PMI;52.0;52.8;54.1;;52.4;
2010.02.19 04:00:00;EUR;2;Flash Services PMI;52.3;52.6;52.0;;52.5;
2010.02.19 04:30:00;GBP;3;Retail Sales m/m;0.3%;-0.5%;-1.8%;;;
2010.02.19 08:00:00;USD;1;FOMC Member Dudley Speaks;;;;;;
2010.02.19 08:30:00;CAD;3;Core Retail Sales m/m;0.0%;0.4%;0.4%;;-0.2%;
2010.02.19 08:30:00;CAD;2;Leading Index m/m;1.5%;1.1%;0.9%;;;
2010.02.19 08:30:00;CAD;2;Retail Sales m/m;-0.3%;0.6%;0.4%;;-0.5%;
2010.02.19 08:30:00;USD;3;Core CPI m/m;0.1%;0.2%;-0.1%;;;
2010.02.19 08:30:00;USD;3;CPI y/y;2.7%;2.7%;2.6%;;;
2010.02.19 08:30:00;USD;2;CPI m/m;0.1%;0.3%;0.2%;;;
2010.02.19 10:00:00;USD;2;Mortgage Delinquencies;9.64%;;9.47%;;;
2010.02.20 06:27:00;CNY;1;Foreign Direct Investment ytd/y;-2.6%;;7.8%;;;
2010.02.21 19:30:00;AUD;2;New Motor Vehicle Sales m/m;3.3%;;-3.4%;;3.1%;
2010.02.22 14:30:00;CAD;2;Gov Council Member Jenkins Speaks;;;;;;
2010.02.22 18:50:00;JPY;2;Monetary Policy Meeting Minutes;;;;;;
2010.02.22 21:00:00;NZD;3;Inflation Expectations q/q;2.60%;;2.65%;;;
2010.02.23 02:00:00;AUD;2;RBA Deputy Gov Battellino Speaks;;;;;;
2010.02.23 02:00:00;CHF;2;UBS Consumption Indicator;1.20;;1.36;;1.19;
2010.02.23 02:45:00;EUR;2;French Consumer Spending m/m;2.1%;-0.6%;-2.7%;;1.3%;
2010.02.23 02:45:00;EUR;1;French Final CPI m/m;0.3%;-0.3%;-0.2%;;;
2010.02.23 04:00:00;EUR;3;German ifo Business Climate;95.8;96.2;95.2;;;
2010.02.23 04:15:00;GBP;3;Monetary Policy Report Hearings;;;;;;
2010.02.23 04:30:00;GBP;2;High Street Lending;45.9K;45.3K;35.1K;;45.7K;
2010.02.23 07:10:00;GBP;2;MPC Member Tucker Speaks;;;;;;
2010.02.23 09:00:00;EUR;2;Belgian NBB Business Climate;-7.0;-4.9;-7.0;;;
2010.02.23 09:00:00;USD;2;S&P/CS Composite-20 HPI y/y;-5.3%;-3.0%;-3.1%;;;
2010.02.23 09:59:00;USD;1;Richmond Manufacturing Index;-2;0;2;;;
2010.02.23 10:00:00;USD;3;CB Consumer Confidence;55.9;55.0;46.0;;56.5;
2010.02.23 17:05:00;USD;2;FOMC Member Bullard Speaks;;;;;;
2010.02.23 18:50:00;JPY;2;Trade Balance;0.52T;0.51T;0.73T;;0.66T;
2010.02.23 18:50:00;JPY;1;SPPI y/y;-1.5%;-1.1%;-1.0%;;;
2010.02.23 19:30:00;AUD;2;Construction Work Done q/q;2.2%;2.1%;2.6%;;1.6%;
2010.02.23 19:30:00;AUD;2;Wage Price Index q/q;0.7%;0.8%;0.6%;;;
2010.02.24 02:00:00;EUR;2;German GfK Consumer Climate;3.2;3.1;3.2;;3.3;
2010.02.24 02:00:00;EUR;1;German Final GDP q/q;0.0%;0.0%;0.0%;;;
2010.02.24 04:00:00;EUR;1;Italian Retail Sales m/m;0.0%;0.1%;0.0%;;;
2010.02.24 04:25:00;GBP;2;MPC Member Posen Speaks;;;;;;
2010.02.24 05:00:00;EUR;2;Industrial New Orders m/m;1.6%;-1.1%;0.8%;;2.7%;
2010.02.24 05:46:00;GBP;2;10-y Bond Auction;4.09|2.4;;4.13|2.3;;;
2010.02.24 08:30:00;CAD;1;Corporate Profits q/q;7.9%;;7.9%;;;
2010.02.24 10:00:00;USD;3;Fed Chairman Bernanke Testifies;;;;;;
2010.02.24 10:00:00;USD;3;New Home Sales;342K;354K;309K;;348K;
2010.02.24 10:00:00;USD;2;Treasury Sec Geithner Speaks;;;;;;
2010.02.24 10:00:00;USD;1;Fed Monetary Policy Report;;;;;;
2010.02.24 10:30:00;USD;2;Crude Oil Inventories;3.1M;1.8M;3.0M;;;
2010.02.24 18:00:00;AUD;2;CB Leading Index m/m;-0.3%;;0.6%;;;
2010.02.24 19:30:00;AUD;3;Private Capital Expenditure q/q;-3.9%;1.5%;5.5%;;-5.2%;
2010.02.24 21:00:00;NZD;3;ANZ Business Confidence;38.5;;50.1;;;
2010.02.25 03:15:00;CHF;2;Employment Level;3.96M;3.95M;3.96M;;;
2010.02.25 03:55:00;EUR;2;German Unemployment Change;6K;18K;7K;;5K;
2010.02.25 04:00:00;EUR;2;M3 Money Supply y/y;-0.2%;0.1%;0.1%;;-0.3%;
2010.02.25 04:00:00;EUR;1;Private Loans y/y;0.0%;0.1%;-0.6%;;-0.1%;
2010.02.25 04:00:00;EUR;1;Retail PMI;46.5;;44.6;;;
2010.02.25 04:30:00;GBP;3;BOE Gov King Speaks;;;;;;
2010.02.25 04:30:00;GBP;2;Prelim Business Investment q/q;-3.0%;0.2%;-5.8%;;-0.6%;
2010.02.25 05:24:00;EUR;2;Italian 10-y Bond Auction;4.08|1.3;;3.99|1.4;;;
2010.02.25 07:45:00;GBP;3;CBI Realized Sales;-8;-1;23;;;
2010.02.25 08:30:00;USD;3;Core Durable Goods Orders m/m;0.9%;1.1%;-0.6%;;2.0%;
2010.02.25 08:30:00;USD;3;Unemployment Claims;473K;461K;496K;;474K;
2010.02.25 08:30:00;USD;2;Durable Goods Orders m/m;0.3%;1.6%;3.0%;;1.9%;
2010.02.25 08:35:00;USD;2;FOMC Member Pianalto Speaks;;;;;;
2010.02.25 09:00:00;USD;3;Fed Chairman Bernanke Testifies;;;;;;
2010.02.25 10:02:00;USD;1;HPI m/m;0.7%;0.6%;-1.6%;;0.4%;
2010.02.25 10:30:00;USD;1;Natural Gas Storage;-190B;-165B;-172B;;;
2010.02.25 13:00:00;GBP;2;MPC Member Miles Speaks;;;;;;
2010.02.25 16:45:00;NZD;3;Building Consents m/m;-2.4%;;-2.8%;;-3.5%;
2010.02.25 16:45:00;NZD;2;Trade Balance;2M;-99M;269M;;-32M;
2010.02.25 17:15:00;USD;2;FOMC Member Bullard Speaks;;;;;;
2010.02.25 18:15:00;JPY;1;Final Manufacturing PMI;52.5;;52.5;;;
2010.02.25 18:30:00;JPY;2;Tokyo Core CPI y/y;-2.0%;-1.9%;-1.8%;;;
2010.02.25 18:30:00;JPY;1;National Core CPI y/y;-1.3%;-1.3%;-1.3%;;;
2010.02.25 18:50:00;JPY;2;Prelim Industrial Production m/m;2.2%;1.1%;2.5%;;1.9%;
2010.02.25 18:50:00;JPY;2;Retail Sales y/y;-0.3%;-0.1%;2.6%;;-0.2%;
2010.02.25 19:01:00;GBP;2;GfK Consumer Confidence;-17;-17;-14;;;
2010.02.25 19:30:00;AUD;2;Private Sector Credit m/m;0.3%;0.2%;0.4%;;;
2010.02.26 00:00:00;JPY;1;Housing Starts y/y;-15.7%;-11.6%;-8.1%;;;
2010.02.26 02:00:00;GBP;3;Nationwide HPI m/m;1.2%;0.4%;-1.0%;;1.4%;
2010.02.26 00:00:00;EUR;2;German Prelim CPI m/m (All Day);-0.6%;0.5%;0.2%;;;
2010.02.26 04:30:00;GBP;3;Second Estimate GDP q/q;0.1%;0.2%;0.3%;;;
2010.02.26 04:30:00;GBP;1;Index of Services 3m/3m;0.1%;0.3%;0.5%;;;
2010.02.26 05:00:00;EUR;2;Final Core CPI y/y;1.1%;1.2%;0.9%;;;
2010.02.26 05:00:00;EUR;2;Final CPI y/y;1.0%;1.0%;1.0%;;;
2010.02.26 05:30:00;CHF;3;KOF Economic Barometer;1.77;1.81;1.87;;1.81;
2010.02.26 08:30:00;CAD;2;Current Account;-13.1B;-8.7B;-9.8B;;-13.8B;
2010.02.26 08:30:00;USD;3;Prelim GDP q/q;5.7%;5.6%;5.9%;;;
2010.02.26 08:30:00;USD;2;FOMC Member Hoenig Speaks;;;;;;
2010.02.26 08:30:00;USD;1;Prelim GDP Price Index q/q;0.6%;0.6%;0.4%;;;
2010.02.26 09:00:00;USD;1;FOMC Member Duke Speaks;;;;;;
2010.02.26 09:45:00;USD;2;Chicago PMI;61.5;59.6;62.6;;;
2010.02.26 09:55:00;USD;2;Revised UoM Consumer Sentiment;73.7;74.0;73.6;;;
2010.02.26 09:55:00;USD;1;Revised UoM Inflation Expectations;2.7%;;2.7%;;;
2010.02.26 10:00:00;USD;3;Existing Home Sales;5.45M;5.51M;5.05M;;5.44M;
2010.02.26 10:15:00;USD;1;FOMC Member Dudley Speaks;;;;;;
2010.02.26 13:30:00;USD;1;FOMC Member Tarullo Speaks;;;;;;
2010.02.28 16:45:00;NZD;1;Visitor Arrivals m/m;8.5%;;-2.4%;;8.0%;
2010.02.28 17:30:00;AUD;1;AIG Manufacturing Index;51.0;;53.8;;;
2010.02.28 17:45:00;AUD;3;RBA Gov Stevens Speaks;;;;;;
2010.02.28 18:30:00;AUD;1;MI Inflation Gauge m/m;0.8%;;0.1%;;;
2010.02.28 19:04:00;AUD;2;HIA New Home Sales m/m;-4.6%;;9.5%;;;
2010.02.28 19:30:00;AUD;2;Current Account;-16.2B;-17.3B;-17.5B;;-14.7B;
2010.02.28 19:30:00;AUD;1;Company Operating Profits q/q;-2.1%;2.4%;2.2%;;-1.4%;
2010.02.28 19:57:00;CNY;3;Manufacturing PMI;55.8;55.2;52.0;;;
2010.02.28 21:04:00;NZD;1;ANZ Commodity Prices m/m;0.4%;;3.8%;;;
2010.02.28 21:30:00;CNY;2;Caixin Manufacturing PMI;57.4;;55.8;;;
