2010.07.01 02:00:00;EUR;2;German Retail Sales m/m;1.0%;0.5%;0.4%;;-0.5%;
2010.07.01 02:30:00;AUD;2;Commodity Prices y/y;43.8%;;43.0%;;43.6%;
2010.07.01 03:15:00;EUR;2;Spanish Manufacturing PMI;51.5;;51.2;;;
2010.07.01 03:30:00;CHF;2;Manufacturing PMI;66.4;65.7;65.7;;;
2010.07.01 03:45:00;EUR;2;Italian Manufacturing PMI;54.0;53.9;54.3;;;
2010.07.01 03:50:00;EUR;1;French Final Manufacturing PMI;54.9;54.9;54.8;;;
2010.07.01 03:55:00;EUR;1;German Final Manufacturing PMI;58.1;58.1;58.4;;;
2010.07.01 04:00:00;EUR;1;Final Manufacturing PMI;55.6;55.6;55.6;;;
2010.07.01 04:30:00;GBP;3;Final Manufacturing PMI;58.0;57.6;57.5;;;
2010.07.01 04:30:00;GBP;2;BOE Credit Conditions Survey;;;;;;
2010.07.01 05:06:00;EUR;2;French 10-y Bond Auction;3.05|2.3;;3.04|3.5;;;
2010.07.01 07:30:00;USD;1;Challenger Job Cuts y/y;-65.1%;;-47.1%;;;
2010.07.01 00:00:00;CAD;0;Bank Holiday (All Day);;;;;;
2010.07.01 08:30:00;USD;3;Unemployment Claims;457K;454K;472K;;459K;
2010.07.01 10:00:00;USD;3;ISM Manufacturing PMI;59.7;58.9;56.2;;;
2010.07.01 10:00:00;USD;3;Pending Home Sales m/m;6.0%;-7.4%;-30.0%;;;
2010.07.01 10:00:00;USD;1;Construction Spending m/m;2.7%;-0.7%;-0.2%;;2.3%;
2010.07.01 10:00:00;USD;1;ISM Manufacturing Prices;77.5;72.2;57.0;;;
2010.07.01 10:30:00;USD;1;Natural Gas Storage;81B;65B;60B;;;
2010.07.01 00:00:00;USD;1;Total Vehicle Sales (All Day);11.6M;11.4M;11.1M;;;
2010.07.01 19:50:00;JPY;1;Monetary Base y/y;3.7%;3.8%;3.6%;;;
2010.07.02 03:00:00;EUR;2;Spanish Unemployment Change;-76.2K;;-83.8K;;;
2010.07.02 04:30:00;GBP;2;Construction PMI;58.5;58.6;58.4;;;
2010.07.02 05:00:00;EUR;2;Unemployment Rate;10.1%;10.1%;10.0%;;10.0%;
2010.07.02 05:00:00;EUR;1;Italian Monthly Unemployment Rate;8.9%;8.9%;8.7%;;8.7%;
2010.07.02 05:00:00;EUR;1;PPI m/m;0.9%;0.3%;0.3%;;1.0%;
2010.07.02 08:30:00;USD;3;Non-Farm Employment Change;431K;-106K;-125K;;433K;
2010.07.02 08:30:00;USD;3;Unemployment Rate;9.7%;9.8%;9.5%;;;
2010.07.02 08:30:00;USD;2;Average Hourly Earnings m/m;0.3%;0.1%;-0.1%;;0.2%;
2010.07.02 10:00:00;USD;2;Factory Orders m/m;1.2%;-0.5%;-1.4%;;1.0%;
2010.07.02 21:00:00;CNY;1;Non-Manufacturing PMI;62.7;;57.4;;;
2010.07.04 19:30:00;AUD;2;AIG Services Index;47.5;;48.8;;;
2010.07.04 20:30:00;AUD;1;MI Inflation Gauge m/m;0.5%;;0.3%;;;
2010.07.04 21:30:00;AUD;3;ANZ Job Advertisements m/m;4.3%;;2.7%;;2.7%;
2010.07.05 03:15:00;CHF;3;Retail Sales y/y;1.3%;2.7%;3.8%;;;
2010.07.05 03:15:00;EUR;1;Spanish Services PMI;52.3;;51.8;;;
2010.07.05 03:45:00;EUR;1;Italian Services PMI;53.7;53.6;51.5;;;
2010.07.05 03:50:00;EUR;1;French Final Services PMI;61.6;61.6;60.8;;;
2010.07.05 03:55:00;EUR;1;German Final Services PMI;54.6;54.6;54.8;;;
2010.07.05 04:00:00;EUR;1;Final Services PMI;55.4;55.4;55.5;;;
2010.07.05 04:30:00;EUR;1;Sentix Investor Confidence;-4.1;-4.5;-1.3;;;
2010.07.05 04:30:00;GBP;3;Final Services PMI;55.4;55.1;54.4;;;
2010.07.05 05:00:00;EUR;2;Retail Sales m/m;-1.2%;0.1%;0.2%;;-0.9%;
2010.07.05 00:00:00;USD;0;Bank Holiday (All Day);;;;;;
2010.07.05 18:00:00;NZD;3;NZIER Business Confidence;22;;18;;;
2010.07.05 21:30:00;AUD;3;Goods Trade Balance;0.13B;0.53B;1.65B;;1.12B;
2010.07.05 23:45:00;JPY;1;10-y Bond Auction;1.28|3.9;;1.12|2.8;;;
2010.07.06 00:30:00;AUD;3;Cash Rate;4.50%;4.50%;4.50%;;;
2010.07.06 00:30:00;AUD;3;RBA Rate Statement;;;;;;
2010.07.06 01:00:00;JPY;1;Leading Indicators;101.7%;99.7%;98.7%;;;
2010.07.06 03:00:00;CHF;3;Foreign Currency Reserves;232B;;225B;;;
2010.07.06 03:15:00;CHF;2;CPI m/m;-0.1%;0.1%;-0.4%;;;
2010.07.06 05:37:00;GBP;2;10-y Bond Auction;3.63|1.9;;3.47|2.5;;;
2010.07.06 08:30:00;CAD;3;Building Permits m/m;5.4%;-1.3%;-10.8%;;5.9%;
2010.07.06 10:00:00;USD;3;ISM Services PMI;55.4;55.1;53.8;;;
2010.07.06 10:30:00;NZD;1;GDT Price Index;-2.7%;;-14.0%;;;
2010.07.06 19:01:00;GBP;1;BRC Shop Price Index y/y;1.8%;;1.5%;;;
2010.07.06 19:28:00;AUD;1;AIG Construction Index;53.2;;46.4;;;
2010.07.07 02:45:00;EUR;1;French Trade Balance;-4.2B;-3.9B;-5.5B;;-4.3B;
2010.07.07 05:00:00;EUR;1;Final GDP q/q;0.2%;0.2%;0.2%;;;
2010.07.07 05:05:00;EUR;2;German 10-y Bond Auction;2.67|1.6;;2.56|1.4;;;
2010.07.07 06:00:00;EUR;2;German Factory Orders m/m;2.8%;0.5%;-0.5%;;3.2%;
2010.07.07 10:00:00;CAD;3;Ivey PMI;62.7;64.1;58.9;;;
2010.07.07 19:50:00;JPY;2;Core Machinery Orders m/m;4.0%;-3.0%;-9.1%;;;
2010.07.07 19:50:00;JPY;1;Bank Lending y/y;-2.0%;;-2.0%;;;
2010.07.07 19:50:00;JPY;1;Current Account;1.38T;1.12T;0.90T;;;
2010.07.07 19:50:00;JPY;1;M2 Money Stock y/y;3.1%;3.1%;2.9%;;;
2010.07.07 21:30:00;AUD;3;Employment Change;26.9K;15.3K;45.9K;;22.8K;
2010.07.07 21:30:00;AUD;3;Unemployment Rate;5.2%;5.2%;5.1%;;5.1%;
2010.07.07 23:45:00;JPY;1;30-y Bond Auction;2.04|2.3;;1.95|4.1;;;
2010.07.08 01:00:00;JPY;1;Economy Watchers Sentiment;47.7;48.3;47.5;;;
2010.07.08 01:45:00;CHF;1;Unemployment Rate;4.0%;3.9%;3.9%;;;
2010.07.08 02:00:00;EUR;1;German Trade Balance;13.1B;13.4B;10.6B;;12.8B;
2010.07.08 02:00:00;JPY;1;Prelim Machine Tool Orders y/y;191.8%;;138.8%;;192.5%;
2010.07.08 02:45:00;EUR;1;French Gov Budget Balance;-56.2B;;-67.9B;;;
2010.07.08 04:00:00;GBP;3;Halifax HPI m/m;-0.4%;0.6%;-0.6%;;-0.5%;
2010.07.08 04:30:00;GBP;3;Manufacturing Production m/m;-0.4%;0.4%;0.3%;;-0.8%;
2010.07.08 04:30:00;GBP;1;Industrial Production m/m;-0.4%;0.4%;0.7%;;-0.7%;
2010.07.08 06:00:00;EUR;2;German Industrial Production m/m;0.9%;0.8%;2.6%;;1.2%;
2010.07.08 07:00:00;GBP;3;Asset Purchase Facility;200B;200B;200B;;;
2010.07.08 07:00:00;GBP;3;Official Bank Rate;0.50%;0.50%;0.50%;;;
2010.07.08 07:45:00;EUR;3;Main Refinancing Rate;1.00%;1.00%;1.00%;;;
2010.07.08 08:30:00;CAD;2;NHPI m/m;0.3%;0.3%;0.3%;;;
2010.07.08 08:30:00;EUR;3;ECB Press Conference;;;;;;
2010.07.08 08:30:00;USD;3;Unemployment Claims;472K;461K;454K;;475K;
2010.07.08 10:00:00;GBP;2;NIESR GDP Estimate;0.6%;;0.7%;;0.9%;
2010.07.08 10:30:00;USD;1;Natural Gas Storage;60B;71B;78B;;;
2010.07.08 11:00:00;USD;2;Crude Oil Inventories;-2.0M;-1.8M;-5.0M;;;
2010.07.08 15:00:00;USD;1;Consumer Credit m/m;1.0B;-1.9B;-9.1B;;-14.9B;
2010.07.08 17:50:00;USD;2;Treasury Currency Report;;;;;;
2010.07.09 02:00:00;EUR;1;German Final CPI m/m;0.1%;0.1%;0.1%;;;
2010.07.09 02:45:00;EUR;2;French Industrial Production m/m;-0.3%;0.3%;1.7%;;-0.5%;
2010.07.09 02:50:00;EUR;2;ECB President Trichet Speaks;;;;;;
2010.07.09 04:00:00;EUR;1;Italian Industrial Production m/m;1.0%;0.7%;1.0%;;0.9%;
2010.07.09 04:30:00;GBP;3;PPI Input m/m;-0.6%;0.1%;-0.2%;;-0.2%;
2010.07.09 04:30:00;GBP;2;Goods Trade Balance;-7.3B;-7.1B;-8.1B;;-7.4B;
2010.07.09 04:30:00;GBP;1;PPI Output m/m;0.3%;0.1%;-0.3%;;0.1%;
2010.07.09 07:00:00;CAD;3;Employment Change;24.7K;17.9K;93.2K;;;
2010.07.09 07:00:00;CAD;3;Unemployment Rate;8.1%;8.1%;7.9%;;;
2010.07.09 08:15:00;CAD;3;Housing Starts;189K;193K;189K;;195K;
2010.07.09 10:00:00;USD;1;Final Wholesale Inventories m/m;0.4%;0.4%;0.5%;;0.2%;
2010.07.09 22:34:00;CNY;3;USD-Denominated Trade Balance;19.5B;15.3B;20.0B;;;
2010.07.10 00:00:00;JPY;1;Upper House Elections (All Day);;;;;;
2010.07.11 13:24:00;CNY;2;New Loans;639B;601B;603B;;;
2010.07.11 13:24:00;CNY;1;M2 Money Supply y/y;21.0%;18.8%;18.5%;;;
2010.07.11 19:50:00;JPY;1;PPI y/y;0.4%;0.6%;0.5%;;0.5%;
2010.07.11 21:30:00;AUD;3;Home Loans m/m;-1.8%;0.7%;1.9%;;-1.5%;
2010.07.12 00:00:00;EUR;2;Eurogroup Meetings (All Day);;;;;;
2010.07.12 04:30:00;GBP;3;Final GDP q/q;0.3%;0.3%;0.3%;;;
2010.07.12 04:30:00;GBP;2;Current Account;-1.7B;-4.5B;-9.6B;;0.5B;
2010.07.12 04:30:00;GBP;1;Index of Services 3m/3m;0.2%;0.4%;0.6%;;0.3%;
2010.07.12 10:00:00;USD;3;Fed Chairman Bernanke Speaks;;;;;;
2010.07.12 10:30:00;CAD;3;BOC Business Outlook Survey;;;;;;
2010.07.12 17:15:00;USD;1;FOMC Member Duke Speaks;;;;;;
2010.07.12 18:45:00;NZD;1;FPI m/m;-0.7%;;1.3%;;;
2010.07.12 19:01:00;GBP;2;BRC Retail Sales Monitor y/y;0.8%;;1.2%;;;
2010.07.12 19:01:00;GBP;2;RICS House Price Balance;22%;20%;9%;;21%;
2010.07.12 21:30:00;AUD;2;NAB Business Confidence;5;;4;;;
2010.07.13 00:30:00;JPY;1;Revised Industrial Production m/m;-0.1%;-0.1%;0.1%;;;
2010.07.13 01:00:00;JPY;1;Consumer Confidence;42.8;42.4;43.5;;;
2010.07.13 02:00:00;EUR;1;German WPI m/m;0.3%;0.3%;-0.2%;;;
2010.07.13 02:45:00;EUR;1;French Final CPI m/m;0.1%;0.0%;0.0%;;;
2010.07.13 03:15:00;CHF;2;PPI m/m;0.3%;0.2%;-0.4%;;;
2010.07.13 00:00:00;EUR;2;ECOFIN Meetings (All Day);;;;;;
2010.07.13 04:30:00;GBP;3;CPI y/y;3.4%;3.2%;3.2%;;;
2010.07.13 04:30:00;GBP;2;Core CPI y/y;2.9%;2.7%;3.1%;;;
2010.07.13 04:30:00;GBP;1;RPI y/y;5.1%;4.9%;5.0%;;;
2010.07.13 04:34:00;GBP;1;ONS HPI y/y;10.1%;10.3%;11.0%;;;
2010.07.13 05:00:00;EUR;3;German ZEW Economic Sentiment;28.7;25.2;21.2;;;
2010.07.13 05:00:00;EUR;2;ZEW Economic Sentiment;18.8;16.8;10.7;;;
2010.07.13 05:00:00;GBP;1;CB Leading Index m/m;0.6%;;0.3%;;;
2010.07.13 07:30:00;USD;1;NFIB Small Business Index;92.2;91.3;89.0;;;
2010.07.13 08:30:00;CAD;3;Trade Balance;0.2B;0.0B;-0.5B;;-0.3B;
2010.07.13 08:30:00;GBP;2;MPC Member Sentance Speaks;;;;;;
2010.07.13 08:30:00;USD;3;Trade Balance;-40.3B;-39.3B;-42.3B;;;
2010.07.13 10:00:00;USD;1;JOLTS Job Openings;3.08M;;3.21M;;3.30M;
2010.07.13 10:00:00;USD;1;RCM/TIPP Economic Optimism;46.2;45.9;44.7;;;
2010.07.13 13:00:00;USD;2;10-y Bond Auction;3.24|3.2;;3.12|3.1;;;
2010.07.13 14:00:00;USD;2;Federal Budget Balance;-135.9B;-70.0B;-68.4B;;;
2010.07.13 18:00:00;NZD;2;REINZ HPI m/m;-1.4%;;0.6%;;;
2010.07.13 18:45:00;NZD;3;Core Retail Sales m/m;-0.2%;0.6%;-0.2%;;-0.1%;
2010.07.13 18:45:00;NZD;2;Retail Sales m/m;-0.3%;0.6%;0.4%;;;
2010.07.13 19:01:00;GBP;2;Nationwide Consumer Confidence;65;63;63;;66;
2010.07.13 20:30:00;AUD;2;Westpac Consumer Sentiment;-5.7%;;11.1%;;;
2010.07.14 00:00:00;EUR;0;French Bank Holiday (All Day);;;;;;
2010.07.14 04:30:00;GBP;3;Claimant Count Change;-30.9K;-20.1K;-20.8K;;-31.1K;
2010.07.14 04:30:00;GBP;2;Average Earnings Index 3m/y;4.2%;3.1%;2.7%;;4.1%;
2010.07.14 04:30:00;GBP;1;Unemployment Rate;7.9%;7.9%;7.8%;;8.0%;
2010.07.14 05:00:00;EUR;2;Final Core CPI y/y;0.8%;0.9%;0.9%;;;
2010.07.14 05:00:00;EUR;2;Final CPI y/y;1.4%;1.4%;1.4%;;;
2010.07.14 05:00:00;EUR;2;Industrial Production m/m;0.8%;1.2%;0.9%;;0.9%;
2010.07.14 08:30:00;USD;3;Core Retail Sales m/m;-1.1%;-0.1%;-0.1%;;-1.2%;
2010.07.14 08:30:00;USD;3;Retail Sales m/m;-1.2%;-0.2%;-0.5%;;-1.1%;
2010.07.14 08:30:00;USD;2;Import Prices m/m;-0.6%;-0.3%;-1.3%;;-0.5%;
2010.07.14 10:00:00;USD;2;Business Inventories m/m;0.4%;0.3%;0.1%;;;
2010.07.14 10:30:00;USD;2;Crude Oil Inventories;-5.0M;-1.1M;-5.1M;;;
2010.07.14 13:00:00;USD;1;30-y Bond Auction;4.18|2.9;;4.08|2.9;;;
2010.07.14 14:00:00;USD;3;FOMC Meeting Minutes;;;;;;
2010.07.14 18:27:00;NZD;1;BusinessNZ Manufacturing Index;54.5;;56.2;;54.0;
2010.07.14 21:00:00;AUD;2;MI Inflation Expectations;3.4%;;3.3%;;;
2010.07.14 21:30:00;AUD;2;New Motor Vehicle Sales m/m;-3.2%;;-1.2%;;-3.9%;
2010.07.14 22:00:00;CNY;3;CPI y/y;3.1%;3.3%;2.9%;;;
2010.07.14 22:00:00;CNY;2;Fixed Asset Investment ytd/y;25.9%;25.2%;25.5%;;;
2010.07.14 22:00:00;CNY;2;Industrial Production y/y;16.5%;15.2%;13.7%;;;
2010.07.14 22:00:00;CNY;2;NBS Press Conference;;;;;;
2010.07.14 22:00:00;CNY;2;PPI y/y;7.1%;6.8%;6.4%;;;
2010.07.14 22:00:00;CNY;1;CB Leading Index m/m;1.7%;;0.8%;;0.0%;
2010.07.14 22:00:00;CNY;1;Retail Sales y/y;18.7%;18.8%;18.3%;;;
2010.07.14 22:26:00;CNY;3;GDP q/y;11.9%;10.5%;10.3%;;;
2010.07.14 23:46:00;JPY;2;Monetary Policy Statement;;;;;;
2010.07.14 23:46:00;JPY;2;Overnight Call Rate;0.10%;0.10%;0.10%;;;
2010.07.15 03:10:00;CNY;1;Foreign Direct Investment ytd/y;14.3%;;19.6%;;;
2010.07.15 03:14:00;JPY;3;BOJ Press Conference;;;;;;
2010.07.15 04:00:00;EUR;2;ECB Monthly Bulletin;;;;;;
2010.07.15 04:35:00;GBP;1;Housing Equity Withdrawal q/q;-4.0B;-3.3B;-3.2B;;-3.4B;
2010.07.15 05:00:00;CHF;2;Credit Suisse Economic Expectations;17.5;;2.2;;;
2010.07.15 06:00:00;GBP;2;MPC Member Miles Speaks;;;;;;
2010.07.15 08:30:00;CAD;2;Manufacturing Sales m/m;0.2%;0.3%;0.4%;;0.4%;
2010.07.15 08:30:00;CAD;1;New Motor Vehicle Sales m/m;-4.7%;-0.1%;0.2%;;;
2010.07.15 08:30:00;USD;3;PPI m/m;-0.3%;-0.2%;-0.5%;;;
2010.07.15 08:30:00;USD;3;Unemployment Claims;454K;448K;429K;;458K;
2010.07.15 08:30:00;USD;2;Core PPI m/m;0.2%;0.1%;0.1%;;;
2010.07.15 08:30:00;USD;2;Empire State Manufacturing Index;19.6;18.3;5.1;;;
2010.07.15 09:15:00;USD;2;Capacity Utilization Rate;74.7%;74.2%;74.1%;;74.1%;
2010.07.15 09:15:00;USD;2;Industrial Production m/m;1.2%;0.0%;0.1%;;1.3%;
2010.07.15 10:00:00;USD;3;Fed Gov Nomination Hearings;;;;;;
2010.07.15 10:00:00;USD;3;Philly Fed Manufacturing Index;8.0;10.2;5.1;;;
2010.07.15 10:30:00;USD;1;Natural Gas Storage;78B;74B;78B;;;
2010.07.15 18:45:00;NZD;3;CPI q/q;0.4%;0.5%;0.3%;;;
2010.07.15 19:50:00;JPY;2;Tertiary Industry Activity m/m;2.1%;-0.7%;-0.9%;;2.4%;
2010.07.16 01:00:00;JPY;2;BOJ Monthly Report;;;;;;
2010.07.16 04:00:00;EUR;1;Italian Trade Balance;-0.83B;-0.75B;-1.96B;;-0.86B;
2010.07.16 05:00:00;EUR;1;Trade Balance;1.4B;0.8B;-3.0B;;0.1B;
2010.07.16 08:30:00;CAD;2;Leading Index m/m;0.9%;0.7%;1.0%;;1.1%;
2010.07.16 08:30:00;USD;3;Core CPI m/m;0.1%;0.1%;0.2%;;;
2010.07.16 08:30:00;USD;3;CPI y/y;2.0%;1.2%;1.1%;;;
2010.07.16 08:30:00;USD;2;CPI m/m;-0.2%;0.0%;-0.1%;;;
2010.07.16 09:00:00;USD;3;TIC Long-Term Purchases;83.0B;38.7B;35.4B;;81.5B;
2010.07.16 09:55:00;USD;3;Prelim UoM Consumer Sentiment;75.5;74.2;66.5;;76.0;
2010.07.16 09:55:00;USD;1;Prelim UoM Inflation Expectations;2.7%;;2.9%;;2.8%;
2010.07.17 18:30:00;NZD;1;BusinessNZ Services Index;55.1;;55.7;;52.3;
2010.07.18 19:01:00;GBP;2;Rightmove HPI m/m;0.3%;;-0.6%;;;
2010.07.18 00:00:00;JPY;0;Bank Holiday (All Day);;;;;;
2010.07.19 04:00:00;EUR;2;Current Account;-5.1B;-3.0B;-5.8B;;-5.6B;
2010.07.19 06:00:00;EUR;1;German Buba Monthly Report;;;;;;
2010.07.19 08:30:00;CAD;2;Foreign Securities Purchases;12.36B;8.05B;23.16B;;;
2010.07.19 09:00:00;USD;1;FOMC Member Duke Speaks;;;;;;
2010.07.19 10:00:00;USD;1;NAHB Housing Market Index;17;16;14;;16;
2010.07.19 21:30:00;AUD;3;Monetary Policy Meeting Minutes;;;;;;
2010.07.19 23:05:00;AUD;3;RBA Gov Stevens Speaks;;;;;;
2010.07.20 02:00:00;EUR;2;German PPI m/m;0.3%;0.2%;0.6%;;;
2010.07.20 02:15:00;CHF;2;Trade Balance;0.82B;1.05B;1.77B;;0.80B;
2010.07.20 04:30:00;GBP;2;Prelim Mortgage Approvals;51K;52K;48K;;;
2010.07.20 04:30:00;GBP;2;Public Sector Net Borrowing;16.0B;13.2B;14.5B;;17.1B;
2010.07.20 04:30:00;GBP;1;M4 Money Supply m/m;0.0%;-0.1%;0.0%;;-0.1%;
2010.07.20 06:00:00;GBP;2;CBI Industrial Order Expectations;-23;-24;-16;;;
2010.07.20 08:30:00;USD;3;Building Permits;0.57M;0.57M;0.59M;;;
2010.07.20 08:30:00;USD;2;Housing Starts;0.59M;0.58M;0.55M;;0.58M;
2010.07.20 09:00:00;CAD;3;BOC Rate Statement;;;;;;
2010.07.20 09:00:00;CAD;3;Overnight Rate;0.50%;0.75%;0.75%;;;
2010.07.20 10:00:00;USD;1;FOMC Member Tarullo Speaks;;;;;;
2010.07.20 19:00:00;NZD;1;Visitor Arrivals m/m;1.0%;;0.3%;;1.1%;
2010.07.20 19:50:00;JPY;2;Monetary Policy Meeting Minutes;;;;;;
2010.07.20 20:30:00;AUD;2;MI Leading Index m/m;0.0%;;0.2%;;;
2010.07.20 23:00:00;NZD;1;Credit Card Spending y/y;3.4%;;4.5%;;;
2010.07.21 04:30:00;GBP;3;MPC Asset Purchase Facility Votes;0-0-8;0-0-8;0-0-8;;;
2010.07.21 04:30:00;GBP;3;MPC Official Bank Rate Votes;1-0-7;1-0-7;1-0-7;;;
2010.07.21 05:05:00;EUR;1;German 30-y Bond Auction;3.83|1.1;;3.33|1.2;;;
2010.07.21 08:30:00;CAD;2;Wholesale Sales m/m;-0.3%;0.4%;-0.1%;;-0.2%;
2010.07.21 10:30:00;USD;2;Crude Oil Inventories;-5.1M;-1.1M;0.4M;;;
2010.07.21 14:00:00;USD;3;Fed Chairman Bernanke Testifies;;;;;;
2010.07.21 14:00:00;USD;1;Fed Monetary Policy Report;;;;;;
2010.07.21 21:30:00;AUD;2;NAB Quarterly Business Confidence;17;;3;;;
2010.07.22 00:30:00;JPY;1;All Industries Activity m/m;1.8%;-0.4%;0.2%;;1.9%;
2010.07.22 03:00:00;EUR;2;French Flash Manufacturing PMI;54.9;54.1;53.7;;54.8;
2010.07.22 03:00:00;EUR;2;French Flash Services PMI;61.6;60.0;61.3;;60.8;
2010.07.22 03:30:00;EUR;2;German Flash Manufacturing PMI;58.1;58.0;61.2;;58.4;
2010.07.22 03:30:00;EUR;2;German Flash Services PMI;54.6;54.6;57.3;;54.8;
2010.07.22 04:00:00;EUR;2;Flash Manufacturing PMI;55.6;55.2;56.5;;;
2010.07.22 04:00:00;EUR;2;Flash Services PMI;55.4;55.0;56.0;;55.5;
2010.07.22 04:30:00;GBP;3;Retail Sales m/m;0.6%;0.5%;0.7%;;0.8%;
2010.07.22 05:00:00;EUR;2;Industrial New Orders m/m;0.9%;-0.1%;3.8%;;0.6%;
2010.07.22 08:30:00;CAD;3;Core Retail Sales m/m;-1.2%;0.5%;-0.1%;;-1.4%;
2010.07.22 08:30:00;CAD;2;Retail Sales m/m;-2.0%;0.5%;-0.2%;;-2.2%;
2010.07.22 08:30:00;USD;3;Unemployment Claims;429K;449K;464K;;427K;
2010.07.22 09:30:00;USD;3;Fed Chairman Bernanke Testifies;;;;;;
2010.07.22 10:00:00;EUR;1;Consumer Confidence;-17;-17;-14;;;
2010.07.22 10:00:00;USD;3;Existing Home Sales;5.66M;5.18M;5.37M;;;
2010.07.22 10:00:00;USD;1;CB Leading Index m/m;0.4%;-0.3%;-0.2%;;0.5%;
2010.07.22 10:00:00;USD;1;FOMC Member Dudley Speaks;;;;;;
2010.07.22 10:00:00;USD;1;HPI m/m;0.8%;-0.3%;0.5%;;0.9%;
2010.07.22 10:30:00;CAD;3;BOC Monetary Policy Report;;;;;;
2010.07.22 10:30:00;USD;1;Natural Gas Storage;78B;53B;51B;;;
2010.07.22 11:30:00;CAD;3;BOC Press Conference;;;;;;
2010.07.22 21:30:00;AUD;2;Import Prices q/q;0.3%;1.0%;1.9%;;;
2010.07.23 02:45:00;EUR;2;French Consumer Spending m/m;0.7%;0.3%;-1.4%;;0.6%;
2010.07.23 04:00:00;EUR;3;German ifo Business Climate;101.8;101.5;106.2;;;
2010.07.23 04:00:00;EUR;1;Italian Retail Sales m/m;-0.3%;0.2%;-0.3%;;-0.5%;
2010.07.23 04:30:00;GBP;3;Prelim GDP q/q;0.3%;0.6%;1.1%;;;
2010.07.23 04:30:00;GBP;2;High Street Lending;36.7K;37.0K;34.8K;;36.4K;
2010.07.23 04:30:00;GBP;1;Index of Services 3m/3m;0.6%;0.7%;0.8%;;;
2010.07.23 07:00:00;CAD;3;Core CPI m/m;0.3%;0.1%;-0.1%;;;
2010.07.23 07:00:00;CAD;2;CPI m/m;0.3%;0.0%;-0.1%;;;
2010.07.23 09:00:00;EUR;2;Belgian NBB Business Climate;-7.7;-7.9;-6.5;;;
2010.07.23 12:00:00;EUR;3;EBA Bank Stress Test Results;;;;;;
2010.07.25 19:50:00;JPY;2;Trade Balance;0.42T;0.54T;0.46T;;0.32T;
2010.07.25 21:30:00;AUD;3;PPI q/q;1.0%;1.2%;0.3%;;;
2010.07.26 10:00:00;USD;3;New Home Sales;300K;317K;330K;;267K;
2010.07.26 19:50:00;JPY;1;SPPI y/y;-0.8%;-0.9%;-1.0%;;;
2010.07.26 20:00:00;AUD;2;CB Leading Index m/m;0.1%;;0.3%;;;
2010.07.27 02:00:00;CHF;2;UBS Consumption Indicator;1.74;;1.81;;1.71;
2010.07.27 02:00:00;EUR;2;German GfK Consumer Climate;3.5;3.6;3.9;;3.6;
2010.07.27 02:00:00;EUR;1;German Import Prices m/m;0.6%;0.7%;0.9%;;;
2010.07.27 04:00:00;EUR;2;M3 Money Supply y/y;-0.2%;-0.1%;0.2%;;-0.1%;
2010.07.27 04:00:00;EUR;1;Private Loans y/y;0.2%;0.3%;0.3%;;;
2010.07.27 06:00:00;GBP;2;CBI Realized Sales;-5;2;33;;;
2010.07.27 09:00:00;USD;2;S&P/CS Composite-20 HPI y/y;3.8%;3.9%;4.6%;;;
2010.07.27 10:00:00;USD;3;CB Consumer Confidence;52.9;51.3;50.4;;54.3;
2010.07.27 10:00:00;USD;1;Richmond Manufacturing Index;23;14;16;;;
2010.07.27 21:30:00;AUD;3;CPI q/q;0.9%;1.0%;0.6%;;;
2010.07.27 21:30:00;AUD;2;Trimmed Mean CPI q/q;0.8%;0.8%;0.5%;;;
2010.07.27 23:00:00;NZD;3;ANZ Business Confidence;40.2;;27.9;;;
2010.07.28 00:00:00;EUR;2;German Prelim CPI m/m (All Day);0.1%;0.2%;0.2%;;;
2010.07.28 04:45:00;GBP;3;BOE Gov King Speaks;;;;;;
2010.07.28 08:30:00;USD;3;Core Durable Goods Orders m/m;0.9%;0.6%;-0.6%;;1.2%;
2010.07.28 08:30:00;USD;2;Durable Goods Orders m/m;-1.1%;0.9%;-1.0%;;-0.8%;
2010.07.28 10:30:00;USD;2;Crude Oil Inventories;0.4M;-1.4M;7.3M;;;
2010.07.28 14:00:00;USD;2;Beige Book;;;;;;
2010.07.28 17:00:00;NZD;3;Official Cash Rate;2.75%;3.00%;3.00%;;;
2010.07.28 17:00:00;NZD;3;RBNZ Rate Statement;;;;;;
2010.07.28 18:45:00;NZD;2;Trade Balance;814M;359M;276M;;768M;
2010.07.28 19:50:00;JPY;2;Retail Sales y/y;2.8%;3.3%;3.2%;;2.9%;
2010.07.29 02:00:00;GBP;3;Nationwide HPI m/m;0.1%;-0.2%;-0.5%;;0.0%;
2010.07.29 03:55:00;EUR;2;German Unemployment Change;-21K;-18K;-20K;;-20K;
2010.07.29 04:00:00;EUR;1;Retail PMI;50.4;;52.4;;;
2010.07.29 04:30:00;GBP;2;Net Lending to Individuals m/m;1.5B;1.3B;0.6B;;1.1B;
2010.07.29 04:30:00;GBP;1;Mortgage Approvals;50K;48K;48K;;49K;
2010.07.29 05:27:00;EUR;2;Italian 10-y Bond Auction;4.09|1.3;;3.92|1.3;;;
2010.07.29 08:30:00;CAD;2;RMPI m/m;-7.2%;1.1%;-0.3%;;-7.3%;
2010.07.29 08:30:00;CAD;1;IPPI m/m;0.3%;0.3%;-0.9%;;0.4%;
2010.07.29 08:30:00;USD;3;Unemployment Claims;464K;457K;457K;;468K;
2010.07.29 10:30:00;USD;1;Natural Gas Storage;51B;31B;28B;;;
2010.07.29 18:45:00;NZD;2;Building Consents m/m;-9.6%;;3.5%;;-9.5%;
2010.07.29 19:01:00;GBP;2;GfK Consumer Confidence;-19;-21;-22;;;
2010.07.29 19:15:00;JPY;1;Final Manufacturing PMI;53.9;;52.8;;;
2010.07.29 19:30:00;JPY;2;Household Spending y/y;-0.7%;-0.8%;0.5%;;;
2010.07.29 19:30:00;JPY;2;Tokyo Core CPI y/y;-1.3%;-1.2%;-1.3%;;;
2010.07.29 19:30:00;JPY;1;National Core CPI y/y;-1.2%;-1.0%;-1.0%;;;
2010.07.29 19:30:00;JPY;1;Unemployment Rate;5.2%;5.2%;5.3%;;;
2010.07.29 19:50:00;JPY;2;Prelim Industrial Production m/m;-0.1%;0.2%;-1.5%;;0.1%;
2010.07.29 21:30:00;AUD;2;Private Sector Credit m/m;0.5%;0.4%;0.2%;;;
2010.07.30 01:00:00;JPY;1;Housing Starts y/y;-4.6%;1.7%;0.6%;;;
2010.07.30 02:00:00;EUR;2;German Retail Sales m/m;0.4%;0.0%;-0.9%;;3.0%;
2010.07.30 03:00:00;EUR;2;Spanish Unemployment Rate;20.1%;20.0%;20.1%;;;
2010.07.30 05:00:00;EUR;2;CPI Flash Estimate y/y;1.4%;1.8%;1.7%;;;
2010.07.30 05:00:00;EUR;2;Unemployment Rate;10.0%;10.0%;10.0%;;;
2010.07.30 05:00:00;EUR;1;Italian Prelim CPI m/m;0.0%;0.2%;0.4%;;;
2010.07.30 05:30:00;CHF;3;KOF Economic Barometer;2.25;2.32;2.23;;2.23;
2010.07.30 06:00:00;EUR;1;Italian Monthly Unemployment Rate;8.7%;8.8%;8.5%;;8.6%;
2010.07.30 08:30:00;CAD;3;GDP m/m;0.0%;0.1%;0.1%;;;
2010.07.30 08:30:00;USD;3;Advance GDP q/q;3.2%;2.5%;2.4%;;2.7%;
2010.07.30 08:30:00;USD;2;Advance GDP Price Index q/q;0.9%;1.1%;1.8%;;1.1%;
2010.07.30 08:30:00;USD;2;Employment Cost Index q/q;0.6%;0.5%;0.5%;;;
2010.07.30 09:45:00;USD;2;Chicago PMI;59.1;56.3;62.3;;;
2010.07.30 09:55:00;USD;2;Revised UoM Consumer Sentiment;66.5;67.3;67.8;;;
2010.07.30 09:55:00;USD;1;Revised UoM Inflation Expectations;2.9%;;2.7%;;;
2010.07.31 21:00:00;CNY;3;Manufacturing PMI;52.1;51.5;51.2;;;
