2011.08.01 00:00:00;CHF;0;Bank Holiday (All Day);;;;;;
2011.08.01 03:15:00;EUR;2;Spanish Manufacturing PMI;47.3;;45.6;;;
2011.08.01 03:45:00;EUR;2;Italian Manufacturing PMI;49.9;50.6;50.1;;;
2011.08.01 03:50:00;EUR;1;French Final Manufacturing PMI;50.1;50.2;50.5;;;
2011.08.01 03:55:00;EUR;1;German Final Manufacturing PMI;52.1;52.1;52.0;;;
2011.08.01 04:00:00;EUR;1;Final Manufacturing PMI;50.4;50.4;50.4;;;
2011.08.01 04:00:00;EUR;1;Italian Monthly Unemployment Rate;8.1%;8.0%;8.0%;;;
2011.08.01 04:30:00;GBP;3;Final Manufacturing PMI;51.3;51.1;49.1;;51.4;
2011.08.01 05:00:00;EUR;2;Unemployment Rate;9.9%;9.9%;9.9%;;;
2011.08.01 00:00:00;CAD;0;Bank Holiday (All Day);;;;;;
2011.08.01 10:00:00;USD;3;ISM Manufacturing PMI;55.3;55.0;50.9;;;
2011.08.01 10:00:00;USD;1;Construction Spending m/m;-0.6%;-0.1%;0.2%;;0.3%;
2011.08.01 10:00:00;USD;1;ISM Manufacturing Prices;68.0;64.4;59.0;;;
2011.08.01 18:45:00;NZD;3;Labor Cost Index q/q;0.4%;0.5%;0.5%;;;
2011.08.01 19:50:00;JPY;1;Monetary Base y/y;17.0%;18.1%;15.0%;;;
2011.08.01 21:30:00;AUD;3;Building Approvals m/m;-7.9%;2.6%;-3.5%;;-6.3%;
2011.08.01 21:30:00;AUD;2;HPI q/q;-1.7%;-0.9%;-0.1%;;-1.1%;
2011.08.01 21:30:00;JPY;2;Average Cash Earnings y/y;1.1%;0.4%;-0.8%;;1.0%;
2011.08.01 23:45:00;JPY;1;10-y Bond Auction;1.17|3.2;;1.04|3.1;;;
2011.08.02 00:30:00;AUD;3;Cash Rate;4.75%;4.75%;4.75%;;;
2011.08.02 00:30:00;AUD;3;RBA Rate Statement;;;;;;
2011.08.02 02:30:00;AUD;2;Commodity Prices y/y;28.2%;;27.6%;;;
2011.08.02 03:00:00;EUR;2;Spanish Unemployment Change;-67.9K;;-42.1K;;;
2011.08.02 03:15:00;CHF;3;Retail Sales y/y;-4.1%;1.6%;7.4%;;-3.9%;
2011.08.02 03:30:00;CHF;2;Manufacturing PMI;53.4;52.3;53.5;;;
2011.08.02 04:30:00;GBP;3;Construction PMI;53.6;53.2;53.5;;;
2011.08.02 05:00:00;EUR;1;PPI m/m;-0.2%;0.1%;0.0%;;;
2011.08.02 08:30:00;USD;2;Core PCE Price Index m/m;0.3%;0.2%;0.1%;;0.2%;
2011.08.02 08:30:00;USD;2;Personal Spending m/m;0.0%;0.2%;-0.2%;;0.1%;
2011.08.02 08:30:00;USD;1;Personal Income m/m;0.3%;0.3%;0.1%;;0.2%;
2011.08.02 09:30:00;CAD;1;Manufacturing PMI;52.8;;53.1;;;
2011.08.02 10:30:00;NZD;1;GDT Price Index;-6.1%;;-2.0%;;;
2011.08.02 00:00:00;USD;1;Total Vehicle Sales (All Day);11.5M;11.9M;12.2M;;;
2011.08.02 12:15:00;USD;1;President Obama Speaks;;;;;;
2011.08.02 19:01:00;GBP;1;BRC Shop Price Index y/y;2.9%;;2.8%;;;
2011.08.02 19:30:00;AUD;2;AIG Services Index;48.5;;48.8;;;
2011.08.02 21:00:00;CNY;1;Non-Manufacturing PMI;57.0;;59.6;;;
2011.08.02 21:30:00;AUD;3;Goods Trade Balance;2.33B;2.22B;2.05B;;2.70B;
2011.08.02 21:30:00;AUD;3;Retail Sales m/m;-0.6%;0.4%;-0.1%;;;
2011.08.02 22:30:00;CNY;1;Caixin Services PMI;54.1;;53.5;;;
2011.08.03 03:00:00;CHF;3;Libor Rate;0.25%;;<0.25%;;;
2011.08.03 03:15:00;EUR;1;Spanish Services PMI;50.2;;46.5;;;
2011.08.03 03:45:00;EUR;1;Italian Services PMI;47.4;47.0;48.6;;;
2011.08.03 03:50:00;EUR;1;French Final Services PMI;54.2;54.2;53.2;;;
2011.08.03 03:55:00;EUR;1;German Final Services PMI;52.9;52.9;52.9;;;
2011.08.03 04:00:00;EUR;1;Final Services PMI;51.4;51.4;51.6;;;
2011.08.03 04:30:00;GBP;3;Final Services PMI;53.9;53.3;55.4;;;
2011.08.03 05:00:00;EUR;2;Retail Sales m/m;-1.1%;0.5%;0.9%;;-1.3%;
2011.08.03 07:30:00;USD;1;Challenger Job Cuts y/y;5.3%;;59.4%;;;
2011.08.03 08:15:00;USD;3;ADP Non-Farm Employment Change;157K;101K;114K;;145K;
2011.08.03 10:00:00;USD;3;ISM Services PMI;53.3;53.8;52.7;;;
2011.08.03 10:00:00;USD;2;Factory Orders m/m;0.8%;-0.4%;-0.8%;;0.6%;
2011.08.03 10:30:00;USD;2;Crude Oil Inventories;2.3M;1.3M;1.0M;;;
2011.08.03 18:45:00;NZD;3;Employment Change q/q;1.4%;0.0%;0.0%;;1.3%;
2011.08.03 18:45:00;NZD;3;Unemployment Rate;6.6%;6.5%;6.5%;;6.5%;
2011.08.04 01:00:00;JPY;3;Monetary Policy Statement;;;;;;
2011.08.04 01:00:00;JPY;3;Overnight Call Rate;<0.10%;<0.10%;<0.10%;;;
2011.08.04 03:47:00;JPY;3;BOJ Press Conference;;;;;;
2011.08.04 06:00:00;EUR;2;German Factory Orders m/m;1.8%;-0.4%;1.8%;;1.5%;
2011.08.04 07:00:00;GBP;3;Asset Purchase Facility;200B;200B;200B;;;
2011.08.04 07:00:00;GBP;3;Official Bank Rate;0.50%;0.50%;0.50%;;;
2011.08.04 07:45:00;EUR;3;Main Refinancing Rate;1.50%;1.50%;1.50%;;;
2011.08.04 08:30:00;EUR;3;ECB Press Conference;;;;;;
2011.08.04 08:30:00;USD;3;Unemployment Claims;398K;404K;400K;;401K;
2011.08.04 10:30:00;USD;1;Natural Gas Storage;43B;39B;44B;;;
2011.08.04 19:23:00;AUD;1;AIG Construction Index;35.8;;36.1;;;
2011.08.04 21:30:00;AUD;3;RBA Monetary Policy Statement;;;;;;
2011.08.05 01:00:00;JPY;2;BOJ Monthly Report;;;;;;
2011.08.05 01:00:00;JPY;1;Leading Indicators;99.8%;103.6%;103.2%;;99.4%;
2011.08.05 02:45:00;EUR;1;French Trade Balance;-7.4B;-6.3B;-5.6B;;-6.4B;
2011.08.05 03:00:00;CHF;3;Foreign Currency Reserves;196B;;182B;;;
2011.08.05 03:00:00;GBP;3;Halifax HPI m/m;1.2%;0.1%;0.3%;;1.5%;
2011.08.05 03:15:00;CHF;2;CPI m/m;-0.2%;-0.5%;-0.8%;;;
2011.08.05 04:00:00;EUR;1;Italian Industrial Production m/m;-0.6%;0.4%;-0.6%;;;
2011.08.05 04:30:00;GBP;3;PPI Input m/m;0.4%;0.6%;0.6%;;0.2%;
2011.08.05 04:30:00;GBP;1;PPI Output m/m;0.1%;0.2%;0.2%;;;
2011.08.05 05:00:00;EUR;1;Italian Prelim GDP q/q;0.1%;0.2%;0.3%;;;
2011.08.05 06:00:00;EUR;2;German Industrial Production m/m;1.2%;0.1%;-1.1%;;0.9%;
2011.08.05 07:00:00;CAD;3;Employment Change;28.4K;17.7K;7.1K;;;
2011.08.05 07:00:00;CAD;3;Unemployment Rate;7.4%;7.4%;7.2%;;;
2011.08.05 08:30:00;CAD;3;Building Permits m/m;20.9%;-4.8%;2.1%;;;
2011.08.05 08:30:00;USD;3;Non-Farm Employment Change;18K;89K;117K;;46K;
2011.08.05 08:30:00;USD;3;Unemployment Rate;9.2%;9.2%;9.1%;;;
2011.08.05 08:30:00;USD;2;Average Hourly Earnings m/m;0.0%;0.2%;0.4%;;;
2011.08.05 10:00:00;CAD;3;Ivey PMI;59.9;61.2;46.8;;;
2011.08.05 11:00:00;USD;1;President Obama Speaks;;;;;;
2011.08.05 15:00:00;USD;1;Consumer Credit m/m;5.1B;5.0B;15.5B;;;
2011.08.05 17:30:00;USD;1;RCM/TIPP Economic Optimism;41.4;43.1;35.8;;;
2011.08.05 21:30:00;USD;1;Fed Announcement;;;;;;
2011.08.07 00:00:00;All;2;G7 Meetings (All Day);;;;;;
2011.08.07 19:50:00;JPY;1;Bank Lending y/y;-0.6%;;-0.5%;;;
2011.08.07 19:50:00;JPY;1;Current Account;0.39T;0.96T;0.92T;;;
2011.08.07 21:30:00;AUD;3;ANZ Job Advertisements m/m;3.7%;;-0.7%;;3.8%;
2011.08.08 01:00:00;JPY;1;Economy Watchers Sentiment;49.6;50.3;52.6;;;
2011.08.08 01:45:00;CHF;1;Unemployment Rate;3.0%;3.0%;3.0%;;;
2011.08.08 00:00:00;All;2;G20 Meetings (All Day);;;;;;
2011.08.08 04:30:00;EUR;1;Sentix Investor Confidence;5.3;3.6;-13.5;;;
2011.08.08 13:30:00;USD;1;President Obama Speaks;;;;;;
2011.08.08 19:01:00;GBP;2;BRC Retail Sales Monitor y/y;-0.6%;;0.6%;;;
2011.08.08 19:01:00;GBP;2;RICS House Price Balance;-27%;-25%;-22%;;-26%;
2011.08.08 19:50:00;JPY;2;Monetary Policy Meeting Minutes;;;;;;
2011.08.08 19:50:00;JPY;1;M2 Money Stock y/y;2.9%;2.9%;2.9%;;;
2011.08.08 21:30:00;AUD;3;Home Loans m/m;4.4%;0.7%;0.0%;;2.8%;
2011.08.08 21:30:00;AUD;2;NAB Business Confidence;0;;2;;;
2011.08.08 21:35:00;CNY;3;CPI y/y;6.4%;6.4%;6.5%;;;
2011.08.08 21:35:00;CNY;2;PPI y/y;7.1%;7.4%;7.5%;;;
2011.08.09 01:00:00;JPY;1;Consumer Confidence;35.3;37.6;37.0;;;
2011.08.09 01:45:00;CHF;2;SECO Consumer Climate;-1;-7;-17;;;
2011.08.09 02:00:00;EUR;1;German Trade Balance;12.8B;12.9B;11.5B;;12.9B;
2011.08.09 02:00:00;JPY;1;Prelim Machine Tool Orders y/y;53.3%;;34.6%;;53.5%;
2011.08.09 02:45:00;EUR;1;French Gov Budget Balance;-68.4B;;-61.3B;;;
2011.08.09 03:41:00;CNY;2;Fixed Asset Investment ytd/y;25.6%;25.5%;25.4%;;;
2011.08.09 03:41:00;CNY;2;Industrial Production y/y;15.1%;14.7%;14.0%;;;
2011.08.09 04:08:00;CNY;1;Retail Sales y/y;17.7%;17.7%;17.2%;;;
2011.08.09 04:30:00;GBP;3;Manufacturing Production m/m;1.8%;0.3%;-0.4%;;;
2011.08.09 04:30:00;GBP;2;Goods Trade Balance;-8.5B;-8.2B;-8.9B;;;
2011.08.09 04:30:00;GBP;1;Industrial Production m/m;0.9%;0.4%;0.0%;;0.8%;
2011.08.09 07:30:00;USD;1;NFIB Small Business Index;90.8;89.8;89.9;;;
2011.08.09 08:15:00;CAD;3;Housing Starts;197K;194K;205K;;201K;
2011.08.09 08:30:00;USD;2;Prelim Nonfarm Productivity q/q;1.6%;-0.6%;-0.3%;;1.8%;
2011.08.09 08:30:00;USD;2;Prelim Unit Labor Costs q/q;1.0%;2.1%;2.2%;;0.7%;
2011.08.09 10:00:00;GBP;2;NIESR GDP Estimate;0.1%;;0.6%;;0.2%;
2011.08.09 14:19:00;USD;3;Federal Funds Rate;<0.25%;<0.25%;<0.25%;;;
2011.08.09 14:19:00;USD;3;FOMC Statement;;;;;;
2011.08.09 19:50:00;JPY;2;Tertiary Industry Activity m/m;0.9%;1.1%;1.9%;;0.8%;
2011.08.09 19:50:00;JPY;1;PPI y/y;2.5%;2.6%;2.9%;;2.6%;
2011.08.09 20:30:00;AUD;2;Westpac Consumer Sentiment;-8.3%;;-3.5%;;;
2011.08.09 23:01:00;CNY;3;USD-Denominated Trade Balance;22.3B;27.3B;31.5B;;;
2011.08.10 02:00:00;EUR;1;German Final CPI m/m;0.4%;0.4%;0.4%;;;
2011.08.10 02:45:00;EUR;2;French Industrial Production m/m;2.0%;-0.1%;-1.6%;;1.9%;
2011.08.10 05:30:00;GBP;3;BOE Gov King Speaks;;;;;;
2011.08.10 05:30:00;GBP;3;BOE Monetary Policy Report;;;;;;
2011.08.10 10:00:00;USD;1;Final Wholesale Inventories m/m;1.8%;0.9%;0.6%;;1.7%;
2011.08.10 10:00:00;USD;1;JOLTS Job Openings;2.97M;;3.11M;;3.03M;
2011.08.10 10:30:00;USD;2;Crude Oil Inventories;1.0M;1.7M;-5.2M;;;
2011.08.10 13:00:00;USD;2;10-y Bond Auction;2.92|3.2;;2.14|3.2;;;
2011.08.10 13:57:00;USD;2;Federal Budget Balance;-43.1B;-137.4B;-129.4B;;;
2011.08.10 18:21:00;NZD;1;BusinessNZ Manufacturing Index;54.3;;53.2;;;
2011.08.10 18:30:00;NZD;2;REINZ HPI m/m;1.3%;;-0.6%;;;
2011.08.10 19:50:00;JPY;2;Core Machinery Orders m/m;3.0%;1.9%;7.7%;;;
2011.08.10 21:00:00;AUD;2;MI Inflation Expectations;3.4%;;2.7%;;;
2011.08.10 21:30:00;AUD;3;Employment Change;23.4K;10.2K;-0.1K;;18.2K;
2011.08.10 21:30:00;AUD;3;Unemployment Rate;4.9%;4.9%;5.1%;;;
2011.08.11 02:00:00;EUR;1;German WPI m/m;-0.6%;-0.3%;-0.6%;;;
2011.08.11 04:00:00;EUR;2;ECB Monthly Bulletin;;;;;;
2011.08.11 05:00:00;GBP;1;CB Leading Index m/m;0.6%;;0.0%;;;
2011.08.11 08:00:00;GBP;1;Chancellor Osborne Speaks;;;;;;
2011.08.11 08:30:00;CAD;3;Trade Balance;-0.8B;-0.9B;-1.6B;;-1.0B;
2011.08.11 08:30:00;CAD;2;NHPI m/m;0.4%;0.4%;0.3%;;;
2011.08.11 08:30:00;USD;3;Trade Balance;-50.2B;-47.9B;-53.1B;;-50.8B;
2011.08.11 08:30:00;USD;3;Unemployment Claims;400K;401K;395K;;402K;
2011.08.11 10:30:00;USD;1;Natural Gas Storage;44B;33B;25B;;;
2011.08.11 13:00:00;USD;1;30-y Bond Auction;4.20|2.8;;3.75|2.1;;;
2011.08.12 00:30:00;JPY;1;Revised Industrial Production m/m;3.9%;3.9%;3.8%;;;
2011.08.12 01:30:00;EUR;2;French Prelim GDP q/q;1.0%;0.3%;0.0%;;0.9%;
2011.08.12 01:30:00;EUR;1;French Final CPI m/m;0.1%;-0.2%;-0.4%;;;
2011.08.12 02:45:00;EUR;2;French Prelim Private Payrolls q/q;0.4%;0.2%;0.4%;;;
2011.08.12 03:07:00;CNY;2;New Loans;634B;551B;493B;;;
2011.08.12 03:07:00;CNY;1;M2 Money Supply y/y;15.9%;15.8%;14.7%;;;
2011.08.12 04:00:00;EUR;1;Italian Trade Balance;-2.41B;-2.50B;-1.83B;;-2.40B;
2011.08.12 05:00:00;EUR;2;Industrial Production m/m;0.1%;0.1%;-0.7%;;0.2%;
2011.08.12 08:30:00;USD;3;Core Retail Sales m/m;0.0%;0.2%;0.5%;;0.2%;
2011.08.12 08:30:00;USD;3;Retail Sales m/m;0.1%;0.4%;0.5%;;0.3%;
2011.08.12 09:55:00;USD;3;Prelim UoM Consumer Sentiment;63.8;63.2;54.9;;63.7;
2011.08.12 09:55:00;USD;1;Prelim UoM Inflation Expectations;3.4%;;3.4%;;;
2011.08.12 10:00:00;USD;2;Business Inventories m/m;1.0%;0.6%;0.3%;;0.9%;
2011.08.12 10:00:00;USD;1;FOMC Member Dudley Speaks;;;;;;
2011.08.14 18:30:00;NZD;1;BusinessNZ Services Index;54.7;;54.5;;54.1;
2011.08.14 19:01:00;GBP;2;Rightmove HPI m/m;-1.6%;;-2.1%;;;
2011.08.14 19:50:00;JPY;3;Prelim GDP q/q;-0.9%;-0.6%;-0.3%;;;
2011.08.14 19:50:00;JPY;2;Prelim GDP Price Index y/y;-1.9%;-1.7%;-2.2%;;;
2011.08.14 21:30:00;AUD;2;New Motor Vehicle Sales m/m;1.3%;;8.6%;;1.9%;
2011.08.15 00:00:00;EUR;0;French Bank Holiday (All Day);;;;;;
2011.08.15 00:00:00;EUR;0;Italian Bank Holiday (All Day);;;;;;
2011.08.15 03:15:00;CHF;2;PPI m/m;-0.5%;-0.5%;-0.7%;;;
2011.08.15 08:30:00;CAD;1;New Motor Vehicle Sales m/m;-6.1%;2.4%;10.8%;;;
2011.08.15 08:30:00;USD;2;Empire State Manufacturing Index;-3.8;0.5;-7.7;;;
2011.08.15 09:00:00;USD;3;TIC Long-Term Purchases;23.6B;30.4B;3.7B;;24.2B;
2011.08.15 10:00:00;USD;1;NAHB Housing Market Index;15;15;15;;;
2011.08.15 14:00:00;USD;1;Loan Officer Survey;;;;;;
2011.08.15 21:30:00;AUD;3;Monetary Policy Meeting Minutes;;;;;;
2011.08.15 22:00:00;CNY;1;CB Leading Index m/m;0.5%;;1.0%;;0.6%;
2011.08.15 22:32:00;CNY;1;Foreign Direct Investment ytd/y;18.4%;;18.6%;;;
2011.08.16 02:00:00;EUR;3;German Prelim GDP q/q;1.5%;0.5%;0.1%;;1.3%;
2011.08.16 03:00:00;EUR;2;Spanish Flash GDP q/q;0.3%;0.2%;0.2%;;;
2011.08.16 04:30:00;GBP;3;CPI y/y;4.2%;4.3%;4.4%;;;
2011.08.16 04:30:00;GBP;2;RPI y/y;5.0%;5.0%;5.0%;;;
2011.08.16 04:30:00;GBP;1;Core CPI y/y;2.8%;3.1%;3.1%;;;
2011.08.16 04:32:00;GBP;1;ONS HPI y/y;-1.6%;0.9%;-2.0%;;-2.2%;
2011.08.16 05:00:00;EUR;2;Flash GDP q/q;0.8%;0.3%;0.2%;;;
2011.08.16 05:00:00;EUR;1;Trade Balance;-0.6B;0.3B;-1.6B;;-0.8B;
2011.08.16 05:30:00;GBP;3;BOE Inflation Letter;;;;;;
2011.08.16 08:30:00;CAD;2;Manufacturing Sales m/m;-0.8%;-0.3%;-1.5%;;-0.7%;
2011.08.16 08:30:00;USD;3;Building Permits;0.62M;0.61M;0.60M;;;
2011.08.16 08:30:00;USD;2;Housing Starts;0.63M;0.60M;0.60M;;0.61M;
2011.08.16 08:30:00;USD;2;Import Prices m/m;-0.5%;0.0%;0.3%;;-0.6%;
2011.08.16 09:15:00;USD;2;Capacity Utilization Rate;76.7%;77.0%;77.5%;;76.9%;
2011.08.16 09:15:00;USD;2;Industrial Production m/m;0.2%;0.5%;0.9%;;0.4%;
2011.08.16 10:30:00;NZD;1;GDT Price Index;-2.0%;;-1.3%;;;
2011.08.16 18:45:00;NZD;3;PPI Input q/q;2.2%;1.2%;0.9%;;;
2011.08.16 18:45:00;NZD;1;PPI Output q/q;1.7%;0.8%;1.4%;;;
2011.08.16 20:30:00;AUD;2;MI Leading Index m/m;-0.1%;;0.1%;;;
2011.08.16 21:30:00;AUD;2;Wage Price Index q/q;0.8%;0.9%;0.9%;;;
2011.08.17 04:00:00;EUR;2;Current Account;-5.2B;-3.6B;-7.4B;;-5.6B;
2011.08.17 04:30:00;GBP;3;Claimant Count Change;24.5K;20.1K;37.1K;;31.3K;
2011.08.17 04:30:00;GBP;3;MPC Asset Purchase Facility Votes;1-0-8;1-0-8;1-0-8;;;
2011.08.17 04:30:00;GBP;3;MPC Official Bank Rate Votes;2-0-7;2-0-7;0-0-9;;;
2011.08.17 04:30:00;GBP;2;Average Earnings Index 3m/y;2.3%;2.3%;2.6%;;;
2011.08.17 04:30:00;GBP;1;Unemployment Rate;7.7%;7.7%;7.9%;;;
2011.08.17 05:00:00;EUR;2;Final Core CPI y/y;1.6%;1.7%;1.2%;;;
2011.08.17 05:00:00;EUR;2;Final CPI y/y;2.5%;2.5%;2.5%;;;
2011.08.17 08:30:00;CAD;2;Foreign Securities Purchases;15.40B;10.33B;-3.46B;;15.34B;
2011.08.17 08:30:00;USD;3;PPI m/m;-0.4%;0.0%;0.2%;;;
2011.08.17 08:30:00;USD;2;Core PPI m/m;0.3%;0.2%;0.4%;;;
2011.08.17 10:30:00;USD;2;Crude Oil Inventories;-5.2M;-0.4M;4.2M;;;
2011.08.17 13:20:00;USD;2;FOMC Member Fisher Speaks;;;;;;
2011.08.17 19:50:00;JPY;2;Trade Balance;-0.19T;-0.12T;-0.13T;;-0.20T;
2011.08.18 04:30:00;GBP;3;Retail Sales m/m;0.7%;0.3%;0.2%;;0.8%;
2011.08.18 08:30:00;CAD;2;Leading Index m/m;0.2%;0.3%;0.2%;;0.1%;
2011.08.18 08:30:00;CAD;2;Wholesale Sales m/m;1.9%;0.3%;0.2%;;2.0%;
2011.08.18 08:30:00;USD;3;Core CPI m/m;0.3%;0.2%;0.2%;;;
2011.08.18 08:30:00;USD;3;CPI y/y;3.6%;3.4%;3.6%;;;
2011.08.18 08:30:00;USD;3;Unemployment Claims;395K;402K;408K;;399K;
2011.08.18 08:30:00;USD;2;CPI m/m;-0.2%;0.2%;0.5%;;;
2011.08.18 08:35:00;USD;1;FOMC Member Dudley Speaks;;;;;;
2011.08.18 10:00:00;USD;3;Existing Home Sales;4.77M;4.91M;4.67M;;4.84M;
2011.08.18 10:00:00;USD;3;Philly Fed Manufacturing Index;3.2;4.0;-30.7;;;
2011.08.18 10:00:00;USD;1;CB Leading Index m/m;0.3%;0.2%;0.5%;;;
2011.08.18 10:30:00;CAD;1;BOC Review;;;;;;
2011.08.18 10:30:00;USD;1;Natural Gas Storage;25B;49B;50B;;;
2011.08.18 18:52:00;NZD;1;Visitor Arrivals m/m;-5.1%;;2.0%;;-4.4%;
2011.08.18 23:09:00;NZD;1;Credit Card Spending y/y;4.5%;;7.3%;;4.6%;
2011.08.19 00:30:00;JPY;1;All Industries Activity m/m;2.0%;2.3%;2.3%;;1.8%;
2011.08.19 02:00:00;EUR;2;German PPI m/m;0.1%;0.2%;0.7%;;;
2011.08.19 04:30:00;GBP;3;Public Sector Net Borrowing;12.0B;0.4B;-2.0B;;12.4B;
2011.08.19 06:00:00;EUR;1;German Buba Monthly Report;;;;;;
2011.08.19 07:00:00;CAD;3;Core CPI m/m;-0.6%;0.2%;0.2%;;;
2011.08.19 07:00:00;CAD;2;CPI m/m;-0.7%;0.2%;0.2%;;;
2011.08.19 08:30:00;USD;1;FOMC Member Dudley Speaks;;;;;;
2011.08.19 10:00:00;CAD;3;BOC Gov Carney Speaks;;;;;;
2011.08.19 10:00:00;CAD;1;Gov Council Member Macklem Speaks;;;;;;
2011.08.22 10:00:00;USD;2;Mortgage Delinquencies;8.32%;;8.44%;;;
2011.08.22 22:30:00;CNY;2;Caixin Flash Manufacturing PMI;48.9;;49.8;;49.3;
2011.08.22 23:00:00;NZD;3;Inflation Expectations q/q;3.00%;;2.86%;;;
2011.08.23 00:00:00;AUD;2;RBA Deputy Gov Battellino Speaks;;;;;;
2011.08.23 02:00:00;CHF;2;Trade Balance;1.74B;1.83B;2.83B;;1.77B;
2011.08.23 03:00:00;EUR;2;French Flash Manufacturing PMI;50.1;50.1;49.3;;50.5;
2011.08.23 03:00:00;EUR;2;French Flash Services PMI;52.8;53.3;56.1;;53.2;
2011.08.23 03:30:00;EUR;2;German Flash Manufacturing PMI;52.1;50.9;52.0;;52.0;
2011.08.23 03:30:00;EUR;2;German Flash Services PMI;52.9;52.1;50.4;;;
2011.08.23 04:00:00;EUR;2;Flash Manufacturing PMI;50.4;49.6;49.7;;;
2011.08.23 04:00:00;EUR;2;Flash Services PMI;51.4;51.0;51.5;;51.6;
2011.08.23 04:30:00;GBP;2;High Street Lending;31.7K;32.3K;33.4K;;32.1K;
2011.08.23 05:00:00;EUR;3;German ZEW Economic Sentiment;-15.1;-24.8;-37.6;;;
2011.08.23 05:00:00;EUR;2;ZEW Economic Sentiment;-7.0;-6.2;-40.0;;;
2011.08.23 06:00:00;GBP;2;CBI Industrial Order Expectations;-10;-13;1;;;
2011.08.23 08:30:00;CAD;3;Core Retail Sales m/m;0.5%;0.3%;-0.1%;;0.6%;
2011.08.23 08:30:00;CAD;2;Retail Sales m/m;0.1%;0.6%;0.7%;;0.3%;
2011.08.23 10:00:00;EUR;1;Consumer Confidence;-11;-12;-17;;;
2011.08.23 10:00:00;GBP;2;MPC Member Weale Speaks;;;;;;
2011.08.23 10:00:00;USD;3;New Home Sales;312K;313K;298K;;300K;
2011.08.23 10:00:00;USD;1;Richmond Manufacturing Index;-1;-7;-10;;;
2011.08.23 13:00:00;CAD;2;Gov Council Member Boivin Speaks;;;;;;
2011.08.23 18:45:00;NZD;2;Trade Balance;230M;-124M;129M;;197M;
2011.08.23 19:50:00;JPY;1;SPPI y/y;-0.7%;-0.4%;-0.5%;;-0.8%;
2011.08.23 20:00:00;AUD;2;CB Leading Index m/m;-0.1%;;-0.8%;;;
2011.08.23 21:30:00;AUD;2;Construction Work Done q/q;0.7%;1.1%;0.7%;;1.2%;
2011.08.24 00:05:00;CAD;1;Gov Council Member Macklem Speaks;;;;;;
2011.08.24 04:00:00;EUR;3;German ifo Business Climate;112.9;111.2;108.7;;;
2011.08.24 05:00:00;EUR;2;Industrial New Orders m/m;3.6%;0.6%;-0.7%;;;
2011.08.24 05:10:00;EUR;2;German 10-y Bond Auction;2.70|1.2;;2.15|1.4;;;
2011.08.24 08:30:00;USD;3;Core Durable Goods Orders m/m;0.1%;-0.3%;0.7%;;0.6%;
2011.08.24 08:30:00;USD;2;Durable Goods Orders m/m;-2.1%;2.1%;4.0%;;-1.3%;
2011.08.24 09:00:00;EUR;2;Belgian NBB Business Climate;-2.5;-3.4;-7.8;;;
2011.08.24 10:00:00;USD;1;HPI m/m;0.4%;0.2%;0.9%;;;
2011.08.24 10:30:00;USD;2;Crude Oil Inventories;4.2M;0.7M;-2.2M;;;
2011.08.24 18:45:00;NZD;2;Retail Sales q/q;0.9%;0.6%;0.9%;;1.1%;
2011.08.24 18:45:00;NZD;1;FPI m/m;1.4%;;2.0%;;;
2011.08.24 18:51:00;NZD;3;Core Retail Sales q/q;0.7%;0.7%;1.0%;;1.0%;
2011.08.24 19:01:00;GBP;2;Nationwide Consumer Confidence;51;46;49;;;
2011.08.25 02:00:00;EUR;2;German GfK Consumer Climate;5.4;5.2;5.2;;5.3;
2011.08.25 05:00:00;CHF;2;Credit Suisse Economic Expectations;-58.9;;-71.4;;;
2011.08.25 06:00:00;GBP;2;CBI Realized Sales;-5;-10;-14;;;
2011.08.25 07:00:00;GBP;2;MPC Member Weale Speaks;;;;;;
2011.08.25 08:30:00;CAD;1;Corporate Profits q/q;4.2%;;-4.9%;;;
2011.08.25 08:30:00;USD;3;Unemployment Claims;408K;403K;417K;;412K;
2011.08.25 10:30:00;USD;1;Natural Gas Storage;50B;75B;73B;;;
2011.08.25 00:00:00;All;2;Jackson Hole Symposium (Day 1);;;;;;
2011.08.25 19:30:00;AUD;3;RBA Gov Stevens Speaks;;;;;;
2011.08.25 19:30:00;JPY;2;Tokyo Core CPI y/y;0.4%;-0.1%;-0.2%;;0.0%;
2011.08.25 19:30:00;JPY;1;National Core CPI y/y;0.4%;-0.1%;0.1%;;-0.2%;
2011.08.26 02:00:00;EUR;1;German Import Prices m/m;-0.6%;0.2%;0.8%;;;
2011.08.26 04:00:00;EUR;2;M3 Money Supply y/y;2.1%;2.2%;2.0%;;1.9%;
2011.08.26 04:00:00;EUR;1;Private Loans y/y;2.5%;2.6%;2.4%;;;
2011.08.26 04:30:00;GBP;3;Second Estimate GDP q/q;0.2%;0.2%;0.2%;;;
2011.08.26 04:30:00;GBP;1;Index of Services 3m/3m;1.2%;0.6%;0.5%;;;
2011.08.26 05:30:00;CHF;3;KOF Economic Barometer;2.04;1.84;1.61;;1.98;
2011.08.26 08:30:00;USD;3;Prelim GDP q/q;1.3%;1.1%;1.0%;;;
2011.08.26 08:30:00;USD;1;Prelim GDP Price Index q/q;2.3%;2.3%;2.4%;;;
2011.08.26 09:55:00;USD;2;Revised UoM Consumer Sentiment;54.9;56.2;55.7;;;
2011.08.26 09:55:00;USD;1;Revised UoM Inflation Expectations;3.4%;;3.5%;;;
2011.08.26 10:00:00;USD;3;Fed Chairman Bernanke Speaks;;;;;;
2011.08.26 00:00:00;All;2;Jackson Hole Symposium (Day 2);;;;;;
2011.08.27 10:25:00;EUR;2;ECB President Trichet Speaks;;;;;;
2011.08.27 00:00:00;All;2;Jackson Hole Symposium (Day 3);;;;;;
2011.08.28 21:00:00;AUD;2;HIA New Home Sales m/m;-8.7%;;-8.0%;;;
2011.08.29 00:00:00;EUR;2;German Prelim CPI m/m (All Day);0.4%;0.0%;-0.1%;;;
2011.08.29 00:00:00;GBP;0;Bank Holiday (All Day);;;;;;
2011.08.29 08:30:00;USD;2;Core PCE Price Index m/m;0.1%;0.2%;0.2%;;0.2%;
2011.08.29 08:30:00;USD;2;Personal Spending m/m;-0.2%;0.5%;0.8%;;-0.1%;
2011.08.29 08:30:00;USD;1;Personal Income m/m;0.1%;0.3%;0.3%;;0.2%;
2011.08.29 09:00:00;EUR;3;ECB President Trichet Speaks;;;;;;
2011.08.29 10:00:00;USD;3;Pending Home Sales m/m;2.4%;-0.8%;-1.3%;;;
2011.08.29 18:45:00;NZD;3;Building Consents m/m;-1.4%;;13.0%;;-1.0%;
2011.08.29 19:30:00;JPY;2;Household Spending y/y;-4.2%;-2.9%;-2.1%;;;
2011.08.29 19:30:00;JPY;1;Unemployment Rate;4.6%;4.6%;4.7%;;;
2011.08.29 19:50:00;JPY;2;Retail Sales y/y;1.1%;1.1%;0.7%;;1.2%;
2011.08.29 21:30:00;AUD;3;Building Approvals m/m;-3.5%;2.1%;1.0%;;-3.6%;
2011.08.30 02:00:00;CHF;2;UBS Consumption Indicator;1.48;;1.29;;1.52;
2011.08.30 03:00:00;EUR;1;Spanish Flash CPI y/y;3.1%;2.8%;2.9%;;;
2011.08.30 04:00:00;EUR;1;Retail PMI;48.2;;48.0;;;
2011.08.30 04:00:00;EUR;1;Italian Retail Sales m/m;-0.1%;0.2%;-0.2%;;-0.2%;
2011.08.30 04:30:00;GBP;2;Net Lending to Individuals m/m;0.4B;1.1B;0.9B;;;
2011.08.30 04:30:00;GBP;1;M4 Money Supply m/m;-0.5%;0.4%;-0.1%;;-0.4%;
2011.08.30 04:30:00;GBP;1;Mortgage Approvals;48K;49K;49K;;49K;
2011.08.30 05:20:00;EUR;2;Italian 10-y Bond Auction;5.77|1.4;;5.22|1.3;;;
2011.08.30 08:30:00;CAD;2;Current Account;-8.9B;-13.6B;-15.3B;;-10.1B;
2011.08.30 08:30:00;CAD;2;RMPI m/m;-2.2%;0.2%;-1.2%;;-2.4%;
2011.08.30 08:30:00;CAD;1;IPPI m/m;-0.3%;0.0%;-0.3%;;-0.2%;
2011.08.30 09:00:00;USD;2;S&P/CS Composite-20 HPI y/y;-4.5%;-4.7%;-4.5%;;-4.6%;
2011.08.30 10:00:00;USD;3;CB Consumer Confidence;59.5;52.1;44.5;;59.2;
2011.08.30 12:15:00;USD;2;FOMC Member Kocherlakota Speaks;;;;;;
2011.08.30 14:00:00;USD;3;FOMC Meeting Minutes;;;;;;
2011.08.30 19:01:00;GBP;2;GfK Consumer Confidence;-30;-32;-31;;;
2011.08.30 19:15:00;JPY;1;Final Manufacturing PMI;52.1;;51.9;;;
2011.08.30 19:50:00;JPY;2;Prelim Industrial Production m/m;3.9%;1.6%;0.6%;;3.8%;
2011.08.30 21:00:00;NZD;3;ANZ Business Confidence;47.6;;34.4;;;
2011.08.30 21:30:00;AUD;2;Private Sector Credit m/m;-0.1%;0.2%;0.2%;;;
2011.08.30 21:30:00;JPY;2;Average Cash Earnings y/y;-0.8%;-0.4%;-0.1%;;-0.7%;
2011.08.31 01:00:00;JPY;1;Housing Starts y/y;5.8%;4.7%;21.2%;;;
2011.08.31 02:00:00;EUR;2;German Retail Sales m/m;6.3%;-1.5%;0.0%;;4.5%;
2011.08.31 03:55:00;EUR;2;German Unemployment Change;-11K;-10K;-8K;;-10K;
2011.08.31 04:00:00;EUR;1;Italian Monthly Unemployment Rate;8.0%;8.1%;8.0%;;;
2011.08.31 05:00:00;EUR;2;CPI Flash Estimate y/y;2.5%;2.5%;2.5%;;;
2011.08.31 05:00:00;EUR;2;Unemployment Rate;9.9%;9.9%;10.0%;;10.0%;
2011.08.31 05:00:00;EUR;1;Italian Prelim CPI m/m;0.3%;0.3%;0.3%;;;
2011.08.31 07:30:00;USD;1;Challenger Job Cuts y/y;59.4%;;47.0%;;;
2011.08.31 08:15:00;USD;3;ADP Non-Farm Employment Change;114K;102K;91K;;109K;
2011.08.31 08:30:00;CAD;3;GDP m/m;-0.3%;0.2%;0.2%;;;
2011.08.31 09:45:00;USD;2;Chicago PMI;58.8;54.3;56.5;;;
2011.08.31 10:00:00;USD;2;Factory Orders m/m;-0.8%;1.8%;2.4%;;-0.4%;
2011.08.31 10:30:00;USD;2;Crude Oil Inventories;-2.2M;0.5M;5.3M;;;
2011.08.31 18:45:00;NZD;1;Overseas Trade Index q/q;0.9%;1.2%;2.3%;;0.8%;
2011.08.31 19:23:00;AUD;1;AIG Manufacturing Index;43.4;;43.3;;;
2011.08.31 21:00:00;CNY;3;Manufacturing PMI;50.7;51.2;50.9;;;
2011.08.31 21:00:00;NZD;1;ANZ Commodity Prices m/m;-0.1%;;-1.2%;;-0.2%;
2011.08.31 21:30:00;AUD;3;Private Capital Expenditure q/q;3.4%;4.1%;4.9%;;7.7%;
2011.08.31 21:30:00;AUD;3;Retail Sales m/m;-0.1%;0.3%;0.5%;;;
2011.08.31 22:30:00;CNY;2;Caixin Manufacturing PMI;49.8;;49.9;;;
2011.08.31 23:45:00;JPY;1;10-y Bond Auction;1.04|3.1;;1.08|3.0;;;
