2011.07.01 02:30:00;AUD;2;Commodity Prices y/y;29.4%;;28.2%;;29.1%;
2011.07.01 03:15:00;EUR;2;Spanish Manufacturing PMI;48.2;;47.3;;;
2011.07.01 03:30:00;CHF;2;Manufacturing PMI;59.2;57.9;53.4;;;
2011.07.01 03:45:00;EUR;2;Italian Manufacturing PMI;52.8;50.7;49.9;;;
2011.07.01 03:50:00;EUR;1;French Final Manufacturing PMI;52.5;52.5;52.5;;;
2011.07.01 03:55:00;EUR;1;German Final Manufacturing PMI;54.9;54.9;54.6;;;
2011.07.01 04:00:00;EUR;1;Final Manufacturing PMI;52.0;52.0;52.0;;;
2011.07.01 04:00:00;EUR;1;Italian Monthly Unemployment Rate;8.1%;8.1%;8.1%;;8.0%;
2011.07.01 04:00:00;EUR;1;Italian Quarterly Unemployment Rate;8.5%;8.4%;8.2%;;8.4%;
2011.07.01 04:30:00;GBP;3;Final Manufacturing PMI;52.1;52.2;51.3;;52.0;
2011.07.01 05:00:00;EUR;2;Unemployment Rate;9.9%;9.9%;9.9%;;;
2011.07.01 00:00:00;CAD;0;Bank Holiday (All Day);;;;;;
2011.07.01 09:55:00;USD;2;Revised UoM Consumer Sentiment;71.8;72.0;71.5;;;
2011.07.01 09:55:00;USD;1;Revised UoM Inflation Expectations;4.0%;;3.8%;;;
2011.07.01 10:00:00;USD;3;ISM Manufacturing PMI;53.5;51.9;55.3;;;
2011.07.01 10:00:00;USD;1;Construction Spending m/m;0.4%;0.1%;-0.6%;;-0.6%;
2011.07.01 10:00:00;USD;1;ISM Manufacturing Prices;76.5;72.3;68.0;;;
2011.07.01 00:00:00;USD;1;Total Vehicle Sales (All Day);11.8M;12.0M;11.5M;;;
2011.07.02 21:00:00;CNY;1;Non-Manufacturing PMI;61.9;;57.0;;;
2011.07.03 19:50:00;JPY;1;Monetary Base y/y;16.2%;16.4%;17.0%;;;
2011.07.03 20:30:00;AUD;1;MI Inflation Gauge m/m;0.2%;;0.0%;;;
2011.07.03 21:02:00;NZD;1;ANZ Commodity Prices m/m;0.3%;;-1.2%;;0.4%;
2011.07.03 21:30:00;AUD;3;ANZ Job Advertisements m/m;-6.5%;;3.7%;;;
2011.07.03 21:30:00;AUD;3;Building Approvals m/m;-1.3%;-0.5%;-7.9%;;-0.3%;
2011.07.03 21:30:00;AUD;3;Retail Sales m/m;1.1%;0.3%;-0.6%;;1.2%;
2011.07.04 03:00:00;EUR;2;Spanish Unemployment Change;-79.7K;;-67.9K;;;
2011.07.04 03:15:00;CHF;3;Retail Sales y/y;7.5%;4.6%;-4.1%;;7.8%;
2011.07.04 04:30:00;EUR;1;Sentix Investor Confidence;3.5;1.1;5.3;;;
2011.07.04 04:30:00;GBP;3;Construction PMI;54.0;53.6;53.6;;;
2011.07.04 04:30:00;GBP;1;Housing Equity Withdrawal q/q;-7.0B;-6.2B;-5.8B;;-7.1B;
2011.07.04 05:00:00;EUR;1;PPI m/m;0.9%;-0.1%;-0.2%;;;
2011.07.04 00:00:00;USD;0;Bank Holiday (All Day);;;;;;
2011.07.04 08:30:00;CAD;2;RMPI m/m;6.8%;-2.5%;-5.2%;;6.9%;
2011.07.04 08:30:00;CAD;1;IPPI m/m;0.5%;0.0%;-0.2%;;;
2011.07.04 09:30:00;CAD;1;Manufacturing PMI;54.8;;52.8;;;
2011.07.04 18:00:00;NZD;3;NZIER Business Confidence;-27;;27;;;
2011.07.04 19:30:00;AUD;2;AIG Services Index;49.9;;48.5;;;
2011.07.04 21:30:00;AUD;3;Goods Trade Balance;1.60B;1.91B;2.33B;;1.62B;
2011.07.04 21:30:00;JPY;2;Average Cash Earnings y/y;-1.4%;-0.4%;1.1%;;;
2011.07.04 22:30:00;CNY;1;Caixin Services PMI;54.3;;54.1;;;
2011.07.04 23:45:00;JPY;1;10-y Bond Auction;1.17|2.7;;1.17|3.2;;;
2011.07.05 00:30:00;AUD;3;Cash Rate;4.75%;4.75%;4.75%;;;
2011.07.05 00:30:00;AUD;3;RBA Rate Statement;;;;;;
2011.07.05 03:15:00;EUR;1;Spanish Services PMI;50.9;;50.2;;;
2011.07.05 03:45:00;EUR;1;Italian Services PMI;50.1;49.7;47.4;;;
2011.07.05 03:50:00;EUR;1;French Final Services PMI;56.7;56.7;56.1;;;
2011.07.05 03:55:00;EUR;1;German Final Services PMI;58.3;58.3;56.7;;;
2011.07.05 04:00:00;EUR;1;Final Services PMI;54.2;54.2;53.7;;;
2011.07.05 04:30:00;GBP;3;Final Services PMI;53.8;53.6;53.9;;;
2011.07.05 05:00:00;EUR;2;Retail Sales m/m;0.9%;-0.9%;-1.1%;;0.7%;
2011.07.05 05:37:00;GBP;2;10-y Bond Auction;3.42|1.6;;3.51|2.2;;;
2011.07.05 10:00:00;USD;2;Factory Orders m/m;-1.2%;1.1%;0.8%;;-0.9%;
2011.07.05 10:30:00;NZD;1;GDT Price Index;-0.8%;;-5.4%;;;
2011.07.05 19:01:00;GBP;1;BRC Shop Price Index y/y;2.3%;;2.9%;;;
2011.07.06 01:00:00;JPY;1;Leading Indicators;96.4%;99.9%;99.8%;;96.2%;
2011.07.06 03:00:00;CHF;3;Foreign Currency Reserves;194B;;196B;;196B;
2011.07.06 03:00:00;GBP;3;Halifax HPI m/m;0.1%;0.1%;1.2%;;0.4%;
2011.07.06 05:00:00;EUR;1;Final GDP q/q;0.8%;0.8%;0.8%;;;
2011.07.06 06:00:00;EUR;2;German Factory Orders m/m;2.8%;-0.5%;1.8%;;2.9%;
2011.07.06 07:30:00;USD;1;Challenger Job Cuts y/y;-4.3%;;5.3%;;;
2011.07.06 08:30:00;CAD;3;Building Permits m/m;-21.1%;5.1%;20.9%;;-21.5%;
2011.07.06 10:00:00;USD;3;ISM Services PMI;54.6;53.9;53.3;;;
2011.07.06 19:25:00;AUD;1;AIG Construction Index;39.6;;35.8;;;
2011.07.06 19:50:00;JPY;2;Core Machinery Orders m/m;-3.3%;3.1%;3.0%;;;
2011.07.06 21:30:00;AUD;3;Employment Change;7.8K;15.2K;23.4K;;-0.5K;
2011.07.06 21:30:00;AUD;3;Unemployment Rate;4.9%;4.9%;4.9%;;;
2011.07.06 23:45:00;JPY;1;30-y Bond Auction;2.04|3.2;;2.09|3.7;;;
2011.07.07 02:45:00;EUR;1;French Trade Balance;-7.1B;-6.6B;-7.4B;;-7.2B;
2011.07.07 03:15:00;CHF;2;CPI m/m;0.0%;-0.1%;-0.2%;;;
2011.07.07 04:30:00;GBP;3;Manufacturing Production m/m;-1.5%;1.1%;1.8%;;-1.6%;
2011.07.07 04:30:00;GBP;1;Industrial Production m/m;-1.7%;1.1%;0.9%;;;
2011.07.07 05:04:00;EUR;2;French 10-y Bond Auction;3.50|2.5;;3.49|1.9;;;
2011.07.07 06:00:00;EUR;2;German Industrial Production m/m;-0.6%;0.7%;1.2%;;-0.8%;
2011.07.07 07:00:00;GBP;3;Asset Purchase Facility;200B;200B;200B;;;
2011.07.07 07:00:00;GBP;3;Official Bank Rate;0.50%;0.50%;0.50%;;;
2011.07.07 07:45:00;EUR;3;Main Refinancing Rate;1.25%;1.50%;1.50%;;;
2011.07.07 08:15:00;USD;3;ADP Non-Farm Employment Change;38K;67K;157K;;36K;
2011.07.07 08:30:00;CAD;2;NHPI m/m;0.3%;0.2%;0.4%;;;
2011.07.07 08:30:00;EUR;3;ECB Press Conference;;;;;;
2011.07.07 08:30:00;USD;3;Unemployment Claims;428K;421K;418K;;432K;
2011.07.07 10:00:00;CAD;3;Ivey PMI;65.5;65.0;59.9;;;
2011.07.07 10:00:00;GBP;2;NIESR GDP Estimate;0.4%;;0.1%;;0.5%;
2011.07.07 10:30:00;USD;1;Natural Gas Storage;78B;80B;95B;;;
2011.07.07 11:00:00;USD;2;Crude Oil Inventories;-4.4M;-2.4M;-0.9M;;;
2011.07.07 19:50:00;JPY;1;Bank Lending y/y;-0.7%;;-0.6%;;-0.8%;
2011.07.07 19:50:00;JPY;1;Current Account;0.55T;0.19T;0.39T;;;
2011.07.07 23:15:00;AUD;2;RBA Deputy Gov Debelle Speaks;;;;;;
2011.07.08 01:00:00;JPY;1;Economy Watchers Sentiment;36.0;40.1;49.6;;;
2011.07.08 01:45:00;CHF;1;Unemployment Rate;3.0%;3.0%;3.0%;;;
2011.07.08 02:00:00;EUR;1;German Trade Balance;12.0B;12.8B;12.8B;;11.9B;
2011.07.08 02:45:00;EUR;1;French Gov Budget Balance;-61.4B;;-68.4B;;;
2011.07.08 04:00:00;EUR;1;Italian Industrial Production m/m;1.0%;-0.2%;-0.6%;;1.1%;
2011.07.08 04:30:00;GBP;3;PPI Input m/m;-2.0%;0.1%;0.4%;;-1.7%;
2011.07.08 04:30:00;GBP;1;PPI Output m/m;0.2%;0.1%;0.1%;;;
2011.07.08 07:00:00;CAD;3;Employment Change;22.3K;13.8K;28.4K;;;
2011.07.08 07:00:00;CAD;3;Unemployment Rate;7.4%;7.4%;7.4%;;;
2011.07.08 08:30:00;USD;3;Non-Farm Employment Change;54K;97K;18K;;25K;
2011.07.08 08:30:00;USD;3;Unemployment Rate;9.1%;9.1%;9.2%;;;
2011.07.08 08:30:00;USD;2;Average Hourly Earnings m/m;0.3%;0.2%;0.0%;;;
2011.07.08 10:00:00;USD;2;Final Wholesale Inventories m/m;0.8%;0.6%;1.8%;;1.1%;
2011.07.08 10:30:00;USD;1;President Obama Speaks;;;;;;
2011.07.08 15:00:00;USD;1;Consumer Credit m/m;6.2B;5.1B;5.1B;;5.7B;
2011.07.08 21:30:00;CNY;3;CPI y/y;5.5%;6.3%;6.4%;;;
2011.07.08 21:30:00;CNY;2;PPI y/y;6.8%;6.9%;7.1%;;;
2011.07.09 22:45:00;CNY;3;USD-Denominated Trade Balance;13.1B;14.1B;22.3B;;;
2011.07.10 07:00:00;EUR;2;ECB President Trichet Speaks;;;;;;
2011.07.10 19:50:00;JPY;1;M2 Money Stock y/y;2.7%;2.8%;2.9%;;;
2011.07.10 21:30:00;AUD;3;Home Loans m/m;4.8%;4.6%;4.4%;;4.6%;
2011.07.11 01:00:00;JPY;1;Consumer Confidence;34.2;35.7;35.3;;;
2011.07.11 02:08:00;JPY;1;Prelim Machine Tool Orders y/y;34.2%;;53.3%;;34.0%;
2011.07.11 02:45:00;EUR;2;French Industrial Production m/m;-0.3%;0.5%;2.0%;;-0.5%;
2011.07.11 00:00:00;EUR;2;ECOFIN Meetings (Day 1);;;;;;
2011.07.11 08:14:00;CAD;3;Housing Starts;184K;182K;197K;;194K;
2011.07.11 10:30:00;CAD;3;BOC Business Outlook Survey;;;;;;
2011.07.11 11:00:00;USD;1;President Obama Speaks;;;;;;
2011.07.11 19:01:00;GBP;2;BRC Retail Sales Monitor y/y;-2.1%;;-0.6%;;;
2011.07.11 19:01:00;GBP;2;RICS House Price Balance;-28%;-24%;-27%;;;
2011.07.11 19:50:00;JPY;2;Tertiary Industry Activity m/m;2.6%;0.8%;0.9%;;2.5%;
2011.07.11 19:50:00;JPY;1;PPI y/y;2.2%;2.4%;2.5%;;;
2011.07.11 21:30:00;AUD;2;NAB Business Confidence;6;;0;;;
2011.07.11 22:05:00;CNY;2;New Loans;552B;623B;634B;;;
2011.07.11 22:05:00;CNY;1;M2 Money Supply y/y;15.1%;15.4%;15.9%;;;
2011.07.12 00:20:00;JPY;3;Monetary Policy Statement;;;;;;
2011.07.12 00:20:00;JPY;3;Overnight Call Rate;<0.10%;<0.10%;<0.10%;;;
2011.07.12 01:30:00;EUR;1;French Final CPI m/m;0.1%;0.1%;0.1%;;;
2011.07.12 02:00:00;EUR;1;German Final CPI m/m;0.1%;0.1%;0.1%;;;
2011.07.12 03:09:00;JPY;3;BOJ Press Conference;;;;;;
2011.07.12 03:30:00;GBP;2;MPC Member Bean Speaks;;;;;;
2011.07.12 00:00:00;EUR;2;ECOFIN Meetings (Day 2);;;;;;
2011.07.12 04:30:00;GBP;3;CPI y/y;4.5%;4.5%;4.2%;;;
2011.07.12 04:30:00;GBP;2;Goods Trade Balance;-7.4B;-7.3B;-8.5B;;-7.6B;
2011.07.12 04:30:00;GBP;2;ONS HPI y/y;-0.3%;-0.2%;-1.6%;;;
2011.07.12 04:30:00;GBP;2;RPI y/y;5.2%;5.2%;5.0%;;;
2011.07.12 04:30:00;GBP;1;Core CPI y/y;3.3%;3.4%;2.8%;;;
2011.07.12 05:00:00;GBP;1;CB Leading Index m/m;0.4%;;0.6%;;;
2011.07.12 07:30:00;USD;1;NFIB Small Business Index;90.9;91.3;90.8;;;
2011.07.12 08:30:00;CAD;3;Trade Balance;-0.9B;-0.8B;-0.8B;;;
2011.07.12 08:30:00;USD;3;Trade Balance;-43.7B;-44.1B;-50.2B;;-43.6B;
2011.07.12 10:00:00;USD;1;JOLTS Job Openings;2.97M;;2.97M;;2.95M;
2011.07.12 10:00:00;USD;1;RCM/TIPP Economic Optimism;44.6;45.7;41.4;;;
2011.07.12 14:00:00;USD;3;FOMC Meeting Minutes;;;;;;
2011.07.12 18:45:00;NZD;1;FPI m/m;0.5%;;1.4%;;;
2011.07.12 20:30:00;AUD;2;Westpac Consumer Sentiment;-2.6%;;-8.3%;;;
2011.07.12 22:00:00;CNY;3;GDP q/y;9.7%;9.5%;9.5%;;;
2011.07.12 22:00:00;CNY;2;Fixed Asset Investment ytd/y;25.8%;25.7%;25.6%;;;
2011.07.12 22:00:00;CNY;2;Industrial Production y/y;13.3%;13.2%;15.1%;;;
2011.07.12 22:00:00;CNY;2;NBS Press Conference;;;;;;
2011.07.12 22:00:00;CNY;1;Retail Sales y/y;16.9%;17.0%;17.7%;;;
2011.07.13 00:30:00;JPY;1;Revised Industrial Production m/m;5.7%;5.7%;6.2%;;;
2011.07.13 01:00:00;JPY;2;BOJ Monthly Report;;;;;;
2011.07.13 02:00:00;EUR;1;German WPI m/m;0.0%;-0.3%;-0.6%;;;
2011.07.13 03:15:00;CHF;2;PPI m/m;-0.2%;-0.3%;-0.5%;;;
2011.07.13 04:30:00;GBP;3;Claimant Count Change;19.6K;15.1K;24.5K;;22.5K;
2011.07.13 04:30:00;GBP;2;Average Earnings Index 3m/y;1.8%;2.0%;2.3%;;2.0%;
2011.07.13 04:30:00;GBP;1;Unemployment Rate;7.7%;7.7%;7.7%;;;
2011.07.13 05:00:00;EUR;2;Industrial Production m/m;0.2%;0.5%;0.1%;;;
2011.07.13 05:08:00;EUR;2;German 10-y Bond Auction;2.96|1.6;;2.70|1.2;;;
2011.07.13 08:30:00;USD;2;Import Prices m/m;0.2%;-0.7%;-0.5%;;0.1%;
2011.07.13 10:00:00;USD;3;Fed Chairman Bernanke Testifies;;;;;;
2011.07.13 10:00:00;USD;1;Fed Monetary Policy Report;;;;;;
2011.07.13 10:30:00;USD;2;Crude Oil Inventories;-0.9M;-2.3M;-3.1M;;;
2011.07.13 13:00:00;USD;2;10-y Bond Auction;2.97|3.2;;2.92|3.2;;;
2011.07.13 14:00:00;USD;2;Federal Budget Balance;-57.6B;-68.0B;-43.1B;;;
2011.07.13 18:24:00;NZD;1;BusinessNZ Manufacturing Index;54.7;;54.3;;;
2011.07.13 18:45:00;NZD;3;GDP q/q;0.2%;0.3%;0.8%;;0.5%;
2011.07.13 20:00:00;NZD;2;REINZ HPI m/m;-1.8%;;1.3%;;;
2011.07.13 21:00:00;AUD;2;MI Inflation Expectations;3.3%;;3.4%;;;
2011.07.14 00:00:00;EUR;0;French Bank Holiday (All Day);;;;;;
2011.07.14 04:00:00;EUR;2;ECB Monthly Bulletin;;;;;;
2011.07.14 05:00:00;EUR;2;Final Core CPI y/y;1.5%;1.5%;1.6%;;;
2011.07.14 05:00:00;EUR;2;Final CPI y/y;2.7%;2.7%;2.7%;;;
2011.07.14 06:39:00;GBP;1;30-y Bond Auction;4.21|1.5;;4.18|2.0;;;
2011.07.14 08:30:00;USD;3;Core Retail Sales m/m;0.3%;0.1%;0.0%;;0.2%;
2011.07.14 08:30:00;USD;3;PPI m/m;0.2%;-0.2%;-0.4%;;;
2011.07.14 08:30:00;USD;3;Retail Sales m/m;-0.2%;-0.1%;0.1%;;-0.1%;
2011.07.14 08:30:00;USD;3;Unemployment Claims;418K;413K;405K;;427K;
2011.07.14 08:30:00;USD;2;Core PPI m/m;0.2%;0.2%;0.3%;;;
2011.07.14 10:00:00;USD;3;Fed Chairman Bernanke Testifies;;;;;;
2011.07.14 10:00:00;USD;2;Business Inventories m/m;0.8%;0.7%;1.0%;;1.0%;
2011.07.14 10:30:00;USD;1;Natural Gas Storage;95B;79B;84B;;;
2011.07.14 13:00:00;USD;1;30-y Bond Auction;4.24|2.6;;4.20|2.8;;;
2011.07.14 19:50:00;JPY;2;Monetary Policy Meeting Minutes;;;;;;
2011.07.14 21:50:00;CNY;1;Foreign Direct Investment ytd/y;23.4%;;18.4%;;;
2011.07.15 04:00:00;EUR;1;Italian Trade Balance;-3.76B;-2.97B;-2.41B;;-3.77B;
2011.07.15 05:00:00;EUR;1;Trade Balance;-2.9B;-3.2B;-0.6B;;-2.5B;
2011.07.15 08:30:00;CAD;2;Manufacturing Sales m/m;-1.3%;-0.2%;-0.8%;;;
2011.07.15 08:30:00;USD;3;Core CPI m/m;0.3%;0.2%;0.3%;;;
2011.07.15 08:30:00;USD;3;CPI y/y;3.6%;3.6%;3.6%;;;
2011.07.15 08:30:00;USD;2;CPI m/m;0.2%;-0.1%;-0.2%;;;
2011.07.15 08:30:00;USD;2;Empire State Manufacturing Index;-7.8;4.5;-3.8;;;
2011.07.15 09:15:00;USD;2;Capacity Utilization Rate;76.7%;77.0%;76.7%;;;
2011.07.15 09:15:00;USD;2;Industrial Production m/m;0.1%;0.4%;0.2%;;-0.1%;
2011.07.15 09:55:00;USD;3;Prelim UoM Consumer Sentiment;71.8;72.5;63.8;;71.5;
2011.07.15 09:55:00;USD;1;Prelim UoM Inflation Expectations;4.0%;;3.4%;;3.8%;
2011.07.15 11:00:00;USD;1;President Obama Speaks;;;;;;
2011.07.15 12:00:00;EUR;3;EBA Bank Stress Test Results;;;;;;
2011.07.15 13:10:00;GBP;2;MPC Member Tucker Speaks;;;;;;
2011.07.17 18:30:00;NZD;1;BusinessNZ Services Index;52.8;;54.7;;52.1;
2011.07.17 18:45:00;NZD;3;CPI q/q;0.8%;0.8%;1.0%;;;
2011.07.17 19:01:00;GBP;2;Rightmove HPI m/m;0.6%;;-1.6%;;;
2011.07.17 00:00:00;JPY;0;Bank Holiday (All Day);;;;;;
2011.07.17 21:30:00;AUD;2;New Motor Vehicle Sales m/m;-7.6%;;1.3%;;-7.5%;
2011.07.18 06:00:00;EUR;1;German Buba Monthly Report;;;;;;
2011.07.18 08:30:00;CAD;2;Foreign Securities Purchases;8.22B;7.41B;15.40B;;8.52B;
2011.07.18 08:30:00;CAD;1;New Motor Vehicle Sales m/m;-1.1%;0.5%;-6.1%;;;
2011.07.18 09:00:00;USD;3;TIC Long-Term Purchases;30.6B;48.4B;23.6B;;;
2011.07.18 10:00:00;USD;1;NAHB Housing Market Index;13;15;15;;;
2011.07.18 21:30:00;AUD;3;Monetary Policy Meeting Minutes;;;;;;
2011.07.19 05:00:00;EUR;3;German ZEW Economic Sentiment;-9.0;-11.8;-15.1;;;
2011.07.19 05:00:00;EUR;2;ZEW Economic Sentiment;-5.9;-7.4;-7.0;;;
2011.07.19 08:30:00;CAD;2;Leading Index m/m;1.0%;1.0%;0.2%;;0.8%;
2011.07.19 08:30:00;USD;3;Building Permits;0.61M;0.61M;0.62M;;;
2011.07.19 08:30:00;USD;2;Housing Starts;0.56M;0.58M;0.63M;;0.55M;
2011.07.19 09:00:00;CAD;3;BOC Rate Statement;;;;;;
2011.07.19 09:00:00;CAD;3;Overnight Rate;1.00%;1.00%;1.00%;;;
2011.07.19 10:30:00;NZD;1;GDT Price Index;-5.4%;;-6.1%;;;
2011.07.19 13:30:00;USD;1;President Obama Speaks;;;;;;
2011.07.19 20:30:00;AUD;2;MI Leading Index m/m;0.2%;;-0.1%;;;
2011.07.19 22:00:00;CNY;1;CB Leading Index m/m;0.2%;;0.5%;;0.1%;
2011.07.20 02:00:00;EUR;2;German PPI m/m;0.0%;0.1%;0.1%;;;
2011.07.20 04:30:00;GBP;3;MPC Asset Purchase Facility Votes;1-0-8;1-0-8;1-0-8;;;
2011.07.20 04:30:00;GBP;3;MPC Official Bank Rate Votes;2-0-7;2-0-7;2-0-7;;;
2011.07.20 05:07:00;EUR;1;German 30-y Bond Auction;3.93|1.5;;3.43|1.3;;;
2011.07.20 08:30:00;CAD;2;Wholesale Sales m/m;-0.1%;0.2%;1.9%;;-0.6%;
2011.07.20 10:00:00;EUR;1;Consumer Confidence;-10;-10;-11;;;
2011.07.20 10:00:00;USD;3;Existing Home Sales;4.81M;4.92M;4.77M;;;
2011.07.20 10:30:00;CAD;3;BOC Monetary Policy Report;;;;;;
2011.07.20 10:30:00;USD;2;Crude Oil Inventories;-3.1M;-1.5M;-3.7M;;;
2011.07.20 11:15:00;CAD;3;BOC Press Conference;;;;;;
2011.07.20 18:50:00;NZD;1;Visitor Arrivals m/m;-0.3%;;-5.1%;;-0.5%;
2011.07.20 19:01:00;GBP;2;Nationwide Consumer Confidence;55;51;51;;;
2011.07.20 19:50:00;JPY;2;Trade Balance;-0.47T;-0.25T;-0.19T;;-0.45T;
2011.07.20 21:30:00;AUD;2;NAB Quarterly Business Confidence;11;;6;;;
2011.07.20 22:30:00;CNY;2;Caixin Flash Manufacturing PMI;50.1;;48.9;;;
2011.07.20 23:00:00;NZD;1;Credit Card Spending y/y;5.1%;;4.5%;;5.5%;
2011.07.21 00:30:00;JPY;1;All Industries Activity m/m;1.5%;1.9%;2.0%;;1.4%;
2011.07.21 02:00:00;CHF;2;Trade Balance;3.31B;2.87B;1.75B;;3.25B;
2011.07.21 03:00:00;EUR;2;French Flash Manufacturing PMI;52.5;52.3;50.1;;;
2011.07.21 03:00:00;EUR;2;French Flash Services PMI;56.7;55.8;54.2;;56.1;
2011.07.21 03:30:00;EUR;2;German Flash Manufacturing PMI;54.9;54.1;52.1;;54.6;
2011.07.21 03:30:00;EUR;2;German Flash Services PMI;58.3;56.1;52.9;;56.7;
2011.07.21 04:00:00;EUR;2;Current Account;-5.1B;-4.8B;-5.2B;;-5.4B;
2011.07.21 04:00:00;EUR;2;Flash Manufacturing PMI;52.0;51.6;50.4;;;
2011.07.21 04:00:00;EUR;2;Flash Services PMI;54.2;53.2;51.4;;53.7;
2011.07.21 04:30:00;GBP;3;Public Sector Net Borrowing;15.2B;11.8B;12.0B;;14.6B;
2011.07.21 04:30:00;GBP;3;Retail Sales m/m;-1.4%;0.5%;0.7%;;-1.3%;
2011.07.21 04:48:00;EUR;2;Spanish 10-y Bond Auction;5.40|1.8;;5.90|1.9;;;
2011.07.21 05:00:00;CHF;2;Credit Suisse Economic Expectations;-24.3;;-58.9;;;
2011.07.21 00:00:00;EUR;3;EU Economic Summit (All Day);;;;;;
2011.07.21 08:30:00;USD;3;Unemployment Claims;405K;409K;418K;;408K;
2011.07.21 08:30:00;USD;2;FOMC Member Evans Speaks;;;;;;
2011.07.21 10:00:00;USD;3;Fed Chairman Bernanke Testifies;;;;;;
2011.07.21 10:00:00;USD;3;Philly Fed Manufacturing Index;-7.7;2.7;3.2;;;
2011.07.21 10:00:00;USD;1;CB Leading Index m/m;0.8%;0.2%;0.3%;;;
2011.07.21 10:00:00;USD;1;HPI m/m;0.8%;0.4%;0.4%;;0.2%;
2011.07.21 10:30:00;USD;1;Natural Gas Storage;84B;67B;60B;;;
2011.07.21 21:30:00;AUD;2;Import Prices q/q;1.4%;-1.0%;0.8%;;;
2011.07.22 04:00:00;EUR;3;German ifo Business Climate;114.5;113.7;112.9;;;
2011.07.22 04:00:00;EUR;1;Italian Retail Sales m/m;0.4%;0.3%;-0.1%;;0.2%;
2011.07.22 05:00:00;EUR;2;Industrial New Orders m/m;0.7%;0.7%;3.6%;;-0.1%;
2011.07.22 07:00:00;CAD;3;Core CPI m/m;0.5%;0.0%;-0.6%;;;
2011.07.22 07:00:00;CAD;2;CPI m/m;0.7%;-0.2%;-0.7%;;;
2011.07.22 08:30:00;CAD;3;Core Retail Sales m/m;0.0%;0.2%;0.5%;;;
2011.07.22 08:30:00;CAD;2;Retail Sales m/m;0.3%;-0.3%;0.1%;;;
2011.07.24 21:30:00;AUD;3;PPI q/q;1.2%;0.6%;0.8%;;;
2011.07.24 22:30:00;JPY;2;BOJ Gov Shirakawa Speaks;;;;;;
2011.07.25 00:30:00;AUD;2;RBA Assist Gov Edey Speaks;;;;;;
2011.07.25 04:30:00;GBP;2;High Street Lending;30.5K;31.3K;31.7K;;30.8K;
2011.07.25 09:00:00;EUR;2;Belgian NBB Business Climate;-1.1;-2.2;-2.5;;;
2011.07.25 18:45:00;NZD;2;Trade Balance;605M;391M;230M;;552M;
2011.07.25 19:50:00;JPY;1;SPPI y/y;-0.9%;-0.9%;-0.7%;;;
2011.07.25 20:00:00;AUD;2;CB Leading Index m/m;0.1%;;-0.1%;;0.2%;
2011.07.25 23:05:00;AUD;3;RBA Gov Stevens Speaks;;;;;;
2011.07.26 02:00:00;CHF;2;UBS Consumption Indicator;1.91;;1.48;;1.88;
2011.07.26 02:00:00;EUR;2;German GfK Consumer Climate;5.7;5.6;5.4;;5.5;
2011.07.26 04:30:00;GBP;3;Prelim GDP q/q;0.5%;0.2%;0.2%;;;
2011.07.26 04:30:00;GBP;1;Index of Services 3m/3m;0.9%;0.9%;1.2%;;;
2011.07.26 09:00:00;USD;2;S&P/CS Composite-20 HPI y/y;-4.0%;-4.6%;-4.5%;;-4.2%;
2011.07.26 10:00:00;USD;3;CB Consumer Confidence;58.5;57.1;59.5;;57.6;
2011.07.26 10:00:00;USD;3;New Home Sales;319K;321K;312K;;315K;
2011.07.26 10:00:00;USD;1;Richmond Manufacturing Index;3;5;-1;;;
2011.07.26 21:00:00;NZD;3;ANZ Business Confidence;46.5;;47.6;;;
2011.07.26 21:30:00;AUD;3;CPI q/q;1.6%;0.7%;0.9%;;;
2011.07.26 21:30:00;AUD;2;Trimmed Mean CPI q/q;0.9%;0.7%;0.9%;;;
2011.07.27 02:00:00;EUR;1;German Import Prices m/m;-0.6%;0.0%;-0.6%;;;
2011.07.27 00:00:00;EUR;2;German Prelim CPI m/m (All Day);0.1%;0.3%;0.4%;;;
2011.07.27 04:00:00;EUR;2;M3 Money Supply y/y;2.4%;2.4%;2.1%;;2.5%;
2011.07.27 04:00:00;EUR;1;Private Loans y/y;2.7%;2.8%;2.5%;;;
2011.07.27 05:30:00;CHF;3;KOF Economic Barometer;2.23;2.12;2.04;;;
2011.07.27 06:00:00;GBP;2;CBI Industrial Order Expectations;1;-2;-10;;;
2011.07.27 08:30:00;USD;3;Core Durable Goods Orders m/m;0.6%;0.5%;0.1%;;0.7%;
2011.07.27 08:30:00;USD;2;Durable Goods Orders m/m;1.9%;0.4%;-2.1%;;1.9%;
2011.07.27 10:30:00;USD;2;Crude Oil Inventories;-3.7M;-1.2M;2.3M;;;
2011.07.27 13:30:00;GBP;2;MPC Member Miles Speaks;;;;;;
2011.07.27 14:00:00;USD;2;Beige Book;;;;;;
2011.07.27 17:00:00;NZD;3;Official Cash Rate;2.50%;2.50%;2.50%;;;
2011.07.27 17:00:00;NZD;3;RBNZ Rate Statement;;;;;;
2011.07.27 19:50:00;JPY;2;Retail Sales y/y;-1.3%;-0.6%;1.1%;;;
2011.07.28 03:55:00;EUR;2;German Unemployment Change;-8K;-15K;-11K;;;
2011.07.28 04:00:00;EUR;1;Retail PMI;48.8;;48.2;;;
2011.07.28 05:22:00;EUR;2;Italian 10-y Bond Auction;4.94|1.3;;5.77|1.4;;;
2011.07.28 06:00:00;GBP;2;CBI Realized Sales;-2;1;-5;;;
2011.07.28 08:30:00;USD;3;Unemployment Claims;418K;413K;398K;;422K;
2011.07.28 10:00:00;USD;3;Pending Home Sales m/m;8.2%;-1.5%;2.4%;;;
2011.07.28 10:30:00;USD;1;Natural Gas Storage;60B;38B;43B;;;
2011.07.28 18:45:00;NZD;3;Building Consents m/m;2.2%;;-1.4%;;2.4%;
2011.07.28 19:01:00;GBP;3;Nationwide HPI m/m;0.0%;-0.1%;0.2%;;;
2011.07.28 19:01:00;GBP;2;GfK Consumer Confidence;-25;-26;-30;;;
2011.07.28 19:15:00;JPY;1;Final Manufacturing PMI;50.7;;52.1;;;
2011.07.28 19:30:00;JPY;2;Household Spending y/y;-1.9%;-2.2%;-4.2%;;;
2011.07.28 19:30:00;JPY;2;Tokyo Core CPI y/y;0.1%;0.2%;0.4%;;;
2011.07.28 19:30:00;JPY;1;National Core CPI y/y;0.6%;0.5%;0.4%;;;
2011.07.28 19:30:00;JPY;1;Unemployment Rate;4.5%;4.6%;4.6%;;;
2011.07.28 19:50:00;JPY;2;Prelim Industrial Production m/m;5.7%;4.6%;3.9%;;6.2%;
2011.07.28 21:30:00;AUD;2;Private Sector Credit m/m;0.3%;0.4%;-0.1%;;;
2011.07.29 01:00:00;JPY;1;Housing Starts y/y;6.4%;4.9%;5.8%;;;
2011.07.29 02:00:00;EUR;2;German Retail Sales m/m;-2.8%;1.6%;6.3%;;;
2011.07.29 02:45:00;EUR;2;French Consumer Spending m/m;-0.8%;0.4%;1.2%;;-0.3%;
2011.07.29 03:00:00;EUR;2;Spanish Unemployment Rate;21.3%;21.0%;20.9%;;;
2011.07.29 03:00:00;EUR;1;Spanish Flash CPI y/y;3.2%;2.9%;3.1%;;;
2011.07.29 04:30:00;GBP;2;Net Lending to Individuals m/m;1.3B;1.3B;0.4B;;1.4B;
2011.07.29 04:30:00;GBP;1;M4 Money Supply m/m;0.1%;0.3%;-0.5%;;;
2011.07.29 04:30:00;GBP;1;Mortgage Approvals;46K;46K;48K;;;
2011.07.29 05:00:00;EUR;2;CPI Flash Estimate y/y;2.7%;2.7%;2.5%;;;
2011.07.29 05:00:00;EUR;1;Italian Prelim CPI m/m;0.1%;0.2%;0.3%;;;
2011.07.29 08:30:00;CAD;3;GDP m/m;0.0%;0.1%;-0.3%;;;
2011.07.29 08:30:00;CAD;2;RMPI m/m;-5.2%;0.6%;-2.2%;;-5.3%;
2011.07.29 08:30:00;CAD;1;IPPI m/m;-0.2%;0.1%;-0.3%;;-0.3%;
2011.07.29 08:30:00;USD;3;Advance GDP q/q;1.8%;1.7%;1.3%;;1.9%;
2011.07.29 08:30:00;USD;2;Advance GDP Price Index q/q;1.9%;2.0%;2.3%;;2.0%;
2011.07.29 08:30:00;USD;2;Employment Cost Index q/q;0.6%;0.5%;0.7%;;;
2011.07.29 09:45:00;USD;2;Chicago PMI;61.1;60.1;58.8;;;
2011.07.29 09:55:00;USD;2;Revised UoM Consumer Sentiment;63.8;64.1;63.7;;;
2011.07.29 09:55:00;USD;1;Revised UoM Inflation Expectations;3.4%;;3.4%;;;
2011.07.29 10:20:00;USD;1;President Obama Speaks;;;;;;
2011.07.31 00:00:00;AUD;0;Bank Holiday (All Day);;;;;;
2011.07.31 19:30:00;AUD;1;AIG Manufacturing Index;52.9;;43.4;;;
2011.07.31 20:30:00;AUD;1;MI Inflation Gauge m/m;0.0%;;0.3%;;;
2011.07.31 21:00:00;AUD;2;HIA New Home Sales m/m;-0.2%;;-8.7%;;;
2011.07.31 21:00:00;CNY;3;Manufacturing PMI;50.9;50.2;50.7;;;
2011.07.31 21:05:00;NZD;1;ANZ Commodity Prices m/m;-1.2%;;-0.1%;;;
2011.07.31 22:30:00;CNY;2;Caixin Manufacturing PMI;48.9;;49.3;;;
