2011.09.01 01:45:00;CHF;3;GDP q/q;0.3%;0.4%;0.4%;;0.6%;
2011.09.01 02:00:00;EUR;1;German Final GDP q/q;0.1%;0.1%;0.1%;;;
2011.09.01 02:00:00;GBP;3;Nationwide HPI m/m;0.2%;0.1%;-0.6%;;0.3%;
2011.09.01 02:30:00;AUD;2;Commodity Prices y/y;27.6%;;25.2%;;28.9%;
2011.09.01 03:15:00;CHF;3;Retail Sales y/y;7.4%;4.6%;1.9%;;7.9%;
2011.09.01 03:15:00;EUR;2;Spanish Manufacturing PMI;45.6;;45.3;;;
2011.09.01 03:30:00;CHF;2;Manufacturing PMI;53.5;51.1;51.7;;;
2011.09.01 03:45:00;EUR;2;Italian Manufacturing PMI;50.1;49.2;47.0;;;
2011.09.01 03:50:00;EUR;1;French Final Manufacturing PMI;49.3;49.4;49.1;;;
2011.09.01 03:55:00;EUR;1;German Final Manufacturing PMI;52.0;52.0;50.9;;;
2011.09.01 04:00:00;EUR;1;Final Manufacturing PMI;49.7;49.7;49.0;;;
2011.09.01 04:15:00;GBP;2;MPC Member Fisher Speaks;;;;;;
2011.09.01 04:30:00;GBP;3;Final Manufacturing PMI;49.1;48.9;49.0;;49.4;
2011.09.01 05:02:00;EUR;2;French 10-y Bond Auction;3.49|1.9;;2.90|1.3;;;
2011.09.01 05:37:00;GBP;2;10-y Bond Auction;3.51|2.2;;2.76|2.0;;;
2011.09.01 08:30:00;USD;3;Unemployment Claims;417K;409K;409K;;421K;
2011.09.01 08:30:00;USD;2;Revised Nonfarm Productivity q/q;-0.3%;-0.4%;-0.7%;;;
2011.09.01 08:30:00;USD;1;Revised Unit Labor Costs q/q;2.2%;2.3%;3.3%;;;
2011.09.01 09:30:00;CAD;1;Manufacturing PMI;53.1;;54.9;;;
2011.09.01 10:00:00;USD;3;ISM Manufacturing PMI;50.9;48.7;50.6;;;
2011.09.01 10:00:00;USD;1;Construction Spending m/m;0.2%;0.2%;-1.3%;;1.6%;
2011.09.01 10:00:00;USD;1;ISM Manufacturing Prices;59.0;55.1;55.5;;;
2011.09.01 10:30:00;USD;1;Natural Gas Storage;73B;61B;55B;;;
2011.09.01 00:00:00;USD;1;Total Vehicle Sales (All Day);12.2M;12.1M;12.1M;;;
2011.09.01 12:00:00;USD;1;FOMC Member Duke Speaks;;;;;;
2011.09.01 19:50:00;JPY;2;Capital Spending q/y;3.3%;1.1%;-7.8%;;;
2011.09.01 19:50:00;JPY;1;Monetary Base y/y;15.0%;14.2%;15.9%;;;
2011.09.02 03:00:00;EUR;2;Spanish Unemployment Change;-42.1K;;51.2K;;;
2011.09.02 04:30:00;GBP;3;Construction PMI;53.5;52.9;52.6;;;
2011.09.02 05:00:00;EUR;1;PPI m/m;0.0%;0.6%;0.5%;;;
2011.09.02 08:30:00;USD;3;Non-Farm Employment Change;117K;74K;0K;;85K;
2011.09.02 08:30:00;USD;3;Unemployment Rate;9.1%;9.1%;9.1%;;;
2011.09.02 08:30:00;USD;2;Average Hourly Earnings m/m;0.4%;0.2%;-0.1%;;0.5%;
2011.09.02 21:00:00;CNY;1;Non-Manufacturing PMI;59.6;;57.6;;;
2011.09.04 19:25:00;AUD;2;AIG Services Index;48.8;;52.1;;;
2011.09.04 20:30:00;AUD;1;MI Inflation Gauge m/m;0.3%;;-0.1%;;;
2011.09.04 21:30:00;AUD;2;ANZ Job Advertisements m/m;-0.7%;;-0.6%;;-0.6%;
2011.09.04 21:30:00;AUD;2;Company Operating Profits q/q;-2.0%;3.1%;6.7%;;-2.2%;
2011.09.04 22:30:00;CNY;1;Caixin Services PMI;53.5;;50.6;;;
2011.09.05 03:15:00;EUR;1;Spanish Services PMI;46.5;;45.2;;;
2011.09.05 03:45:00;EUR;1;Italian Services PMI;48.6;48.4;48.4;;;
2011.09.05 03:50:00;EUR;1;French Final Services PMI;56.1;56.1;56.8;;;
2011.09.05 03:55:00;EUR;1;German Final Services PMI;50.4;50.4;51.1;;;
2011.09.05 04:00:00;EUR;1;Final Services PMI;51.5;51.5;51.5;;;
2011.09.05 04:30:00;EUR;1;Sentix Investor Confidence;-13.5;-17.5;-15.4;;;
2011.09.05 04:30:00;GBP;3;Final Services PMI;55.4;54.3;51.1;;;
2011.09.05 05:00:00;EUR;2;Retail Sales m/m;0.9%;0.1%;0.2%;;0.7%;
2011.09.05 00:00:00;CAD;0;Bank Holiday (All Day);;;;;;
2011.09.05 00:00:00;USD;0;Bank Holiday (All Day);;;;;;
2011.09.05 19:01:00;GBP;2;BRC Retail Sales Monitor y/y;0.6%;;-0.6%;;;
2011.09.05 21:30:00;AUD;3;Home Loans m/m;0.0%;1.6%;1.0%;;0.6%;
2011.09.05 21:30:00;AUD;2;Current Account;-10.4B;-7.3B;-7.4B;;-11.1B;
2011.09.05 23:45:00;JPY;1;30-y Bond Auction;2.09|3.7;;2.01|3.6;;;
2011.09.06 00:30:00;AUD;3;Cash Rate;4.75%;4.75%;4.75%;;;
2011.09.06 00:30:00;AUD;3;RBA Rate Statement;;;;;;
2011.09.06 03:00:00;CHF;3;Foreign Currency Reserves;182B;;253B;;;
2011.09.06 03:15:00;CHF;2;CPI m/m;-0.8%;-0.1%;-0.3%;;;
2011.09.06 05:00:00;EUR;1;Revised GDP q/q;0.2%;0.2%;0.2%;;;
2011.09.06 06:00:00;EUR;2;German Factory Orders m/m;1.8%;-1.4%;-2.8%;;;
2011.09.06 10:00:00;USD;3;ISM Services PMI;52.7;51.2;53.3;;;
2011.09.06 10:30:00;NZD;1;GDT Price Index;-1.3%;;-0.7%;;;
2011.09.06 13:10:00;USD;2;FOMC Member Kocherlakota Speaks;;;;;;
2011.09.06 19:00:00;GBP;1;BRC Shop Price Index y/y;2.8%;;2.7%;;;
2011.09.06 19:22:00;AUD;1;AIG Construction Index;36.1;;32.1;;;
2011.09.06 19:30:00;AUD;3;RBA Gov Stevens Speaks;;;;;;
2011.09.06 21:30:00;AUD;3;GDP q/q;-1.2%;1.0%;1.2%;;-0.9%;
2011.09.06 23:21:00;JPY;3;Monetary Policy Statement;;;;;;
2011.09.06 23:21:00;JPY;3;Overnight Call Rate;<0.10%;<0.10%;<0.10%;;;
2011.09.07 01:02:00;JPY;1;Leading Indicators;103.2%;105.9%;106.0%;;103.3%;
2011.09.07 03:00:00;GBP;3;Halifax HPI m/m;0.3%;0.5%;-1.2%;;0.2%;
2011.09.07 03:17:00;JPY;3;BOJ Press Conference;;;;;;
2011.09.07 04:00:00;EUR;3;German Constitutional Court Ruling;;;;;;
2011.09.07 04:30:00;GBP;3;Manufacturing Production m/m;-0.4%;0.1%;0.1%;;;
2011.09.07 04:30:00;GBP;1;Industrial Production m/m;0.0%;0.0%;-0.2%;;;
2011.09.07 06:00:00;EUR;2;German Industrial Production m/m;-1.1%;0.6%;4.0%;;-1.0%;
2011.09.07 09:00:00;CAD;3;BOC Rate Statement;;;;;;
2011.09.07 09:00:00;CAD;3;Overnight Rate;1.00%;1.00%;1.00%;;;
2011.09.07 10:00:00;CAD;3;Ivey PMI;46.8;46.7;56.4;;;
2011.09.07 10:00:00;GBP;2;NIESR GDP Estimate;0.6%;;0.2%;;;
2011.09.07 10:00:00;USD;1;JOLTS Job Openings;3.11M;;3.23M;;3.17M;
2011.09.07 11:15:00;USD;2;FOMC Member Evans Speaks;;;;;;
2011.09.07 14:00:00;USD;2;Beige Book;;;;;;
2011.09.07 19:50:00;JPY;2;Core Machinery Orders m/m;7.7%;-3.9%;-8.2%;;;
2011.09.07 19:50:00;JPY;1;Bank Lending y/y;-0.5%;;-0.5%;;-0.6%;
2011.09.07 19:50:00;JPY;1;Current Account;0.92T;0.99T;0.75T;;;
2011.09.07 21:30:00;AUD;3;Employment Change;-0.1K;10.7K;-9.7K;;-4.1K;
2011.09.07 21:30:00;AUD;3;Unemployment Rate;5.1%;5.1%;5.3%;;;
2011.09.08 01:00:00;JPY;2;BOJ Monthly Report;;;;;;
2011.09.08 01:00:00;JPY;1;Economy Watchers Sentiment;52.6;54.3;47.3;;;
2011.09.08 01:30:00;EUR;1;French Final Private Payrolls q/q;0.4%;0.4%;0.2%;;;
2011.09.08 01:45:00;CHF;1;Unemployment Rate;3.0%;3.0%;3.0%;;;
2011.09.08 02:00:00;EUR;1;German Trade Balance;11.5B;11.0B;10.1B;;;
2011.09.08 02:00:00;JPY;1;Prelim Machine Tool Orders y/y;34.6%;;15.3%;;;
2011.09.08 02:45:00;EUR;1;French Trade Balance;-5.6B;-5.8B;-6.5B;;-5.4B;
2011.09.08 07:00:00;GBP;3;Asset Purchase Facility;200B;200B;200B;;;
2011.09.08 07:00:00;GBP;3;Official Bank Rate;0.50%;0.50%;0.50%;;;
2011.09.08 07:45:00;EUR;3;Main Refinancing Rate;1.50%;1.50%;1.50%;;;
2011.09.08 08:30:00;CAD;3;Building Permits m/m;2.1%;0.2%;-0.6%;;2.8%;
2011.09.08 08:30:00;CAD;3;Trade Balance;-1.6B;-0.8B;-0.8B;;-1.4B;
2011.09.08 08:30:00;CAD;2;NHPI m/m;0.3%;0.4%;0.1%;;;
2011.09.08 08:30:00;EUR;3;ECB Press Conference;;;;;;
2011.09.08 08:30:00;USD;3;Trade Balance;-53.1B;-50.6B;-44.8B;;-51.6B;
2011.09.08 08:30:00;USD;3;Unemployment Claims;409K;407K;414K;;412K;
2011.09.08 10:30:00;USD;1;Natural Gas Storage;55B;60B;64B;;;
2011.09.08 11:00:00;USD;2;Crude Oil Inventories;5.3M;-1.9M;-4.0M;;;
2011.09.08 13:30:00;USD;3;Fed Chairman Bernanke Speaks;;;;;;
2011.09.08 15:00:00;USD;1;Consumer Credit m/m;15.5B;6.3B;12.0B;;11.3B;
2011.09.08 19:00:00;USD;1;President Obama Speaks;;;;;;
2011.09.08 19:50:00;JPY;2;Final GDP q/q;-0.3%;-0.5%;-0.5%;;;
2011.09.08 19:50:00;JPY;1;Final GDP Price Index y/y;-2.2%;-2.2%;-2.2%;;;
2011.09.08 19:50:00;JPY;1;M2 Money Stock y/y;2.9%;2.9%;2.7%;;3.0%;
2011.09.08 21:30:00;CNY;3;CPI y/y;6.5%;6.3%;6.2%;;;
2011.09.08 21:30:00;CNY;2;PPI y/y;7.5%;7.2%;7.3%;;;
2011.09.09 01:00:00;JPY;1;Consumer Confidence;37.0;41.3;37.0;;;
2011.09.09 01:32:00;CNY;2;Fixed Asset Investment ytd/y;25.4%;25.2%;25.0%;;;
2011.09.09 01:32:00;CNY;2;Industrial Production y/y;14.0%;14.2%;13.5%;;;
2011.09.09 01:32:00;CNY;1;Retail Sales y/y;17.2%;16.9%;17.0%;;;
2011.09.09 02:00:00;EUR;1;German Final CPI m/m;-0.1%;-0.1%;0.0%;;;
2011.09.09 02:00:00;EUR;1;German WPI m/m;-0.6%;0.3%;0.1%;;;
2011.09.09 02:45:00;EUR;2;French Industrial Production m/m;-1.6%;0.4%;1.5%;;-1.5%;
2011.09.09 02:45:00;EUR;1;French Gov Budget Balance;-61.3B;;-86.6B;;;
2011.09.09 04:30:00;GBP;3;PPI Input m/m;0.6%;-1.6%;-1.9%;;0.5%;
2011.09.09 04:30:00;GBP;1;PPI Output m/m;0.2%;0.2%;0.1%;;0.3%;
2011.09.09 05:00:00;GBP;1;CB Leading Index m/m;0.0%;;0.3%;;;
2011.09.09 00:00:00;All;3;G7 Meetings (Day 1);;;;;;
2011.09.09 07:00:00;CAD;3;Employment Change;7.1K;24.2K;-5.5K;;;
2011.09.09 07:00:00;CAD;3;Unemployment Rate;7.2%;7.3%;7.3%;;;
2011.09.09 08:15:00;CAD;3;Housing Starts;205K;200K;185K;;;
2011.09.09 08:30:00;CAD;2;Labor Productivity q/q;0.4%;-0.2%;-0.9%;;;
2011.09.09 10:00:00;USD;1;Final Wholesale Inventories m/m;0.6%;0.8%;0.8%;;;
2011.09.09 23:02:00;CNY;3;USD-Denominated Trade Balance;31.5B;24.7B;17.8B;;;
2011.09.10 00:00:00;All;3;G7 Meetings (Day 2);;;;;;
2011.09.10 22:22:00;CNY;2;New Loans;493B;501B;549B;;;
2011.09.10 22:22:00;CNY;1;M2 Money Supply y/y;14.7%;14.3%;13.5%;;;
2011.09.11 18:00:00;EUR;2;ECB President Trichet Speaks;;;;;;
2011.09.11 19:50:00;JPY;2;BSI Manufacturing Index;-23.3;11.4;10.3;;;
2011.09.11 19:50:00;JPY;2;Monetary Policy Meeting Minutes;;;;;;
2011.09.11 19:50:00;JPY;2;Tertiary Industry Activity m/m;1.9%;0.3%;-0.1%;;1.8%;
2011.09.11 19:50:00;JPY;1;PPI y/y;2.9%;2.7%;2.6%;;;
2011.09.11 00:00:00;CNY;0;Bank Holiday (All Day);;;;;;
2011.09.11 21:30:00;AUD;3;Goods Trade Balance;2.05B;1.91B;1.83B;;1.82B;
2011.09.12 04:00:00;EUR;1;Italian Industrial Production m/m;-0.6%;0.2%;-0.7%;;-0.8%;
2011.09.12 16:00:00;USD;2;FOMC Member Fisher Speaks;;;;;;
2011.09.12 18:45:00;NZD;1;FPI m/m;2.0%;;-1.3%;;;
2011.09.12 18:45:00;NZD;1;Manufacturing Sales q/q;2.9%;;2.1%;;2.7%;
2011.09.12 19:01:00;GBP;2;RICS House Price Balance;-22%;-22%;-23%;;;
2011.09.12 20:00:00;NZD;2;REINZ HPI m/m;-0.6%;;0.5%;;;
2011.09.12 21:30:00;AUD;2;NAB Business Confidence;2;;-8;;;
2011.09.13 01:30:00;EUR;1;French Final CPI m/m;-0.4%;0.3%;0.5%;;;
2011.09.13 04:30:00;GBP;3;CPI y/y;4.4%;4.5%;4.5%;;;
2011.09.13 04:30:00;GBP;2;Goods Trade Balance;-8.9B;-8.5B;-8.9B;;;
2011.09.13 04:30:00;GBP;2;RPI y/y;5.0%;5.0%;5.2%;;;
2011.09.13 04:30:00;GBP;1;Core CPI y/y;3.1%;3.0%;3.1%;;;
2011.09.13 04:30:00;GBP;1;ONS HPI y/y;-2.0%;-1.1%;-1.5%;;;
2011.09.13 07:00:00;GBP;2;MPC Member Posen Speaks;;;;;;
2011.09.13 07:30:00;USD;1;NFIB Small Business Index;89.9;88.0;88.1;;;
2011.09.13 08:30:00;USD;2;Import Prices m/m;0.3%;-0.7%;-0.4%;;;
2011.09.13 10:00:00;USD;1;RCM/TIPP Economic Optimism;35.8;36.5;39.9;;;
2011.09.13 11:30:00;EUR;2;German Buba President Weidmann Speaks;;;;;;
2011.09.13 13:00:00;USD;2;10-y Bond Auction;2.14|3.2;;2.00|3.0;;;
2011.09.13 13:54:00;USD;2;Federal Budget Balance;-129.4B;-128.4B;-134.2B;;;
2011.09.13 20:30:00;AUD;2;Westpac Consumer Sentiment;-3.5%;;8.1%;;;
2011.09.13 21:30:00;AUD;1;Housing Starts q/q;3.1%;0.0%;-4.7%;;3.3%;
2011.09.14 00:30:00;JPY;1;Revised Industrial Production m/m;0.6%;0.6%;0.4%;;;
2011.09.14 02:30:00;GBP;3;BOE Gov King Speaks;;;;;;
2011.09.14 03:15:00;CHF;2;PPI m/m;-0.7%;-0.3%;-1.2%;;;
2011.09.14 04:30:00;GBP;3;Claimant Count Change;37.1K;34.8K;20.3K;;33.7K;
2011.09.14 04:30:00;GBP;2;Average Earnings Index 3m/y;2.6%;2.7%;2.8%;;2.7%;
2011.09.14 04:30:00;GBP;1;Unemployment Rate;7.9%;7.9%;7.9%;;;
2011.09.14 05:00:00;EUR;2;Industrial Production m/m;-0.7%;1.5%;1.0%;;-0.8%;
2011.09.14 08:30:00;CAD;2;Capacity Utilization Rate;79.0%;79.0%;78.4%;;78.9%;
2011.09.14 08:30:00;USD;3;Core Retail Sales m/m;0.5%;0.2%;0.1%;;0.3%;
2011.09.14 08:30:00;USD;3;PPI m/m;0.2%;-0.1%;0.0%;;;
2011.09.14 08:30:00;USD;3;Retail Sales m/m;0.5%;0.2%;0.0%;;0.3%;
2011.09.14 08:30:00;USD;2;Core PPI m/m;0.4%;0.2%;0.1%;;;
2011.09.14 08:30:00;USD;2;Treasury Sec Geithner Speaks;;;;;;
2011.09.14 10:00:00;USD;2;Business Inventories m/m;0.3%;0.4%;0.4%;;0.4%;
2011.09.14 10:30:00;USD;2;Crude Oil Inventories;-4.0M;-3.1M;-6.7M;;;
2011.09.14 13:00:00;USD;1;30-y Bond Auction;3.75|2.1;;3.31|2.9;;;
2011.09.14 17:00:00;NZD;3;Official Cash Rate;2.50%;2.50%;2.50%;;;
2011.09.14 17:00:00;NZD;3;RBNZ Press Conference;;;;;;
2011.09.14 17:00:00;NZD;3;RBNZ Rate Statement;;;;;;
2011.09.14 17:00:00;NZD;2;RBNZ Monetary Policy Statement;;;;;;
2011.09.14 18:09:00;NZD;1;BusinessNZ Manufacturing Index;53.2;;52.9;;;
2011.09.14 21:00:00;AUD;2;MI Inflation Expectations;2.7%;;2.8%;;;
2011.09.14 21:30:00;AUD;2;New Motor Vehicle Sales m/m;8.6%;;3.3%;;9.0%;
2011.09.14 21:30:00;AUD;1;RBA Bulletin;;;;;;
2011.09.15 03:15:00;CHF;2;Industrial Production q/q;-9.2%;3.3%;3.6%;;-9.6%;
2011.09.15 03:30:00;CHF;3;Libor Rate;<0.25%;<0.25%;<0.25%;;;
2011.09.15 03:30:00;CHF;3;SNB Monetary Policy Assessment;;;;;;
2011.09.15 04:00:00;EUR;2;ECB Monthly Bulletin;;;;;;
2011.09.15 04:30:00;GBP;3;Retail Sales m/m;0.2%;-0.2%;-0.2%;;;
2011.09.15 04:30:00;GBP;2;Consumer Inflation Expectations;3.9%;;4.2%;;;
2011.09.15 04:51:00;EUR;2;Spanish 10-y Bond Auction;5.90|1.9;;5.16|2.0;;;
2011.09.15 05:00:00;EUR;2;Final Core CPI y/y;1.2%;1.2%;1.2%;;;
2011.09.15 05:00:00;EUR;2;Final CPI y/y;2.5%;2.5%;2.5%;;;
2011.09.15 05:00:00;EUR;1;Final Employment Change q/q;0.0%;0.2%;0.3%;;0.1%;
2011.09.15 06:43:00;CNY;1;Foreign Direct Investment ytd/y;18.6%;;17.7%;;;
2011.09.15 08:30:00;CAD;2;Manufacturing Sales m/m;-1.5%;1.3%;2.7%;;-1.3%;
2011.09.15 08:30:00;CAD;1;New Motor Vehicle Sales m/m;10.8%;-2.3%;-6.2%;;;
2011.09.15 08:30:00;USD;3;Core CPI m/m;0.2%;0.2%;0.2%;;;
2011.09.15 08:30:00;USD;3;CPI y/y;3.6%;3.6%;3.8%;;;
2011.09.15 08:30:00;USD;3;Unemployment Claims;414K;410K;428K;;417K;
2011.09.15 08:30:00;USD;2;CPI m/m;0.5%;0.2%;0.4%;;;
2011.09.15 08:30:00;USD;2;Current Account;-119B;-122B;-118B;;-120B;
2011.09.15 08:30:00;USD;2;Empire State Manufacturing Index;-7.7;-3.9;-8.8;;;
2011.09.15 08:45:00;USD;2;Fed Chairman Bernanke Speaks;;;;;;
2011.09.15 09:15:00;USD;2;Capacity Utilization Rate;77.5%;77.5%;77.4%;;77.3%;
2011.09.15 09:15:00;USD;2;Industrial Production m/m;0.9%;0.1%;0.2%;;;
2011.09.15 10:00:00;USD;3;Philly Fed Manufacturing Index;-30.7;-14.7;-17.5;;;
2011.09.15 10:30:00;USD;1;Natural Gas Storage;64B;85B;87B;;;
2011.09.15 13:45:00;USD;1;FOMC Member Tarullo Speaks;;;;;;
2011.09.15 14:00:00;EUR;3;ECB President Trichet Speaks;;;;;;
2011.09.16 04:00:00;EUR;2;Current Account;-7.4B;-5.6B;-12.9B;;-7.1B;
2011.09.16 04:00:00;EUR;1;Italian Trade Balance;-1.83B;-1.97B;1.44B;;-1.75B;
2011.09.16 00:00:00;EUR;3;ECOFIN Meetings (Day 1);;;;;;
2011.09.16 04:35:00;GBP;1;Chancellor Osborne Speaks;;;;;;
2011.09.16 05:00:00;EUR;1;Trade Balance;-1.6B;1.7B;-2.5B;;-2.5B;
2011.09.16 08:30:00;CAD;2;Foreign Securities Purchases;-3.46B;2.03B;11.78B;;-3.45B;
2011.09.16 09:00:00;USD;3;TIC Long-Term Purchases;3.7B;31.3B;9.5B;;3.4B;
2011.09.16 09:55:00;USD;3;Prelim UoM Consumer Sentiment;54.9;57.3;57.8;;55.7;
2011.09.16 09:55:00;USD;1;Prelim UoM Inflation Expectations;3.4%;;3.7%;;3.5%;
2011.09.17 00:00:00;EUR;3;ECOFIN Meetings (Day 2);;;;;;
2011.09.18 18:00:00;NZD;1;Westpac Consumer Sentiment;112.0;;112.0;;;
2011.09.18 18:30:00;NZD;1;BusinessNZ Services Index;54.5;;53.9;;52.5;
2011.09.18 19:01:00;GBP;2;Rightmove HPI m/m;-2.1%;;0.7%;;;
2011.09.18 19:01:00;GBP;1;BOE Quarterly Bulletin;;;;;;
2011.09.18 00:00:00;JPY;0;Bank Holiday (All Day);;;;;;
2011.09.19 10:00:00;USD;1;NAHB Housing Market Index;15;15;14;;;
2011.09.19 10:30:00;USD;1;President Obama Speaks;;;;;;
2011.09.19 14:00:00;CAD;2;Gov Council Member Lane Speaks;;;;;;
2011.09.19 21:30:00;AUD;3;Monetary Policy Meeting Minutes;;;;;;
2011.09.20 01:45:00;CHF;2;SECO Economic Forecasts;;;;;;
2011.09.20 02:00:00;CHF;2;Trade Balance;2.83B;1.97B;0.81B;;2.81B;
2011.09.20 02:00:00;EUR;2;German PPI m/m;0.7%;0.1%;-0.3%;;;
2011.09.20 05:00:00;EUR;3;German ZEW Economic Sentiment;-37.6;-44.3;-43.3;;;
2011.09.20 05:00:00;EUR;2;ZEW Economic Sentiment;-40.0;-42.3;-44.6;;;
2011.09.20 06:00:00;EUR;1;German Buba Monthly Report;;;;;;
2011.09.20 08:30:00;CAD;2;Leading Index m/m;0.2%;0.2%;0.0%;;0.1%;
2011.09.20 08:30:00;CAD;2;Wholesale Sales m/m;0.2%;0.7%;0.8%;;0.0%;
2011.09.20 08:30:00;USD;3;Building Permits;0.60M;0.60M;0.62M;;;
2011.09.20 08:30:00;USD;2;Housing Starts;0.60M;0.59M;0.57M;;;
2011.09.20 10:30:00;NZD;1;GDT Price Index;-0.7%;;-2.5%;;;
2011.09.20 11:45:00;CAD;2;BOC Gov Carney Speaks;;;;;;
2011.09.20 18:45:00;NZD;3;Current Account;-0.10B;-0.69B;-0.92B;;-0.09B;
2011.09.20 18:53:00;NZD;1;Visitor Arrivals m/m;2.0%;;8.0%;;8.8%;
2011.09.20 19:01:00;GBP;2;Nationwide Consumer Confidence;49;47;48;;;
2011.09.20 19:50:00;JPY;2;Trade Balance;-0.13T;-0.01T;-0.29T;;-0.16T;
2011.09.20 20:30:00;AUD;2;MI Leading Index m/m;0.1%;;0.5%;;;
2011.09.20 22:00:00;CNY;1;CB Leading Index m/m;1.0%;;0.6%;;0.9%;
2011.09.20 23:00:00;NZD;1;Credit Card Spending y/y;7.3%;;4.7%;;7.2%;
2011.09.21 00:30:00;JPY;1;All Industries Activity m/m;2.3%;0.9%;0.4%;;2.2%;
2011.09.21 04:30:00;GBP;3;MPC Asset Purchase Facility Votes;1-0-8;1-0-8;1-0-8;;;
2011.09.21 04:30:00;GBP;3;MPC Official Bank Rate Votes;0-0-9;0-0-9;0-0-9;;;
2011.09.21 04:30:00;GBP;3;Public Sector Net Borrowing;-2.0B;11.3B;13.2B;;-5.2B;
2011.09.21 05:11:00;EUR;2;German 10-y Bond Auction;2.15|1.4;;1.80|1.5;;;
2011.09.21 07:00:00;CAD;3;Core CPI m/m;0.2%;0.1%;0.4%;;;
2011.09.21 07:00:00;CAD;2;CPI m/m;0.2%;0.1%;0.3%;;;
2011.09.21 07:35:00;GBP;2;MPC Member Dale Speaks;;;;;;
2011.09.21 09:20:00;AUD;2;RBA Deputy Gov Battellino Speaks;;;;;;
2011.09.21 10:00:00;USD;3;Existing Home Sales;4.67M;4.76M;5.03M;;;
2011.09.21 10:30:00;USD;2;Crude Oil Inventories;-6.7M;-1.6M;-7.3M;;;
2011.09.21 14:23:00;USD;3;FOMC Statement;;;;;;
2011.09.21 14:23:00;USD;2;Federal Funds Rate;<0.25%;<0.25%;<0.25%;;;
2011.09.21 18:30:00;AUD;2;RBA Deputy Gov Lowe Speaks;;;;;;
2011.09.21 18:45:00;NZD;3;GDP q/q;0.8%;0.5%;0.1%;;0.9%;
2011.09.21 22:30:00;CNY;3;Caixin Flash Manufacturing PMI;49.8;;49.4;;49.9;
2011.09.22 01:30:00;AUD;1;RBA Annual Report;;;;;;
2011.09.22 03:00:00;EUR;2;French Flash Manufacturing PMI;49.3;48.6;47.3;;49.1;
2011.09.22 03:00:00;EUR;2;French Flash Services PMI;56.1;54.4;52.5;;56.8;
2011.09.22 03:30:00;EUR;2;German Flash Manufacturing PMI;52.0;50.2;50.0;;50.9;
2011.09.22 03:30:00;EUR;2;German Flash Services PMI;50.4;50.6;50.3;;51.1;
2011.09.22 04:00:00;EUR;2;Flash Manufacturing PMI;49.7;48.6;48.4;;49.0;
2011.09.22 04:00:00;EUR;2;Flash Services PMI;51.5;51.1;49.1;;;
2011.09.22 05:00:00;CHF;2;Credit Suisse Economic Expectations;-71.4;;-75.7;;;
2011.09.22 05:00:00;EUR;2;Industrial New Orders m/m;-0.7%;-1.1%;-2.1%;;-1.2%;
2011.09.22 06:00:00;GBP;2;CBI Industrial Order Expectations;1;-5;-9;;;
2011.09.22 08:30:00;CAD;3;Core Retail Sales m/m;-0.1%;0.2%;0.0%;;0.0%;
2011.09.22 08:30:00;CAD;2;Retail Sales m/m;0.7%;-0.2%;-0.6%;;0.8%;
2011.09.22 08:30:00;USD;3;Unemployment Claims;428K;419K;423K;;432K;
2011.09.22 10:00:00;EUR;1;Consumer Confidence;-17;-18;-19;;;
2011.09.22 10:00:00;USD;1;CB Leading Index m/m;0.5%;0.2%;0.3%;;0.6%;
2011.09.22 10:00:00;USD;1;HPI m/m;0.9%;0.0%;0.8%;;0.7%;
2011.09.22 00:00:00;All;2;G20 Meetings (Day 1);;;;;;
2011.09.22 10:30:00;USD;1;Natural Gas Storage;87B;91B;89B;;;
2011.09.22 20:00:00;AUD;2;CB Leading Index m/m;-0.8%;;-0.1%;;;
2011.09.22 00:00:00;JPY;0;Bank Holiday (All Day);;;;;;
2011.09.22 21:30:00;AUD;2;RBA Financial Stability Review;;;;;;
2011.09.23 03:30:00;CHF;1;SNB Quarterly Bulletin;;;;;;
2011.09.23 04:00:00;EUR;1;Italian Retail Sales m/m;-0.2%;0.3%;-0.1%;;-0.3%;
2011.09.23 04:30:00;GBP;2;High Street Lending;33.4K;33.2K;35.2K;;33.7K;
2011.09.23 09:00:00;EUR;2;Belgian NBB Business Climate;-7.8;-8.9;-9.4;;;
2011.09.23 00:00:00;All;2;G20 Meetings (Day 2);;;;;;
2011.09.23 00:00:00;All;2;IMF Meetings (All Day);;;;;;
2011.09.23 13:30:00;USD;1;FOMC Member Dudley Speaks;;;;;;
2011.09.23 16:30:00;EUR;2;ECB President Trichet Speaks;;;;;;
2011.09.24 10:00:00;NZD;0;Daylight Saving Time Shift;;;;;;
2011.09.24 19:00:00;EUR;2;ECB President Trichet Speaks;;;;;;
2011.09.25 08:30:00;CAD;2;BOC Gov Carney Speaks;;;;;;
2011.09.25 17:45:00;NZD;2;Trade Balance;129M;-315M;-641M;;111M;
2011.09.26 04:00:00;EUR;3;German ifo Business Climate;108.7;107.0;107.5;;;
2011.09.26 04:30:00;GBP;2;MPC Member Broadbent Speaks;;;;;;
2011.09.26 09:15:00;USD;2;FOMC Member Raskin Speaks;;;;;;
2011.09.26 10:00:00;USD;3;New Home Sales;298K;296K;295K;;302K;
2011.09.26 11:00:00;EUR;2;German Buba President Weidmann Speaks;;;;;;
2011.09.26 19:50:00;JPY;1;SPPI y/y;-0.5%;-0.4%;-0.4%;;-0.3%;
2011.09.27 02:00:00;CHF;2;UBS Consumption Indicator;1.29;;0.79;;1.28;
2011.09.27 02:00:00;EUR;2;German GfK Consumer Climate;5.2;5.1;5.2;;;
2011.09.27 03:30:00;GBP;2;MPC Member Posen Speaks;;;;;;
2011.09.27 04:00:00;EUR;2;M3 Money Supply y/y;2.0%;2.0%;2.8%;;2.1%;
2011.09.27 04:00:00;EUR;1;Private Loans y/y;2.4%;2.5%;2.6%;;;
2011.09.27 06:00:00;GBP;2;CBI Realized Sales;-14;-14;-15;;;
2011.09.27 09:00:00;USD;2;S&P/CS Composite-20 HPI y/y;-4.5%;-4.4%;-4.1%;;-4.4%;
2011.09.27 09:59:00;USD;1;Richmond Manufacturing Index;-10;-8;-6;;;
2011.09.27 10:00:00;USD;3;CB Consumer Confidence;44.5;46.2;45.4;;45.2;
2011.09.27 13:20:00;USD;2;FOMC Member Fisher Speaks;;;;;;
2011.09.27 16:10:00;CAD;1;Gov Council Member Macklem Speaks;;;;;;
2011.09.27 20:53:00;AUD;2;HIA New Home Sales m/m;-8.0%;;1.1%;;;
2011.09.28 02:00:00;EUR;1;German Import Prices m/m;0.8%;-0.3%;-0.7%;;;
2011.09.28 00:00:00;EUR;2;German Prelim CPI m/m (All Day);-0.1%;-0.1%;0.1%;;0.0%;
2011.09.28 04:30:00;GBP;2;BOE Credit Conditions Survey;;;;;;
2011.09.28 04:30:00;GBP;1;FPC Statement;;;;;;
2011.09.28 08:30:00;USD;3;Core Durable Goods Orders m/m;0.7%;0.1%;-0.1%;;2.0%;
2011.09.28 08:30:00;USD;2;Durable Goods Orders m/m;4.0%;-0.2%;-0.1%;;4.1%;
2011.09.28 10:30:00;USD;2;Crude Oil Inventories;-7.3M;1.1M;1.9M;;;
2011.09.28 12:15:00;CHF;2;Gov Board Member Jordan Speaks;;;;;;
2011.09.28 17:00:00;USD;3;Fed Chairman Bernanke Speaks;;;;;;
2011.09.28 19:50:00;JPY;2;Retail Sales y/y;0.7%;-0.6%;-2.6%;;0.6%;
2011.09.29 02:00:00;GBP;3;Nationwide HPI m/m;-0.6%;0.1%;0.1%;;;
2011.09.29 02:15:00;JPY;2;BOJ Gov Shirakawa Speaks;;;;;;
2011.09.29 03:00:00;EUR;1;Spanish Flash CPI y/y;2.9%;3.0%;3.1%;;3.0%;
2011.09.29 03:00:00;GBP;2;MPC Member Miles Speaks;;;;;;
2011.09.29 03:55:00;EUR;2;German Unemployment Change;-8K;-9K;-26K;;-9K;
2011.09.29 04:00:00;EUR;1;Retail PMI;48.0;;49.6;;;
2011.09.29 04:30:00;GBP;2;Net Lending to Individuals m/m;0.9B;0.8B;1.0B;;1.0B;
2011.09.29 04:30:00;GBP;1;M4 Money Supply m/m;-0.1%;0.3%;-0.2%;;0.0%;
2011.09.29 04:30:00;GBP;1;Mortgage Approvals;49K;50K;52K;;50K;
2011.09.29 05:30:00;EUR;2;Italian 10-y Bond Auction;5.22|1.3;;5.86|1.4;;;
2011.09.29 08:30:00;CAD;2;RMPI m/m;-1.2%;-1.9%;-3.2%;;-1.1%;
2011.09.29 08:30:00;CAD;1;IPPI m/m;-0.3%;-0.4%;0.5%;;-0.4%;
2011.09.29 08:30:00;USD;3;Unemployment Claims;423K;420K;391K;;428K;
2011.09.29 08:30:00;USD;2;Final GDP q/q;1.0%;1.2%;1.3%;;;
2011.09.29 08:30:00;USD;1;Final GDP Price Index q/q;2.4%;2.4%;2.5%;;;
2011.09.29 10:00:00;USD;3;Pending Home Sales m/m;-1.3%;-1.7%;-1.2%;;;
2011.09.29 10:30:00;USD;1;Natural Gas Storage;89B;97B;111B;;;
2011.09.29 17:45:00;NZD;3;Building Consents m/m;13.0%;;12.5%;;14.3%;
2011.09.29 19:01:00;GBP;2;GfK Consumer Confidence;-31;-33;-30;;;
2011.09.29 19:15:00;JPY;1;Final Manufacturing PMI;51.9;;49.3;;;
2011.09.29 19:30:00;JPY;2;Household Spending y/y;-2.1%;-2.7%;-4.1%;;;
2011.09.29 19:30:00;JPY;2;Tokyo Core CPI y/y;-0.2%;-0.1%;-0.1%;;;
2011.09.29 19:30:00;JPY;1;National Core CPI y/y;0.1%;0.1%;0.2%;;;
2011.09.29 19:30:00;JPY;1;Unemployment Rate;4.7%;4.7%;4.3%;;;
2011.09.29 19:50:00;JPY;2;Prelim Industrial Production m/m;0.6%;1.5%;0.8%;;0.4%;
2011.09.29 20:00:00;NZD;3;ANZ Business Confidence;34.4;;30.3;;;
2011.09.29 21:30:00;AUD;2;Private Sector Credit m/m;0.2%;0.2%;0.2%;;0.3%;
2011.09.29 22:30:00;CNY;2;Caixin Manufacturing PMI;49.4;;49.9;;;
2011.09.30 01:00:00;JPY;1;Housing Starts y/y;21.2%;4.6%;14.0%;;;
2011.09.30 02:00:00;EUR;2;German Retail Sales m/m;0.0%;-0.4%;-2.9%;;0.3%;
2011.09.30 00:00:00;EUR;1;French Consumer Spending m/m (Jul Data);1.2%;0.2%;-0.2%;;0.9%;
2011.09.30 02:45:00;EUR;2;French Consumer Spending m/m;-0.2%;0.4%;0.2%;;;
2011.09.30 04:00:00;EUR;1;Italian Monthly Unemployment Rate;8.0%;8.0%;7.9%;;;
2011.09.30 04:00:00;EUR;1;Italian Quarterly Unemployment Rate;8.2%;8.0%;8.0%;;8.1%;
2011.09.30 05:00:00;EUR;2;CPI Flash Estimate y/y;2.5%;2.5%;3.0%;;;
2011.09.30 05:00:00;EUR;2;Unemployment Rate;10.0%;10.0%;10.0%;;;
2011.09.30 05:00:00;EUR;1;Italian Prelim CPI m/m;0.3%;-0.1%;0.1%;;;
2011.09.30 05:30:00;CHF;3;KOF Economic Barometer;1.61;1.41;1.21;;;
2011.09.30 08:30:00;CAD;3;GDP m/m;0.2%;0.3%;0.3%;;;
2011.09.30 08:30:00;USD;2;Core PCE Price Index m/m;0.2%;0.2%;0.1%;;;
2011.09.30 08:30:00;USD;2;Personal Spending m/m;0.8%;0.2%;0.2%;;0.7%;
2011.09.30 08:30:00;USD;1;Personal Income m/m;0.3%;0.1%;-0.1%;;0.1%;
2011.09.30 09:45:00;USD;2;Chicago PMI;56.5;55.8;60.4;;;
2011.09.30 09:55:00;USD;2;Revised UoM Consumer Sentiment;57.8;57.9;59.4;;;
2011.09.30 09:55:00;USD;1;Revised UoM Inflation Expectations;3.7%;;3.3%;;;
2011.09.30 21:00:00;CNY;3;Manufacturing PMI;50.9;51.2;51.2;;;
