2012.02.01 00:30:00;AUD;2;Commodity Prices y/y;10.9%;;6.0%;;9.6%;
2012.02.01 02:00:00;GBP;2;Nationwide HPI m/m;-0.2%;-0.1%;-0.2%;;;
2012.02.01 03:15:00;CHF;3;Retail Sales y/y;1.8%;1.6%;0.6%;;;
2012.02.01 03:15:00;EUR;2;Spanish Manufacturing PMI;43.7;;45.1;;;
2012.02.01 03:30:00;CHF;2;Manufacturing PMI;50.7;51.7;47.3;;;
2012.02.01 03:45:00;EUR;2;Italian Manufacturing PMI;44.3;45.4;46.8;;;
2012.02.01 03:50:00;EUR;1;French Final Manufacturing PMI;48.5;48.5;48.5;;;
2012.02.01 03:55:00;EUR;1;German Final Manufacturing PMI;50.9;50.9;51.0;;;
2012.02.01 04:00:00;EUR;1;Final Manufacturing PMI;48.7;48.7;48.8;;;
2012.02.01 04:30:00;GBP;3;Final Manufacturing PMI;49.6;50.1;52.1;;49.7;
2012.02.01 05:00:00;EUR;2;CPI Flash Estimate y/y;2.8%;2.7%;2.7%;;2.7%;
2012.02.01 05:34:00;EUR;2;German 10-y Bond Auction;1.93|1.3;;1.82|1.4;;;
2012.02.01 08:15:00;USD;3;ADP Non-Farm Employment Change;325K;189K;170K;;292K;
2012.02.01 08:30:00;NZD;1;GDT Price Index;1.0%;;-1.4%;;;
2012.02.01 09:30:00;CAD;1;Manufacturing PMI;54.0;;50.6;;;
2012.02.01 10:00:00;USD;3;ISM Manufacturing PMI;53.9;54.6;54.1;;;
2012.02.01 10:00:00;USD;1;Construction Spending m/m;1.2%;0.7%;1.5%;;0.4%;
2012.02.01 10:00:00;USD;1;ISM Manufacturing Prices;47.5;49.5;55.5;;;
2012.02.01 10:30:00;USD;2;Crude Oil Inventories;3.6M;3.2M;4.2M;;;
2012.02.01 11:04:00;USD;1;President Obama Speaks;;;;;;
2012.02.01 00:00:00;USD;1;Total Vehicle Sales (All Day);13.6M;13.4M;14.2M;;;
2012.02.01 18:50:00;JPY;1;Monetary Base y/y;13.5%;14.6%;15.0%;;;
2012.02.01 19:00:00;NZD;1;ANZ Commodity Prices m/m;-0.8%;;1.2%;;;
2012.02.01 19:30:00;AUD;3;Building Approvals m/m;8.4%;2.1%;-1.0%;;10.1%;
2012.02.01 19:30:00;AUD;3;Goods Trade Balance;1.38B;1.22B;1.71B;;1.34B;
2012.02.01 22:45:00;JPY;1;10-y Bond Auction;0.97|3.0;;0.96|3.7;;;
2012.02.02 02:00:00;CHF;2;Trade Balance;3.00B;2.85B;2.07B;;2.95B;
2012.02.02 03:00:00;EUR;2;Spanish Unemployment Change;1.9K;;177.5K;;;
2012.02.02 04:30:00;GBP;3;Construction PMI;53.2;52.8;51.4;;;
2012.02.02 05:00:00;EUR;1;PPI m/m;0.2%;-0.1%;-0.2%;;;
2012.02.02 05:02:00;EUR;2;French 10-y Bond Auction;3.29|1.6;;3.13|1.7;;;
2012.02.02 07:30:00;USD;1;Challenger Job Cuts y/y;30.6%;;38.9%;;;
2012.02.02 08:30:00;USD;3;Unemployment Claims;377K;373K;367K;;379K;
2012.02.02 08:30:00;USD;2;Prelim Nonfarm Productivity q/q;3.1%;1.0%;0.7%;;2.3%;
2012.02.02 08:30:00;USD;2;Prelim Unit Labor Costs q/q;-2.4%;0.9%;1.2%;;-2.5%;
2012.02.02 09:00:00;GBP;2;MPC Member Posen Speaks;;;;;;
2012.02.02 10:00:00;USD;3;Fed Chairman Bernanke Testifies;;;;;;
2012.02.02 10:30:00;USD;1;Natural Gas Storage;-192B;-129B;-132B;;;
2012.02.02 16:49:00;NZD;1;Visitor Arrivals m/m;-11.6%;;4.5%;;-11.1%;
2012.02.02 17:20:00;AUD;2;AIG Services Index;49.0;;51.9;;;
2012.02.02 20:00:00;CNY;1;Non-Manufacturing PMI;56.0;;52.9;;;
2012.02.02 21:30:00;CNY;1;Caixin Services PMI;52.5;;52.5;;;
2012.02.03 03:15:00;EUR;1;Spanish Services PMI;42.1;;46.1;;;
2012.02.03 03:45:00;EUR;1;Italian Services PMI;44.5;45.5;44.8;;;
2012.02.03 03:50:00;EUR;1;French Final Services PMI;51.7;51.7;52.3;;;
2012.02.03 03:55:00;EUR;1;German Final Services PMI;54.5;54.5;53.7;;;
2012.02.03 04:00:00;EUR;1;Final Services PMI;50.5;50.5;50.4;;;
2012.02.03 04:30:00;GBP;3;Final Services PMI;54.0;53.5;56.0;;;
2012.02.03 05:00:00;EUR;2;Retail Sales m/m;-0.8%;0.4%;-0.4%;;-0.4%;
2012.02.03 05:00:00;EUR;1;Italian Prelim CPI m/m;0.4%;0.2%;0.3%;;;
2012.02.03 07:00:00;CAD;3;Employment Change;17.5K;23.3K;2.3K;;;
2012.02.03 07:00:00;CAD;3;Unemployment Rate;7.5%;7.5%;7.6%;;;
2012.02.03 08:30:00;USD;3;Non-Farm Employment Change;200K;150K;243K;;203K;
2012.02.03 08:30:00;USD;3;Unemployment Rate;8.5%;8.5%;8.3%;;;
2012.02.03 08:30:00;USD;2;Average Hourly Earnings m/m;0.2%;0.2%;0.2%;;0.1%;
2012.02.03 10:00:00;USD;3;ISM Services PMI;52.6;53.1;56.8;;;
2012.02.03 10:00:00;USD;2;Factory Orders m/m;1.8%;1.5%;1.1%;;2.2%;
2012.02.05 00:00:00;NZD;0;Bank Holiday (All Day);;;;;;
2012.02.05 18:30:00;AUD;1;MI Inflation Gauge m/m;0.5%;;0.2%;;;
2012.02.05 19:30:00;AUD;3;Retail Sales m/m;0.0%;0.2%;-0.1%;;0.1%;
2012.02.05 19:30:00;AUD;2;ANZ Job Advertisements m/m;-0.9%;;6.0%;;-0.6%;
2012.02.06 03:00:00;GBP;3;Halifax HPI m/m;-0.9%;0.1%;0.6%;;-1.0%;
2012.02.06 04:30:00;EUR;2;Sentix Investor Confidence;-21.1;-14.8;-11.1;;;
2012.02.06 06:00:00;EUR;2;German Factory Orders m/m;-4.8%;0.7%;1.7%;;-4.9%;
2012.02.06 10:00:00;CAD;3;Ivey PMI;63.5;58.6;64.1;;;
2012.02.06 16:45:00;NZD;3;Labor Cost Index q/q;0.5%;0.5%;0.7%;;;
2012.02.06 17:22:00;AUD;1;AIG Construction Index;41.0;;39.8;;;
2012.02.06 19:01:00;GBP;2;BRC Retail Sales Monitor y/y;2.2%;;-0.3%;;;
2012.02.06 22:30:00;AUD;3;Cash Rate;4.25%;4.00%;4.25%;;;
2012.02.06 22:30:00;AUD;3;RBA Rate Statement;;;;;;
2012.02.07 00:00:00;JPY;1;Leading Indicators;92.9%;93.9%;94.3%;;93.7%;
2012.02.07 02:45:00;EUR;1;French Trade Balance;-4.4B;-5.2B;-5.0B;;-4.1B;
2012.02.07 03:00:00;CHF;3;Foreign Currency Reserves;254B;;227B;;;
2012.02.07 06:00:00;EUR;2;German Industrial Production m/m;-0.6%;-0.1%;-2.9%;;0.0%;
2012.02.07 06:15:00;CHF;3;Gov Board Member Jordan Speaks;;;;;;
2012.02.07 08:05:00;CAD;1;Gov Council Member Macklem Speaks;;;;;;
2012.02.07 08:30:00;CAD;3;Building Permits m/m;-3.6%;0.2%;11.1%;;-2.6%;
2012.02.07 10:00:00;USD;3;Fed Chairman Bernanke Testifies;;;;;;
2012.02.07 10:00:00;USD;1;JOLTS Job Openings;3.16M;;3.38M;;3.12M;
2012.02.07 10:00:00;USD;1;RCM/TIPP Economic Optimism;47.5;48.1;49.4;;;
2012.02.07 15:00:00;USD;1;Consumer Credit m/m;20.4B;7.7B;19.3B;;;
2012.02.07 18:50:00;JPY;1;Bank Lending y/y;0.4%;;0.6%;;;
2012.02.07 18:50:00;JPY;1;Current Account;0.48T;0.63T;0.75T;;;
2012.02.07 19:00:00;GBP;1;BRC Shop Price Index y/y;1.7%;;1.4%;;;
2012.02.08 00:00:00;JPY;1;Economy Watchers Sentiment;47.0;47.6;44.1;;;
2012.02.08 01:45:00;CHF;1;Unemployment Rate;3.1%;3.1%;3.1%;;;
2012.02.08 02:00:00;EUR;1;German Trade Balance;15.1B;14.1B;13.9B;;14.9B;
2012.02.08 02:45:00;EUR;1;French Gov Budget Balance;-97.2B;;-90.8B;;;
2012.02.08 08:13:00;CAD;2;Housing Starts;200K;193K;198K;;;
2012.02.08 10:30:00;USD;2;Crude Oil Inventories;4.2M;2.9M;0.3M;;;
2012.02.08 10:40:00;USD;2;FOMC Member Williams Speaks;;;;;;
2012.02.08 13:00:00;USD;2;10-y Bond Auction;1.90|3.3;;2.02|3.1;;;
2012.02.08 16:45:00;NZD;3;Employment Change q/q;0.2%;0.4%;0.1%;;;
2012.02.08 16:45:00;NZD;3;Unemployment Rate;6.6%;6.5%;6.3%;;;
2012.02.08 18:50:00;JPY;2;Core Machinery Orders m/m;14.8%;-4.8%;-7.1%;;;
2012.02.08 18:50:00;JPY;1;M2 Money Stock y/y;3.1%;3.1%;3.0%;;3.2%;
2012.02.08 19:30:00;AUD;2;NAB Quarterly Business Confidence;-4;;1;;-3;
2012.02.08 20:32:00;CNY;3;CPI y/y;4.1%;4.0%;4.5%;;;
2012.02.08 20:32:00;CNY;2;PPI y/y;1.7%;0.8%;0.7%;;;
2012.02.09 00:00:00;JPY;1;Consumer Confidence;38.9;38.6;40.0;;;
2012.02.09 01:00:00;JPY;1;Prelim Machine Tool Orders y/y;17.4%;;-6.6%;;;
2012.02.09 01:45:00;CHF;2;SECO Consumer Climate;-24;-23;-19;;;
2012.02.09 00:00:00;EUR;2;Eurogroup Meetings (All Day);;;;;;
2012.02.09 04:30:00;GBP;3;Manufacturing Production m/m;-0.2%;0.3%;1.0%;;-0.1%;
2012.02.09 04:30:00;GBP;2;Goods Trade Balance;-8.6B;-8.5B;-7.1B;;-8.9B;
2012.02.09 04:30:00;GBP;1;Industrial Production m/m;-0.6%;0.2%;0.5%;;-0.5%;
2012.02.09 07:00:00;GBP;3;Asset Purchase Facility;275B;325B;325B;;;
2012.02.09 07:00:00;GBP;3;MPC Rate Statement;;;;;;
2012.02.09 07:00:00;GBP;3;Official Bank Rate;0.50%;0.50%;0.50%;;;
2012.02.09 07:45:00;EUR;3;Main Refinancing Rate;1.00%;1.00%;1.00%;;;
2012.02.09 08:30:00;CAD;2;NHPI m/m;0.3%;0.2%;0.1%;;;
2012.02.09 08:30:00;EUR;3;ECB Press Conference;;;;;;
2012.02.09 08:30:00;USD;3;Unemployment Claims;367K;369K;358K;;373K;
2012.02.09 10:00:00;GBP;2;NIESR GDP Estimate;0.1%;;-0.2%;;-0.2%;
2012.02.09 10:00:00;USD;1;Final Wholesale Inventories m/m;0.1%;0.4%;1.0%;;0.0%;
2012.02.09 10:30:00;USD;1;Natural Gas Storage;-132B;-82B;-78B;;;
2012.02.09 13:00:00;USD;1;30-y Bond Auction;2.99|2.6;;3.24|2.5;;;
2012.02.09 18:50:00;JPY;1;PPI y/y;1.3%;0.9%;0.5%;;1.2%;
2012.02.09 19:30:00;AUD;3;RBA Monetary Policy Statement;;;;;;
2012.02.09 22:04:00;CNY;3;USD-Denominated Trade Balance;16.5B;10.8B;27.3B;;;
2012.02.10 02:00:00;EUR;1;German Final CPI m/m;-0.4%;-0.4%;-0.4%;;;
2012.02.10 02:45:00;EUR;2;French Industrial Production m/m;1.1%;-0.8%;-1.4%;;;
2012.02.10 03:15:00;CHF;3;CPI m/m;-0.2%;-0.3%;-0.4%;;;
2012.02.10 04:02:00;EUR;1;Italian Industrial Production m/m;0.3%;-0.5%;1.4%;;;
2012.02.10 04:07:00;CNY;2;New Loans;641B;1002B;738B;;;
2012.02.10 04:07:00;CNY;1;M2 Money Supply y/y;13.6%;13.7%;12.4%;;;
2012.02.10 04:30:00;GBP;3;PPI Input m/m;-0.6%;0.4%;0.5%;;;
2012.02.10 04:30:00;GBP;1;PPI Output m/m;-0.2%;0.1%;0.5%;;;
2012.02.10 08:30:00;CAD;3;Trade Balance;1.1B;0.7B;2.7B;;1.2B;
2012.02.10 08:30:00;USD;3;Trade Balance;-47.8B;-48.1B;-48.8B;;-47.1B;
2012.02.10 09:55:00;USD;3;Prelim UoM Consumer Sentiment;74.0;74.4;72.5;;75.0;
2012.02.10 09:55:00;USD;1;Prelim UoM Inflation Expectations;3.2%;;3.2%;;3.3%;
2012.02.10 12:30:00;USD;3;Fed Chairman Bernanke Speaks;;;;;;
2012.02.10 12:50:00;USD;2;FOMC Member Pianalto Speaks;;;;;;
2012.02.10 13:59:00;USD;2;Federal Budget Balance;-86.0B;-58.5B;-27.4B;;;
2012.02.12 18:50:00;JPY;3;Prelim GDP q/q;1.5%;-0.3%;-0.6%;;1.4%;
2012.02.12 18:50:00;JPY;2;Prelim GDP Price Index y/y;-1.9%;-1.6%;-1.6%;;-2.1%;
2012.02.12 18:50:00;JPY;2;Tertiary Industry Activity m/m;-0.8%;0.9%;1.4%;;-0.6%;
2012.02.12 19:30:00;AUD;3;Home Loans m/m;1.4%;1.9%;2.3%;;1.8%;
2012.02.13 02:00:00;EUR;1;German WPI m/m;0.0%;0.2%;1.2%;;;
2012.02.13 03:15:00;CHF;2;PPI m/m;0.3%;0.2%;0.0%;;;
2012.02.13 16:45:00;AUD;2;RBA Deputy Gov Debelle Speaks;;;;;;
2012.02.13 16:47:00;NZD;1;FPI m/m;0.2%;;0.0%;;;
2012.02.13 18:32:00;GBP;2;RICS House Price Balance;-16%;-16%;-16%;;;
2012.02.13 19:30:00;AUD;2;NAB Business Confidence;3;;4;;;
2012.02.13 21:45:00;USD;2;FOMC Member Williams Speaks;;;;;;
2012.02.13 22:01:00;NZD;2;REINZ HPI m/m;-0.1%;;-1.4%;;;
2012.02.13 22:43:00;JPY;3;Monetary Policy Statement;;;;;;
2012.02.13 22:43:00;JPY;3;Overnight Call Rate;<0.10%;<0.10%;<0.10%;;;
2012.02.13 23:30:00;JPY;1;Revised Industrial Production m/m;4.0%;4.0%;3.8%;;;
2012.02.14 02:33:00;JPY;3;BOJ Press Conference;;;;;;
2012.02.14 02:45:00;EUR;2;French Prelim Private Payrolls q/q;0.0%;0.2%;-0.2%;;;
2012.02.14 04:30:00;GBP;3;CPI y/y;4.2%;3.6%;3.6%;;;
2012.02.14 04:30:00;GBP;2;RPI y/y;4.8%;4.1%;3.9%;;;
2012.02.14 04:30:00;GBP;1;Core CPI y/y;3.0%;2.7%;2.6%;;;
2012.02.14 04:30:00;GBP;1;ONS HPI y/y;-0.3%;-0.1%;0.1%;;;
2012.02.14 05:00:00;EUR;3;German ZEW Economic Sentiment;-21.6;-11.8;5.4;;;
2012.02.14 05:00:00;EUR;2;Industrial Production m/m;-0.1%;-1.1%;-1.1%;;0.0%;
2012.02.14 05:00:00;EUR;2;ZEW Economic Sentiment;-32.5;-21.1;-8.1;;;
2012.02.14 05:00:00;GBP;1;CB Leading Index m/m;-0.6%;;-0.5%;;;
2012.02.14 05:30:00;GBP;3;BOE Inflation Letter;;;;;;
2012.02.14 07:30:00;USD;1;NFIB Small Business Index;93.8;95.1;93.9;;;
2012.02.14 08:30:00;CAD;1;New Motor Vehicle Sales m/m;-1.0%;0.5%;-3.0%;;;
2012.02.14 08:30:00;USD;3;Core Retail Sales m/m;-0.2%;0.6%;0.7%;;-0.5%;
2012.02.14 08:30:00;USD;3;Retail Sales m/m;0.1%;0.8%;0.4%;;0.0%;
2012.02.14 08:30:00;USD;2;Import Prices m/m;-0.1%;0.3%;0.3%;;;
2012.02.14 10:00:00;USD;2;Business Inventories m/m;0.3%;0.4%;0.4%;;;
2012.02.14 10:00:00;USD;2;Treasury Sec Geithner Speaks;;;;;;
2012.02.14 16:45:00;NZD;2;Retail Sales q/q;2.2%;1.2%;2.2%;;2.4%;
2012.02.14 16:47:00;NZD;3;Core Retail Sales q/q;2.4%;1.1%;2.9%;;2.6%;
2012.02.14 17:40:00;USD;2;FOMC Member Lockhart Speaks;;;;;;
2012.02.14 18:30:00;AUD;2;Westpac Consumer Sentiment;2.4%;;4.2%;;;
2012.02.14 19:30:00;AUD;2;New Motor Vehicle Sales m/m;-2.9%;;1.3%;;-2.7%;
2012.02.15 00:00:00;JPY;2;BOJ Monthly Report;;;;;;
2012.02.15 01:30:00;EUR;2;French Prelim GDP q/q;0.4%;-0.2%;0.2%;;0.3%;
2012.02.15 02:00:00;EUR;3;German Prelim GDP q/q;0.5%;-0.3%;-0.2%;;0.6%;
2012.02.15 04:00:00;EUR;1;Italian Prelim GDP q/q;-0.2%;-0.6%;-0.7%;;;
2012.02.15 04:30:00;GBP;3;Claimant Count Change;1.2K;3.2K;6.9K;;1.9K;
2012.02.15 04:30:00;GBP;2;Unemployment Rate;8.4%;8.4%;8.4%;;;
2012.02.15 04:30:00;GBP;1;Average Earnings Index 3m/y;1.9%;1.8%;2.0%;;2.0%;
2012.02.15 05:00:00;CHF;2;Credit Suisse Economic Expectations;-50.1;;-21.2;;;
2012.02.15 05:00:00;EUR;2;Flash GDP q/q;0.2%;-0.3%;-0.3%;;0.1%;
2012.02.15 05:00:00;EUR;1;Trade Balance;6.1B;3.5B;7.5B;;;
2012.02.15 05:30:00;GBP;3;BOE Gov King Speaks;;;;;;
2012.02.15 05:30:00;GBP;3;BOE Monetary Policy Report;;;;;;
2012.02.15 08:30:00;NZD;1;GDT Price Index;-1.4%;;-3.7%;;;
2012.02.15 08:30:00;USD;2;Empire State Manufacturing Index;13.5;14.7;19.5;;;
2012.02.15 08:54:00;USD;3;TIC Long-Term Purchases;59.8B;45.4B;17.9B;;61.3B;
2012.02.15 09:15:00;USD;2;Capacity Utilization Rate;78.1%;78.6%;78.5%;;78.6%;
2012.02.15 09:15:00;USD;2;Industrial Production m/m;0.4%;0.7%;0.0%;;1.0%;
2012.02.15 10:00:00;USD;1;NAHB Housing Market Index;25;26;29;;;
2012.02.15 10:30:00;USD;2;Crude Oil Inventories;0.3M;1.8M;-0.2M;;;
2012.02.15 14:00:00;USD;3;FOMC Meeting Minutes;;;;;;
2012.02.15 16:26:00;NZD;1;BusinessNZ Manufacturing Index;51.9;;50.5;;51.6;
2012.02.15 17:10:00;AUD;2;RBA Deputy Gov Lowe Speaks;;;;;;
2012.02.15 18:58:00;AUD;2;MI Inflation Expectations;2.8%;;2.5%;;;
2012.02.15 19:01:00;GBP;2;Nationwide Consumer Confidence;38;40;47;;;
2012.02.15 19:30:00;AUD;3;Employment Change;-29.3K;10.5K;46.3K;;-35.6K;
2012.02.15 19:30:00;AUD;3;Unemployment Rate;5.2%;5.3%;5.1%;;;
2012.02.15 20:54:00;CNY;1;Foreign Direct Investment ytd/y;9.7%;;-0.3%;;;
2012.02.16 04:00:00;EUR;2;ECB Monthly Bulletin;;;;;;
2012.02.16 04:00:00;EUR;1;Italian Trade Balance;-1.58B;-1.21B;1.45B;;;
2012.02.16 08:30:00;CAD;2;Foreign Securities Purchases;14.99B;7.98B;7.38B;;14.64B;
2012.02.16 08:30:00;CAD;2;Manufacturing Sales m/m;2.0%;1.0%;0.6%;;1.9%;
2012.02.16 08:30:00;USD;3;Building Permits;0.68M;0.68M;0.68M;;0.67M;
2012.02.16 08:30:00;USD;3;PPI m/m;-0.1%;0.3%;0.1%;;;
2012.02.16 08:30:00;USD;3;Unemployment Claims;358K;364K;348K;;361K;
2012.02.16 08:30:00;USD;2;Core PPI m/m;0.3%;0.1%;0.4%;;;
2012.02.16 08:30:00;USD;2;Housing Starts;0.66M;0.68M;0.70M;;0.69M;
2012.02.16 09:00:00;USD;3;Fed Chairman Bernanke Speaks;;;;;;
2012.02.16 10:00:00;USD;3;Philly Fed Manufacturing Index;7.3;9.0;10.2;;;
2012.02.16 10:00:00;USD;2;Mortgage Delinquencies;7.99%;;7.58%;;;
2012.02.16 10:30:00;USD;1;Natural Gas Storage;-78B;-126B;-127B;;;
2012.02.16 18:00:00;NZD;2;RBNZ Gov Bollard Speaks;;;;;;
2012.02.16 18:50:00;JPY;2;Monetary Policy Meeting Minutes;;;;;;
2012.02.17 02:00:00;EUR;2;German PPI m/m;-0.4%;0.4%;0.6%;;;
2012.02.17 04:00:00;EUR;2;Current Account;-1.8B;2.3B;2.0B;;-0.9B;
2012.02.17 04:30:00;GBP;3;Retail Sales m/m;0.6%;-0.3%;0.9%;;;
2012.02.17 07:00:00;CAD;3;Core CPI m/m;-0.5%;0.1%;0.2%;;;
2012.02.17 07:00:00;CAD;2;CPI m/m;-0.6%;0.3%;0.4%;;;
2012.02.17 08:30:00;CAD;2;Leading Index m/m;0.8%;0.6%;0.7%;;0.7%;
2012.02.17 08:30:00;USD;3;Core CPI m/m;0.1%;0.2%;0.2%;;;
2012.02.17 08:30:00;USD;3;CPI y/y;3.0%;2.8%;2.9%;;;
2012.02.17 08:30:00;USD;2;CPI m/m;0.0%;0.3%;0.2%;;;
2012.02.17 10:00:00;USD;1;CB Leading Index m/m;0.4%;0.6%;0.4%;;0.5%;
2012.02.17 14:00:00;GBP;2;MPC Member Posen Speaks;;;;;;
2012.02.19 16:30:00;NZD;1;BusinessNZ Services Index;50.6;;53.6;;52.4;
2012.02.19 16:45:00;NZD;3;PPI Input q/q;0.6%;0.4%;0.5%;;;
2012.02.19 16:45:00;NZD;1;PPI Output q/q;0.2%;0.5%;0.1%;;;
2012.02.19 18:40:00;GBP;2;Rightmove HPI m/m;-0.8%;;4.1%;;;
2012.02.19 18:50:00;JPY;2;Trade Balance;-0.57T;-0.83T;-0.61T;;;
2012.02.20 06:00:00;EUR;1;German Buba Monthly Report;;;;;;
2012.02.20 00:00:00;USD;0;Bank Holiday (All Day);;;;;;
2012.02.20 19:30:00;AUD;3;Monetary Policy Meeting Minutes;;;;;;
2012.02.20 21:00:00;NZD;3;Inflation Expectations q/q;2.82%;;2.50%;;;
2012.02.20 21:30:00;AUD;3;RBA Gov Stevens Speaks;;;;;;
2012.02.20 23:30:00;JPY;1;All Industries Activity m/m;-1.1%;1.6%;1.3%;;-1.0%;
2012.02.21 02:00:00;CHF;2;Trade Balance;2.07B;1.95B;1.55B;;2.01B;
2012.02.21 00:00:00;EUR;2;ECOFIN Meetings (All Day);;;;;;
2012.02.21 00:00:00;EUR;2;Eurogroup Meetings (All Day);;;;;;
2012.02.21 04:30:00;GBP;3;Public Sector Net Borrowing;10.8B;-8.9B;-10.7B;;11.1B;
2012.02.21 08:30:00;CAD;3;Core Retail Sales m/m;0.3%;0.1%;0.0%;;0.4%;
2012.02.21 08:30:00;CAD;2;Retail Sales m/m;0.3%;-0.2%;-0.2%;;0.4%;
2012.02.21 08:30:00;CAD;2;Wholesale Sales m/m;-0.4%;0.6%;0.9%;;-0.3%;
2012.02.21 10:00:00;EUR;1;Consumer Confidence;-21;-20;-20;;;
2012.02.21 14:30:00;GBP;2;MPC Member Bean Speaks;;;;;;
2012.02.21 18:00:00;AUD;2;CB Leading Index m/m;-0.3%;;0.2%;;;
2012.02.21 18:30:00;AUD;2;MI Leading Index m/m;-0.2%;;0.5%;;-0.1%;
2012.02.21 19:30:00;AUD;2;Wage Price Index q/q;0.7%;0.8%;1.0%;;;
2012.02.21 21:00:00;NZD;1;Credit Card Spending y/y;5.9%;;3.1%;;;
2012.02.21 21:30:00;CNY;3;Caixin Flash Manufacturing PMI;48.8;;49.7;;;
2012.02.22 01:30:00;EUR;1;French Final CPI m/m;0.4%;-0.1%;-0.4%;;;
2012.02.22 03:00:00;EUR;2;French Flash Manufacturing PMI;48.5;49.1;50.2;;;
2012.02.22 03:00:00;EUR;2;French Flash Services PMI;51.7;52.3;50.3;;52.3;
2012.02.22 03:30:00;EUR;2;German Flash Manufacturing PMI;50.9;51.6;50.1;;51.0;
2012.02.22 03:30:00;EUR;2;German Flash Services PMI;54.5;53.8;52.6;;53.7;
2012.02.22 04:00:00;EUR;2;Flash Manufacturing PMI;48.7;49.4;49.0;;48.8;
2012.02.22 04:00:00;EUR;2;Flash Services PMI;50.5;50.7;49.4;;50.4;
2012.02.22 04:30:00;GBP;3;MPC Asset Purchase Facility Votes;0-0-9;9-0-0;9-0-0;;;
2012.02.22 04:30:00;GBP;3;MPC Official Bank Rate Votes;0-0-9;0-0-9;0-0-9;;;
2012.02.22 05:00:00;EUR;2;Industrial New Orders m/m;-1.3%;0.6%;1.9%;;-1.1%;
2012.02.22 09:00:00;EUR;2;Belgian NBB Business Climate;-9.5;-8.2;-7.7;;;
2012.02.22 10:00:00;USD;3;Existing Home Sales;4.61M;4.66M;4.57M;;4.38M;
2012.02.23 04:00:00;EUR;3;German ifo Business Climate;108.3;108.7;109.6;;;
2012.02.23 04:30:00;GBP;2;High Street Lending;36.2K;37.3K;38.1K;;36.6K;
2012.02.23 05:00:00;EUR;2;EU Economic Forecasts;;;;;;
2012.02.23 06:00:00;GBP;2;CBI Industrial Order Expectations;-16;-14;-3;;;
2012.02.23 08:30:00;CAD;1;Corporate Profits q/q;-0.5%;;9.0%;;;
2012.02.23 08:30:00;USD;3;Unemployment Claims;348K;352K;351K;;351K;
2012.02.23 10:00:00;USD;1;HPI m/m;1.0%;0.2%;0.7%;;0.7%;
2012.02.23 10:30:00;CAD;1;BOC Review;;;;;;
2012.02.23 10:30:00;USD;1;Natural Gas Storage;-127B;-146B;-166B;;;
2012.02.23 11:00:00;USD;2;Crude Oil Inventories;-0.2M;0.9M;1.6M;;;
2012.02.23 17:30:00;AUD;3;RBA Gov Stevens Speaks;;;;;;
2012.02.23 18:50:00;JPY;1;SPPI y/y;0.1%;0.1%;-0.2%;;;
2012.02.23 21:00:00;CNY;1;CB Leading Index m/m;0.5%;;1.6%;;0.8%;
2012.02.24 02:00:00;EUR;1;German Final GDP q/q;-0.2%;-0.2%;-0.2%;;;
2012.02.24 04:00:00;EUR;1;Italian Retail Sales m/m;-0.3%;-0.2%;-1.1%;;-0.7%;
2012.02.24 04:30:00;GBP;3;Second Estimate GDP q/q;-0.2%;-0.2%;-0.2%;;;
2012.02.24 04:30:00;GBP;2;Prelim Business Investment q/q;-1.4%;-0.3%;-5.6%;;1.0%;
2012.02.24 04:30:00;GBP;1;Index of Services 3m/3m;0.1%;0.2%;0.0%;;0.2%;
2012.02.24 09:55:00;USD;2;Revised UoM Consumer Sentiment;72.5;72.8;75.3;;;
2012.02.24 09:55:00;USD;1;Revised UoM Inflation Expectations;3.2%;;3.3%;;;
2012.02.24 10:00:00;CAD;2;BOC Gov Carney Speaks;;;;;;
2012.02.24 10:00:00;USD;3;New Home Sales;307K;316K;321K;;324K;
2012.02.24 10:45:00;USD;2;FOMC Member Williams Speaks;;;;;;
2012.02.24 13:30:00;USD;1;FOMC Member Dudley Speaks;;;;;;
2012.02.24 15:00:00;EUR;2;German Buba President Weidmann Speaks;;;;;;
2012.02.25 00:00:00;All;2;G20 Meetings (Day 1);;;;;;
2012.02.26 00:00:00;All;2;G20 Meetings (Day 2);;;;;;
2012.02.26 16:45:00;NZD;2;Trade Balance;338M;184M;-199M;;306M;
2012.02.27 04:00:00;EUR;2;M3 Money Supply y/y;1.6%;1.8%;2.5%;;1.5%;
2012.02.27 04:00:00;EUR;1;Private Loans y/y;1.0%;1.2%;1.1%;;;
2012.02.27 10:00:00;USD;3;Pending Home Sales m/m;-3.5%;1.1%;2.0%;;-1.9%;
2012.02.27 18:50:00;JPY;2;Retail Sales y/y;2.5%;-0.2%;1.9%;;;
2012.02.28 02:00:00;CHF;1;UBS Consumption Indicator;0.92;;0.92;;0.94;
2012.02.28 02:00:00;EUR;2;German GfK Consumer Climate;5.9;6.1;6.0;;;
2012.02.28 00:00:00;EUR;2;German Prelim CPI m/m (All Day);-0.4%;0.5%;0.7%;;;
2012.02.28 03:15:00;CHF;2;Employment Level;4.05M;4.03M;4.04M;;;
2012.02.28 04:00:00;EUR;1;Retail PMI;42.9;;47.9;;;
2012.02.28 05:14:00;EUR;3;Italian 10-y Bond Auction;6.08|1.4;;5.50|1.4;;;
2012.02.28 06:00:00;GBP;2;CBI Realized Sales;-22;-17;-2;;;
2012.02.28 08:30:00;USD;3;Core Durable Goods Orders m/m;2.1%;0.0%;-3.2%;;3.5%;
2012.02.28 08:30:00;USD;2;Durable Goods Orders m/m;3.0%;-0.8%;-4.0%;;3.2%;
2012.02.28 09:00:00;USD;2;S&P/CS Composite-20 HPI y/y;-3.7%;-3.6%;-4.0%;;-3.9%;
2012.02.28 09:59:00;USD;1;Richmond Manufacturing Index;12;11;20;;;
2012.02.28 10:00:00;USD;3;CB Consumer Confidence;61.1;63.1;70.8;;61.5;
2012.02.28 10:00:00;USD;1;FOMC Member Duke Speaks;;;;;;
2012.02.28 12:30:00;CHF;3;Gov Board Member Jordan Speaks;;;;;;
2012.02.28 14:00:00;GBP;2;MPC Member Tucker Speaks;;;;;;
2012.02.28 16:45:00;NZD;2;Building Consents m/m;2.1%;;8.3%;;2.6%;
2012.02.28 18:15:00;JPY;1;Final Manufacturing PMI;50.7;;50.5;;;
2012.02.28 18:50:00;JPY;2;Prelim Industrial Production m/m;4.0%;1.6%;2.0%;;3.8%;
2012.02.28 19:00:00;AUD;2;HIA New Home Sales m/m;-4.9%;;-7.3%;;;
2012.02.28 19:00:00;NZD;3;ANZ Business Confidence;16.9;;28.0;;;
2012.02.28 19:01:00;GBP;2;GfK Consumer Confidence;-29;-27;-29;;;
2012.02.28 19:15:00;USD;2;FOMC Member Pianalto Speaks;;;;;;
2012.02.28 19:30:00;AUD;3;Retail Sales m/m;-0.1%;0.3%;0.3%;;;
2012.02.28 19:30:00;AUD;2;Construction Work Done q/q;12.5%;-0.8%;-4.6%;;11.7%;
2012.02.28 19:30:00;AUD;2;Private Sector Credit m/m;0.3%;0.3%;0.2%;;;
2012.02.29 00:00:00;JPY;1;Housing Starts y/y;-7.3%;-3.4%;-1.1%;;;
2012.02.29 02:00:00;EUR;1;German Import Prices m/m;0.3%;0.5%;1.3%;;;
2012.02.29 02:45:00;EUR;2;French Consumer Spending m/m;-0.7%;0.3%;-0.4%;;-0.2%;
2012.02.29 03:00:00;CHF;3;KOF Economic Barometer;-0.17;-0.11;-0.12;;-0.15;
2012.02.29 03:00:00;EUR;1;Spanish Flash CPI y/y;2.0%;2.0%;2.0%;;;
2012.02.29 03:55:00;EUR;2;German Unemployment Change;-34K;-5K;0K;;-26K;
2012.02.29 04:30:00;GBP;2;Net Lending to Individuals m/m;0.4B;0.9B;1.8B;;0.9B;
2012.02.29 04:30:00;GBP;1;M4 Money Supply m/m;-1.4%;-0.8%;1.6%;;;
2012.02.29 04:30:00;GBP;1;Mortgage Approvals;53K;54K;59K;;55K;
2012.02.29 04:45:00;GBP;3;Monetary Policy Report Hearings;;;;;;
2012.02.29 05:00:00;EUR;2;Final Core CPI y/y;1.6%;1.8%;1.5%;;;
2012.02.29 05:00:00;EUR;2;Final CPI y/y;2.7%;2.7%;2.6%;;;
2012.02.29 05:25:00;EUR;3;Long Term Refinancing Operation;489B;;530B;;;
2012.02.29 05:34:00;EUR;2;German 10-y Bond Auction;1.82|1.4;;1.83|1.4;;;
2012.02.29 08:30:00;USD;3;Prelim GDP q/q;2.8%;2.8%;3.0%;;;
2012.02.29 08:30:00;USD;1;Prelim GDP Price Index q/q;0.4%;0.4%;0.9%;;;
2012.02.29 09:45:00;USD;2;Chicago PMI;60.2;61.6;64.0;;;
2012.02.29 10:00:00;USD;3;Fed Chairman Bernanke Testifies;;;;;;
2012.02.29 10:00:00;USD;1;Fed Monetary Policy Report;;;;;;
2012.02.29 10:30:00;USD;2;Crude Oil Inventories;1.6M;1.4M;4.2M;;;
2012.02.29 13:30:00;GBP;2;MPC Member Weale Speaks;;;;;;
2012.02.29 14:00:00;USD;2;Beige Book;;;;;;
2012.02.29 16:45:00;NZD;1;Overseas Trade Index q/q;-0.7%;-1.8%;-1.4%;;-0.6%;
2012.02.29 17:22:00;AUD;1;AIG Manufacturing Index;51.6;;51.3;;;
2012.02.29 18:50:00;JPY;2;Capital Spending q/y;-9.8%;-6.4%;7.6%;;;
2012.02.29 19:30:00;AUD;3;Building Approvals m/m;-1.0%;2.1%;0.9%;;-0.5%;
2012.02.29 19:30:00;AUD;3;Private Capital Expenditure q/q;12.3%;3.5%;-0.3%;;14.6%;
2012.02.29 20:00:00;CNY;3;Manufacturing PMI;50.5;50.9;51.0;;;
2012.02.29 21:30:00;CNY;2;Caixin Manufacturing PMI;49.7;;49.6;;;
2012.02.29 22:45:00;JPY;1;10-y Bond Auction;0.96|3.7;;0.97|3.3;;;
