2012.03.01 00:30:00;AUD;1;Commodity Prices y/y;6.0%;;3.5%;;5.1%;
2012.03.01 01:45:00;CHF;2;GDP q/q;0.2%;-0.1%;0.1%;;0.3%;
2012.03.01 02:00:00;GBP;2;Nationwide HPI m/m;-0.2%;0.3%;0.6%;;-0.3%;
2012.03.01 03:15:00;EUR;2;Spanish Manufacturing PMI;45.1;;45.0;;;
2012.03.01 03:30:00;CHF;2;Manufacturing PMI;47.3;48.6;49.0;;;
2012.03.01 03:45:00;EUR;2;Italian Manufacturing PMI;46.8;47.2;47.8;;;
2012.03.01 03:50:00;EUR;1;French Final Manufacturing PMI;50.2;50.3;50.0;;;
2012.03.01 03:55:00;EUR;1;German Final Manufacturing PMI;50.1;50.1;50.2;;;
2012.03.01 04:00:00;EUR;2;Final Manufacturing PMI;49.0;49.0;49.0;;;
2012.03.01 04:00:00;EUR;1;Italian Monthly Unemployment Rate;8.9%;8.9%;9.2%;;;
2012.03.01 00:00:00;EUR;2;EU Economic Summit (Day 1);;;;;;
2012.03.01 04:30:00;GBP;3;Final Manufacturing PMI;52.1;51.9;51.2;;52.0;
2012.03.01 04:59:00;EUR;2;French 10-y Bond Auction;3.13|1.7;;2.91|2.2;;;
2012.03.01 05:00:00;EUR;2;CPI Flash Estimate y/y;2.7%;2.6%;2.7%;;2.6%;
2012.03.01 05:00:00;EUR;2;Unemployment Rate;10.4%;10.4%;10.7%;;10.6%;
2012.03.01 05:00:00;EUR;1;Italian Prelim CPI m/m;0.3%;0.2%;0.4%;;;
2012.03.01 05:00:00;GBP;2;MPC Member Miles Speaks;;;;;;
2012.03.01 05:35:00;GBP;2;10-y Bond Auction;2.09|2.2;;2.18|2.1;;;
2012.03.01 08:00:00;USD;2;FOMC Member Pianalto Speaks;;;;;;
2012.03.01 08:30:00;CAD;2;Current Account;-12.1B;-9.4B;-10.3B;;-12.3B;
2012.03.01 08:30:00;CAD;2;RMPI m/m;-2.4%;0.3%;0.1%;;-2.5%;
2012.03.01 08:30:00;CAD;1;IPPI m/m;-0.7%;0.4%;0.3%;;-0.9%;
2012.03.01 08:30:00;USD;3;Unemployment Claims;351K;350K;351K;;353K;
2012.03.01 08:30:00;USD;2;Core PCE Price Index m/m;0.2%;0.2%;0.2%;;0.1%;
2012.03.01 08:30:00;USD;2;Personal Spending m/m;0.0%;0.4%;0.2%;;;
2012.03.01 08:30:00;USD;1;Personal Income m/m;0.5%;0.5%;0.3%;;;
2012.03.01 09:30:00;CAD;1;Manufacturing PMI;50.6;;51.8;;;
2012.03.01 10:00:00;USD;3;Fed Chairman Bernanke Testifies;;;;;;
2012.03.01 10:00:00;USD;3;ISM Manufacturing PMI;54.1;54.6;52.4;;;
2012.03.01 10:00:00;USD;1;Construction Spending m/m;1.5%;1.1%;-0.1%;;1.4%;
2012.03.01 10:00:00;USD;1;ISM Manufacturing Prices;55.5;57.6;61.5;;;
2012.03.01 10:30:00;USD;2;FOMC Member Raskin Speaks;;;;;;
2012.03.01 10:30:00;USD;1;Natural Gas Storage;-166B;-89B;-82B;;;
2012.03.01 00:00:00;USD;1;Total Vehicle Sales (All Day);14.2M;14.0M;15.1M;;;
2012.03.01 12:30:00;USD;2;FOMC Member Lockhart Speaks;;;;;;
2012.03.01 18:30:00;JPY;2;Household Spending y/y;0.5%;-0.7%;-2.3%;;;
2012.03.01 18:30:00;JPY;2;Tokyo Core CPI y/y;-0.4%;-0.4%;-0.3%;;;
2012.03.01 18:30:00;JPY;1;National Core CPI y/y;-0.1%;-0.2%;-0.1%;;;
2012.03.01 18:30:00;JPY;1;Unemployment Rate;4.6%;4.5%;4.6%;;;
2012.03.01 18:50:00;JPY;1;Monetary Base y/y;15.0%;15.6%;11.3%;;;
2012.03.01 19:00:00;NZD;1;ANZ Commodity Prices m/m;1.2%;;0.0%;;1.1%;
2012.03.02 02:00:00;EUR;2;German Retail Sales m/m;-1.4%;0.5%;-1.6%;;0.1%;
2012.03.02 03:00:00;EUR;2;Spanish Unemployment Change;177.5K;;112.3K;;;
2012.03.02 00:00:00;EUR;2;EU Economic Summit (Day 2);;;;;;
2012.03.02 04:30:00;GBP;3;Construction PMI;51.4;51.3;54.3;;;
2012.03.02 05:00:00;EUR;1;PPI m/m;-0.2%;0.6%;0.7%;;;
2012.03.02 08:30:00;CAD;3;GDP m/m;-0.1%;0.3%;0.4%;;;
2012.03.02 20:00:00;CNY;1;Non-Manufacturing PMI;52.9;;48.4;;;
2012.03.04 16:48:00;NZD;1;Visitor Arrivals m/m;4.5%;;-2.3%;;3.2%;
2012.03.04 17:22:00;AUD;2;AIG Services Index;51.9;;46.7;;;
2012.03.04 18:30:00;AUD;1;MI Inflation Gauge m/m;0.2%;;0.1%;;;
2012.03.04 19:30:00;AUD;3;ANZ Job Advertisements m/m;6.0%;;3.3%;;7.5%;
2012.03.04 19:30:00;AUD;2;Company Operating Profits q/q;4.8%;0.2%;-6.5%;;4.7%;
2012.03.04 21:30:00;CNY;1;Caixin Services PMI;52.5;;53.9;;;
2012.03.05 03:15:00;CHF;3;Retail Sales y/y;0.6%;2.0%;4.4%;;1.7%;
2012.03.05 03:15:00;EUR;1;Spanish Services PMI;46.1;;41.9;;;
2012.03.05 03:45:00;EUR;1;Italian Services PMI;44.8;45.3;44.1;;;
2012.03.05 03:50:00;EUR;1;French Final Services PMI;50.3;50.3;50.0;;;
2012.03.05 03:55:00;EUR;1;German Final Services PMI;52.6;52.6;52.8;;;
2012.03.05 04:00:00;EUR;2;Final Services PMI;49.4;49.5;48.8;;;
2012.03.05 04:30:00;EUR;2;Sentix Investor Confidence;-11.1;-5.4;-8.2;;;
2012.03.05 04:30:00;GBP;3;Final Services PMI;56.0;55.0;53.8;;;
2012.03.05 05:00:00;EUR;2;Retail Sales m/m;-0.4%;0.0%;0.3%;;-0.5%;
2012.03.05 10:00:00;USD;3;ISM Services PMI;56.8;56.1;57.3;;;
2012.03.05 10:00:00;USD;2;Factory Orders m/m;1.1%;-1.3%;-1.0%;;1.4%;
2012.03.05 19:00:00;GBP;2;BRC Retail Sales Monitor y/y;-0.3%;;-0.3%;;;
2012.03.05 19:30:00;AUD;2;Current Account;-5.6B;-8.0B;-8.4B;;-5.8B;
2012.03.05 20:30:00;JPY;2;Average Cash Earnings y/y;-0.2%;-0.3%;0.0%;;0.1%;
2012.03.05 22:30:00;AUD;3;Cash Rate;4.25%;4.25%;4.25%;;;
2012.03.05 22:30:00;AUD;3;RBA Rate Statement;;;;;;
2012.03.05 22:45:00;JPY;1;30-y Bond Auction;1.92|3.5;;1.96|4.0;;;
2012.03.06 03:00:00;GBP;3;Halifax HPI m/m;0.6%;0.3%;-0.5%;;;
2012.03.06 05:00:00;EUR;1;Revised GDP q/q;-0.3%;-0.3%;-0.3%;;;
2012.03.06 08:30:00;NZD;1;GDT Price Index;-3.7%;;-0.4%;;;
2012.03.06 10:00:00;CAD;3;Ivey PMI;64.1;62.1;66.5;;;
2012.03.06 16:30:00;AUD;2;RBA Deputy Gov Lowe Speaks;;;;;;
2012.03.06 17:22:00;AUD;1;AIG Construction Index;39.8;;35.6;;;
2012.03.06 19:00:00;GBP;1;BRC Shop Price Index y/y;1.4%;;1.2%;;;
2012.03.06 19:30:00;AUD;3;GDP q/q;1.0%;0.7%;0.4%;;0.8%;
2012.03.07 00:00:00;JPY;1;Leading Indicators;94.3%;95.1%;94.9%;;93.8%;
2012.03.07 01:45:00;CHF;1;Unemployment Rate;3.1%;3.1%;3.1%;;;
2012.03.07 03:00:00;CHF;3;Foreign Currency Reserves;227B;;225B;;229B;
2012.03.07 06:00:00;EUR;2;German Factory Orders m/m;1.7%;0.6%;-2.7%;;1.6%;
2012.03.07 08:15:00;USD;3;ADP Non-Farm Employment Change;170K;204K;216K;;173K;
2012.03.07 08:30:00;CAD;3;Building Permits m/m;11.1%;-3.1%;-12.3%;;10.5%;
2012.03.07 08:30:00;USD;2;Revised Nonfarm Productivity q/q;0.7%;0.8%;0.9%;;;
2012.03.07 08:30:00;USD;1;Revised Unit Labor Costs q/q;1.2%;1.2%;2.8%;;;
2012.03.07 10:30:00;USD;2;Crude Oil Inventories;4.2M;1.0M;0.8M;;;
2012.03.07 15:00:00;NZD;3;Official Cash Rate;2.50%;2.50%;2.50%;;;
2012.03.07 15:00:00;NZD;3;RBNZ Press Conference;;;;;;
2012.03.07 15:00:00;NZD;3;RBNZ Rate Statement;;;;;;
2012.03.07 15:00:00;NZD;2;RBNZ Monetary Policy Statement;;;;;;
2012.03.07 15:00:00;USD;1;Consumer Credit m/m;19.3B;10.0B;17.8B;;16.3B;
2012.03.07 16:45:00;NZD;1;Manufacturing Sales q/q;0.0%;;1.2%;;0.2%;
2012.03.07 18:50:00;JPY;2;Final GDP q/q;-0.6%;-0.2%;-0.2%;;;
2012.03.07 18:50:00;JPY;1;Bank Lending y/y;0.6%;;0.6%;;;
2012.03.07 18:50:00;JPY;1;Current Account;0.75T;0.33T;0.12T;;0.78T;
2012.03.07 18:52:00;JPY;1;Final GDP Price Index y/y;-1.6%;-1.6%;-1.8%;;;
2012.03.07 19:30:00;AUD;3;Employment Change;46.3K;5.1K;-15.4K;;46.2K;
2012.03.07 19:30:00;AUD;3;Unemployment Rate;5.1%;5.2%;5.2%;;;
2012.03.08 00:00:00;JPY;1;Economy Watchers Sentiment;44.1;46.3;45.9;;;
2012.03.08 01:00:00;JPY;1;Prelim Machine Tool Orders y/y;-6.6%;;-8.6%;;-6.9%;
2012.03.08 01:30:00;EUR;1;French Final Private Payrolls q/q;-0.2%;-0.1%;-0.1%;;;
2012.03.08 02:45:00;EUR;1;French Trade Balance;-5.0B;-5.2B;-5.3B;;-5.1B;
2012.03.08 03:15:00;CHF;3;CPI m/m;-0.4%;0.2%;0.3%;;;
2012.03.08 06:00:00;EUR;2;German Industrial Production m/m;-2.9%;1.1%;1.6%;;-2.6%;
2012.03.08 07:00:00;GBP;3;Asset Purchase Facility;325B;325B;325B;;;
2012.03.08 07:00:00;GBP;3;Official Bank Rate;0.50%;0.50%;0.50%;;;
2012.03.08 07:30:00;USD;1;Challenger Job Cuts y/y;38.9%;;2.0%;;;
2012.03.08 07:45:00;EUR;3;Main Refinancing Rate;1.00%;1.00%;1.00%;;;
2012.03.08 08:15:00;CAD;2;Housing Starts;198K;199K;201K;;;
2012.03.08 08:30:00;CAD;2;NHPI m/m;0.1%;0.2%;0.1%;;;
2012.03.08 08:30:00;EUR;3;ECB Press Conference;;;;;;
2012.03.08 08:30:00;USD;3;Unemployment Claims;351K;352K;362K;;354K;
2012.03.08 09:00:00;CAD;3;BOC Rate Statement;;;;;;
2012.03.08 09:00:00;CAD;3;Overnight Rate;1.00%;1.00%;1.00%;;;
2012.03.08 10:30:00;USD;1;Natural Gas Storage;-82B;-85B;-80B;;;
2012.03.08 18:50:00;JPY;1;M2 Money Stock y/y;3.0%;3.1%;2.9%;;3.1%;
2012.03.08 19:30:00;AUD;3;Goods Trade Balance;1.71B;1.52B;-0.67B;;1.33B;
2012.03.08 20:30:00;CNY;3;CPI y/y;4.5%;3.5%;3.2%;;;
2012.03.08 20:30:00;CNY;2;PPI y/y;0.7%;0.1%;0.0%;;;
2012.03.09 00:30:00;CNY;2;Fixed Asset Investment ytd/y;23.8%;19.8%;21.5%;;;
2012.03.09 00:30:00;CNY;2;Industrial Production y/y;12.8%;12.4%;11.4%;;;
2012.03.09 00:30:00;CNY;1;Retail Sales y/y;18.1%;17.4%;14.7%;;;
2012.03.09 02:00:00;EUR;1;German Final CPI m/m;0.7%;0.7%;0.7%;;;
2012.03.09 02:00:00;EUR;1;German Trade Balance;13.9B;13.8B;14.2B;;;
2012.03.09 02:45:00;EUR;2;French Industrial Production m/m;-1.4%;0.6%;0.3%;;-1.3%;
2012.03.09 02:45:00;EUR;1;French Gov Budget Balance;-90.8B;;-12.5B;;;
2012.03.09 03:00:00;CNY;2;New Loans;738B;800B;711B;;;
2012.03.09 03:00:00;CNY;1;M2 Money Supply y/y;12.4%;12.7%;13.0%;;;
2012.03.09 04:00:00;EUR;1;Italian Industrial Production m/m;1.4%;-0.7%;-2.5%;;1.2%;
2012.03.09 04:30:00;GBP;3;Manufacturing Production m/m;1.0%;0.3%;0.1%;;1.1%;
2012.03.09 04:30:00;GBP;3;PPI Input m/m;0.5%;0.9%;2.1%;;0.1%;
2012.03.09 04:30:00;GBP;2;Consumer Inflation Expectations;4.1%;;3.5%;;;
2012.03.09 04:30:00;GBP;1;Industrial Production m/m;0.5%;0.4%;-0.4%;;0.4%;
2012.03.09 04:30:00;GBP;1;PPI Output m/m;0.5%;0.4%;0.6%;;0.4%;
2012.03.09 07:00:00;CAD;3;Employment Change;2.3K;14.2K;-2.8K;;;
2012.03.09 07:00:00;CAD;3;Unemployment Rate;7.6%;7.6%;7.4%;;;
2012.03.09 08:30:00;CAD;3;Trade Balance;2.7B;2.0B;2.1B;;2.9B;
2012.03.09 08:30:00;CAD;2;Labor Productivity q/q;0.4%;0.6%;0.7%;;0.6%;
2012.03.09 08:30:00;USD;3;Non-Farm Employment Change;243K;209K;227K;;284K;
2012.03.09 08:30:00;USD;3;Trade Balance;-48.8B;-48.9B;-52.6B;;-50.4B;
2012.03.09 08:30:00;USD;3;Unemployment Rate;8.3%;8.3%;8.3%;;;
2012.03.09 08:30:00;USD;2;Average Hourly Earnings m/m;0.2%;0.2%;0.1%;;0.1%;
2012.03.09 10:00:00;GBP;2;NIESR GDP Estimate;-0.2%;;0.1%;;;
2012.03.09 10:00:00;USD;1;Final Wholesale Inventories m/m;1.0%;0.7%;0.4%;;1.1%;
2012.03.09 22:00:00;CNY;3;USD-Denominated Trade Balance;27.3B;-5.2B;-31.5B;;;
2012.03.11 03:00:00;CAD;0;Daylight Saving Time Shift;;;;;;
2012.03.11 03:00:00;USD;0;Daylight Saving Time Shift;;;;;;
2012.03.11 19:50:00;JPY;2;Core Machinery Orders m/m;-7.1%;1.9%;3.4%;;;
2012.03.11 19:50:00;JPY;1;PPI y/y;0.5%;0.6%;0.6%;;;
2012.03.12 01:00:00;JPY;1;Consumer Confidence;40.0;40.8;39.5;;;
2012.03.12 03:00:00;EUR;1;German WPI m/m;1.2%;1.1%;1.0%;;;
2012.03.12 00:00:00;EUR;2;Eurogroup Meetings (All Day);;;;;;
2012.03.12 12:30:00;CAD;1;Gov Council Member Macklem Speaks;;;;;;
2012.03.12 13:59:00;USD;2;Federal Budget Balance;-27.4B;-229.2B;-231.7B;;;
2012.03.12 17:00:00;NZD;2;REINZ HPI m/m;-1.4%;;0.8%;;;
2012.03.12 17:45:00;NZD;1;FPI m/m;0.0%;;0.6%;;;
2012.03.12 19:50:00;JPY;2;Tertiary Industry Activity m/m;1.4%;0.4%;-1.7%;;1.8%;
2012.03.12 20:01:00;GBP;2;RICS House Price Balance;-16%;-14%;-13%;;;
2012.03.12 20:30:00;AUD;3;Home Loans m/m;2.3%;-0.5%;-1.2%;;2.1%;
2012.03.12 20:30:00;AUD;2;NAB Business Confidence;4;;1;;;
2012.03.13 01:07:00;JPY;3;Monetary Policy Statement;;;;;;
2012.03.13 01:07:00;JPY;3;Overnight Call Rate;<0.10%;<0.10%;<0.10%;;;
2012.03.13 02:30:00;EUR;1;French Final CPI m/m;-0.4%;0.4%;0.4%;;;
2012.03.13 03:19:00;JPY;3;BOJ Press Conference;;;;;;
2012.03.13 04:15:00;CHF;2;PPI m/m;0.0%;0.4%;0.8%;;;
2012.03.13 04:35:00;GBP;2;MPC Member Tucker Speaks;;;;;;
2012.03.13 00:00:00;EUR;2;ECOFIN Meetings (All Day);;;;;;
2012.03.13 05:30:00;GBP;2;Goods Trade Balance;-7.1B;-7.8B;-7.5B;;-7.2B;
2012.03.13 05:30:00;GBP;1;ONS HPI y/y;0.1%;0.2%;0.2%;;;
2012.03.13 06:00:00;EUR;3;German ZEW Economic Sentiment;5.4;10.6;22.3;;;
2012.03.13 06:00:00;EUR;2;ZEW Economic Sentiment;-8.1;3.8;11.0;;;
2012.03.13 06:00:00;GBP;1;CB Leading Index m/m;-0.5%;;0.9%;;;
2012.03.13 07:30:00;EUR;3;ECB President Draghi Speaks;;;;;;
2012.03.13 08:30:00;USD;3;Core Retail Sales m/m;0.7%;0.8%;0.9%;;1.1%;
2012.03.13 08:30:00;USD;3;Retail Sales m/m;0.4%;1.1%;1.1%;;0.6%;
2012.03.13 08:30:00;USD;1;NFIB Small Business Index;93.9;94.5;94.3;;;
2012.03.13 10:00:00;USD;2;Business Inventories m/m;0.4%;0.5%;0.7%;;0.6%;
2012.03.13 10:00:00;USD;1;RCM/TIPP Economic Optimism;49.4;53.2;47.5;;;
2012.03.13 11:00:00;USD;1;JOLTS Job Openings;3.38M;;3.46M;;3.54M;
2012.03.13 13:00:00;USD;2;10-y Bond Auction;2.02|3.1;;2.08|3.2;;;
2012.03.13 14:15:00;USD;3;FOMC Statement;;;;;;
2012.03.13 14:15:00;USD;2;Federal Funds Rate;<0.25%;<0.25%;<0.25%;;;
2012.03.13 16:30:00;USD;3;Bank Stress Test Results;;;;;;
2012.03.13 19:30:00;AUD;2;Westpac Consumer Sentiment;4.2%;;-5.0%;;;
2012.03.13 19:50:00;JPY;2;BSI Manufacturing Index;-6.1;1.3;-7.3;;;
2012.03.13 20:30:00;AUD;1;Housing Starts q/q;-6.8%;-3.9%;-6.9%;;-5.8%;
2012.03.14 00:30:00;JPY;1;Revised Industrial Production m/m;2.0%;2.1%;1.9%;;;
2012.03.14 01:00:00;JPY;2;BOJ Monthly Report;;;;;;
2012.03.14 05:30:00;GBP;3;Claimant Count Change;6.9K;6.5K;7.2K;;7.0K;
2012.03.14 05:30:00;GBP;2;Unemployment Rate;8.4%;8.4%;8.4%;;;
2012.03.14 05:30:00;GBP;1;Average Earnings Index 3m/y;2.0%;1.9%;1.4%;;1.9%;
2012.03.14 06:00:00;CHF;2;Credit Suisse Economic Expectations;-21.2;;0.0;;;
2012.03.14 06:00:00;EUR;2;Final Core CPI y/y;1.5%;1.6%;1.5%;;;
2012.03.14 06:00:00;EUR;2;Final CPI y/y;2.7%;2.7%;2.7%;;;
2012.03.14 06:00:00;EUR;2;Industrial Production m/m;-1.1%;0.8%;0.2%;;;
2012.03.14 08:30:00;CAD;2;Capacity Utilization Rate;81.3%;81.6%;80.5%;;80.0%;
2012.03.14 08:30:00;CAD;1;New Motor Vehicle Sales m/m;-3.0%;2.1%;15.4%;;;
2012.03.14 08:30:00;USD;2;Current Account;-110B;-114B;-124B;;-108B;
2012.03.14 08:30:00;USD;2;Import Prices m/m;0.3%;0.6%;0.4%;;0.0%;
2012.03.14 10:00:00;USD;3;Fed Chairman Bernanke Speaks;;;;;;
2012.03.14 10:30:00;USD;2;Crude Oil Inventories;0.8M;2.2M;1.8M;;;
2012.03.14 13:00:00;USD;1;30-y Bond Auction;3.24|2.5;;3.38|2.7;;;
2012.03.14 17:23:00;NZD;1;BusinessNZ Manufacturing Index;50.5;;57.7;;50.8;
2012.03.14 20:00:00;AUD;2;MI Inflation Expectations;2.5%;;2.7%;;;
2012.03.14 20:30:00;AUD;2;New Motor Vehicle Sales m/m;1.3%;;0.0%;;1.2%;
2012.03.14 20:30:00;AUD;1;RBA Bulletin;;;;;;
2012.03.14 21:52:00;CNY;1;Foreign Direct Investment ytd/y;-0.3%;;-0.6%;;;
2012.03.15 02:45:00;CHF;2;SECO Economic Forecasts;;;;;;
2012.03.15 04:30:00;CHF;3;Libor Rate;<0.25%;<0.25%;<0.25%;;;
2012.03.15 04:30:00;CHF;3;SNB Monetary Policy Assessment;;;;;;
2012.03.15 05:00:00;EUR;2;ECB Monthly Bulletin;;;;;;
2012.03.15 06:00:00;EUR;1;Final Employment Change q/q;-0.1%;-0.2%;-0.2%;;-0.2%;
2012.03.15 06:37:00;GBP;1;30-y Bond Auction;3.29|2.0;;3.43|1.7;;;
2012.03.15 07:30:00;GBP;2;MPC Member Broadbent Speaks;;;;;;
2012.03.15 08:30:00;USD;3;PPI m/m;0.1%;0.5%;0.4%;;;
2012.03.15 08:30:00;USD;3;Unemployment Claims;362K;357K;351K;;365K;
2012.03.15 08:30:00;USD;2;Core PPI m/m;0.4%;0.2%;0.2%;;;
2012.03.15 08:30:00;USD;2;Empire State Manufacturing Index;19.5;17.6;20.2;;;
2012.03.15 09:00:00;USD;3;TIC Long-Term Purchases;17.9B;38.9B;101.0B;;19.1B;
2012.03.15 10:00:00;USD;3;Philly Fed Manufacturing Index;10.2;11.9;12.5;;;
2012.03.15 10:30:00;USD;1;Natural Gas Storage;-80B;-58B;-64B;;;
2012.03.15 19:50:00;JPY;2;Monetary Policy Meeting Minutes;;;;;;
2012.03.16 05:00:00;EUR;1;Italian Trade Balance;1.45B;1.62B;-4.35B;;1.15B;
2012.03.16 06:00:00;EUR;1;Trade Balance;7.5B;6.2B;5.9B;;7.4B;
2012.03.16 08:30:00;CAD;2;Foreign Securities Purchases;7.38B;6.27B;-4.19B;;8.17B;
2012.03.16 08:30:00;CAD;2;Manufacturing Sales m/m;0.6%;0.4%;-0.9%;;;
2012.03.16 08:30:00;USD;3;Core CPI m/m;0.2%;0.2%;0.1%;;;
2012.03.16 08:30:00;USD;3;CPI y/y;2.9%;2.8%;2.9%;;;
2012.03.16 08:30:00;USD;2;CPI m/m;0.2%;0.4%;0.4%;;;
2012.03.16 09:15:00;USD;2;Capacity Utilization Rate;78.5%;78.9%;78.7%;;78.8%;
2012.03.16 09:15:00;USD;2;Industrial Production m/m;0.0%;0.4%;0.0%;;0.4%;
2012.03.16 09:55:00;USD;3;Prelim UoM Consumer Sentiment;72.5;75.8;74.3;;75.3;
2012.03.16 09:55:00;USD;1;Prelim UoM Inflation Expectations;3.2%;;4.0%;;3.3%;
2012.03.18 17:00:00;NZD;1;Westpac Consumer Sentiment;101.3;;102.4;;;
2012.03.18 17:30:00;NZD;1;BusinessNZ Services Index;53.6;;55.5;;54.1;
2012.03.18 19:48:00;GBP;2;Rightmove HPI m/m;4.1%;;1.6%;;;
2012.03.18 21:00:00;AUD;3;RBA Gov Stevens Speaks;;;;;;
2012.03.19 05:00:00;EUR;2;Current Account;2.0B;3.3B;4.5B;;3.4B;
2012.03.19 07:00:00;EUR;1;German Buba Monthly Report;;;;;;
2012.03.19 08:30:00;CAD;2;Wholesale Sales m/m;0.9%;0.4%;-1.0%;;1.0%;
2012.03.19 08:35:00;USD;2;FOMC Member Dudley Speaks;;;;;;
2012.03.19 10:00:00;USD;1;NAHB Housing Market Index;29;30;28;;28;
2012.03.19 13:40:00;USD;1;FOMC Member Dudley Speaks;;;;;;
2012.03.19 19:00:00;AUD;2;CB Leading Index m/m;0.2%;;1.1%;;-0.3%;
2012.03.19 00:00:00;JPY;0;Bank Holiday (All Day);;;;;;
2012.03.19 20:30:00;AUD;3;Monetary Policy Meeting Minutes;;;;;;
2012.03.19 23:30:00;AUD;2;RBA Assist Gov Edey Speaks;;;;;;
2012.03.20 03:00:00;EUR;2;German PPI m/m;0.6%;0.5%;0.4%;;;
2012.03.20 04:15:00;CHF;2;Industrial Production q/q;-1.4%;0.4%;7.9%;;-2.0%;
2012.03.20 05:30:00;GBP;3;CPI y/y;3.6%;3.4%;3.4%;;;
2012.03.20 05:30:00;GBP;2;RPI y/y;3.9%;3.4%;3.7%;;;
2012.03.20 05:30:00;GBP;1;Core CPI y/y;2.6%;2.4%;2.4%;;;
2012.03.20 06:30:00;EUR;2;German Buba President Weidmann Speaks;;;;;;
2012.03.20 07:00:00;GBP;2;CBI Industrial Order Expectations;-3;-5;-8;;;
2012.03.20 08:30:00;USD;3;Building Permits;0.68M;0.69M;0.72M;;;
2012.03.20 08:30:00;USD;2;Housing Starts;0.70M;0.70M;0.70M;;0.71M;
2012.03.20 09:30:00;NZD;1;GDT Price Index;-0.4%;;-5.1%;;;
2012.03.20 10:00:00;USD;2;Treasury Sec Geithner Speaks;;;;;;
2012.03.20 12:45:00;USD;2;Fed Chairman Bernanke Speaks;;;;;;
2012.03.20 17:45:00;NZD;3;Current Account;-4.60B;-2.77B;-2.76B;;-4.75B;
2012.03.20 17:47:00;NZD;1;Visitor Arrivals m/m;-2.3%;;-4.9%;;-3.3%;
2012.03.20 19:30:00;AUD;2;MI Leading Index m/m;0.5%;;0.6%;;0.7%;
2012.03.20 22:00:00;NZD;1;Credit Card Spending y/y;3.1%;;4.0%;;;
2012.03.21 00:30:00;JPY;1;All Industries Activity m/m;1.3%;-0.5%;-1.0%;;1.6%;
2012.03.21 05:30:00;GBP;3;MPC Asset Purchase Facility Votes;2-0-7;2-0-7;2-0-7;;;
2012.03.21 05:30:00;GBP;3;MPC Official Bank Rate Votes;0-0-9;0-0-9;0-0-9;;;
2012.03.21 05:30:00;GBP;3;Public Sector Net Borrowing;-10.7B;5.2B;12.9B;;-10.2B;
2012.03.21 08:30:00;CAD;2;Leading Index m/m;0.7%;0.5%;0.6%;;0.4%;
2012.03.21 08:30:00;GBP;3;Annual Budget Release;;;;;;
2012.03.21 09:30:00;USD;3;Fed Chairman Bernanke Testifies;;;;;;
2012.03.21 10:00:00;USD;3;Existing Home Sales;4.57M;4.61M;4.59M;;4.63M;
2012.03.21 10:30:00;USD;2;Crude Oil Inventories;1.8M;2.4M;-1.2M;;;
2012.03.21 17:45:00;NZD;3;GDP q/q;0.8%;0.6%;0.3%;;0.7%;
2012.03.21 18:10:00;AUD;2;RBA Deputy Gov Debelle Speaks;;;;;;
2012.03.21 19:50:00;JPY;2;Trade Balance;-0.61T;-0.34T;-0.31T;;-0.49T;
2012.03.21 22:30:00;CNY;3;Caixin Flash Manufacturing PMI;49.7;;48.1;;49.6;
2012.03.22 03:00:00;CHF;2;Trade Balance;1.55B;1.97B;2.68B;;1.50B;
2012.03.22 04:00:00;EUR;2;French Flash Manufacturing PMI;50.2;50.4;47.6;;50.0;
2012.03.22 04:00:00;EUR;2;French Flash Services PMI;50.3;50.6;50.0;;50.0;
2012.03.22 04:30:00;EUR;2;German Flash Manufacturing PMI;50.1;51.1;48.1;;50.2;
2012.03.22 04:30:00;EUR;2;German Flash Services PMI;52.6;53.1;51.8;;52.8;
2012.03.22 05:00:00;EUR;2;Flash Manufacturing PMI;49.0;49.6;47.7;;;
2012.03.22 05:00:00;EUR;2;Flash Services PMI;49.4;49.3;48.7;;48.8;
2012.03.22 05:30:00;GBP;3;Retail Sales m/m;0.9%;-0.5%;-0.8%;;0.3%;
2012.03.22 06:07:00;EUR;2;Industrial New Orders m/m;1.9%;-2.0%;-2.3%;;3.5%;
2012.03.22 08:30:00;CAD;3;Core Retail Sales m/m;0.0%;0.5%;-0.5%;;0.3%;
2012.03.22 08:30:00;CAD;2;Retail Sales m/m;-0.2%;1.8%;0.5%;;0.0%;
2012.03.22 08:30:00;USD;3;Unemployment Claims;351K;353K;348K;;353K;
2012.03.22 10:00:00;EUR;2;Belgian NBB Business Climate;-7.7;-6.6;-9.6;;;
2012.03.22 10:00:00;USD;1;CB Leading Index m/m;0.4%;0.6%;0.7%;;0.2%;
2012.03.22 10:00:00;USD;1;FOMC Member Tarullo Speaks;;;;;;
2012.03.22 10:00:00;USD;1;HPI m/m;0.7%;0.2%;0.0%;;0.1%;
2012.03.22 10:30:00;USD;1;Natural Gas Storage;-64B;10B;11B;;;
2012.03.22 11:00:00;EUR;1;Consumer Confidence;-20;-20;-19;;;
2012.03.22 12:00:00;EUR;3;ECB President Draghi Speaks;;;;;;
2012.03.22 12:45:00;USD;2;Fed Chairman Bernanke Speaks;;;;;;
2012.03.22 13:00:00;CHF;2;Gov Board Member Danthine Speaks;;;;;;
2012.03.22 19:30:00;USD;1;FOMC Member Dudley Speaks;;;;;;
2012.03.22 20:01:00;GBP;2;Nationwide Consumer Confidence;47;49;44;;;
2012.03.22 22:00:00;CNY;1;CB Leading Index m/m;1.6%;;0.8%;;1.5%;
2012.03.23 04:30:00;CHF;1;SNB Quarterly Bulletin;;;;;;
2012.03.23 05:00:00;EUR;1;Italian Retail Sales m/m;-1.1%;0.2%;0.7%;;-0.8%;
2012.03.23 05:30:00;GBP;2;High Street Lending;38.1K;39.1K;33.1K;;38.0K;
2012.03.23 05:30:00;GBP;1;FPC Statement;;;;;;
2012.03.23 07:00:00;CAD;3;Core CPI m/m;0.2%;0.3%;0.4%;;;
2012.03.23 07:00:00;CAD;2;CPI m/m;0.4%;0.4%;0.4%;;;
2012.03.23 10:00:00;USD;3;New Home Sales;321K;326K;313K;;318K;
2012.03.23 13:45:00;USD;2;Fed Chairman Bernanke Speaks;;;;;;
2012.03.23 14:30:00;USD;2;FOMC Member Lockhart Speaks;;;;;;
2012.03.24 08:30:00;GBP;2;MPC Member Tucker Speaks;;;;;;
2012.03.24 16:30:00;USD;2;FOMC Member Yellen Speaks;;;;;;
2012.03.24 21:00:00;CHF;0;Daylight Saving Time Shift;;;;;;
2012.03.24 21:00:00;EUR;0;Daylight Saving Time Shift;;;;;;
2012.03.24 21:00:00;GBP;0;Daylight Saving Time Shift;;;;;;
2012.03.25 17:45:00;NZD;2;Trade Balance;-199M;154M;161M;;-159M;
2012.03.26 04:00:00;EUR;3;German ifo Business Climate;109.6;109.7;109.8;;109.7;
2012.03.26 08:00:00;USD;3;Fed Chairman Bernanke Speaks;;;;;;
2012.03.26 10:00:00;USD;3;Pending Home Sales m/m;2.0%;1.0%;-0.5%;;;
2012.03.26 12:00:00;EUR;2;ECB President Draghi Speaks;;;;;;
2012.03.26 13:00:00;CAD;2;BOC Gov Carney Speaks;;;;;;
2012.03.26 16:45:00;GBP;2;MPC Member Miles Speaks;;;;;;
2012.03.26 18:15:00;AUD;2;RBA Deputy Gov Debelle Speaks;;;;;;
2012.03.26 19:01:00;GBP;1;BOE Quarterly Bulletin;;;;;;
2012.03.26 19:50:00;JPY;1;SPPI y/y;-0.2%;-0.3%;-0.6%;;-0.4%;
2012.03.27 02:00:00;CHF;1;UBS Consumption Indicator;0.92;;0.87;;0.93;
2012.03.27 02:00:00;EUR;2;German GfK Consumer Climate;6.0;6.2;5.9;;;
2012.03.27 02:00:00;EUR;1;German Import Prices m/m;1.3%;0.9%;1.0%;;;
2012.03.27 06:00:00;GBP;2;CBI Realized Sales;-2;-4;0;;;
2012.03.27 09:00:00;USD;2;S&P/CS Composite-20 HPI y/y;-4.0%;-3.8%;-3.8%;;-4.1%;
2012.03.27 09:59:00;USD;1;Richmond Manufacturing Index;20;18;7;;;
2012.03.27 10:00:00;USD;3;CB Consumer Confidence;70.8;70.3;70.2;;71.6;
2012.03.27 10:00:00;USD;1;FOMC Member Dudley Speaks;;;;;;
2012.03.27 10:30:00;GBP;3;BOE Gov King Speaks;;;;;;
2012.03.27 12:45:00;USD;2;Fed Chairman Bernanke Speaks;;;;;;
2012.03.27 13:00:00;GBP;2;MPC Member Posen Speaks;;;;;;
2012.03.27 15:45:00;USD;1;FOMC Member Duke Speaks;;;;;;
2012.03.27 20:30:00;AUD;2;RBA Financial Stability Review;;;;;;
2012.03.28 00:00:00;EUR;2;German Prelim CPI m/m (All Day);0.7%;0.3%;0.3%;;;
2012.03.28 04:00:00;EUR;2;M3 Money Supply y/y;2.5%;2.5%;2.8%;;;
2012.03.28 04:00:00;EUR;1;Private Loans y/y;1.1%;1.3%;0.7%;;;
2012.03.28 04:30:00;GBP;3;Current Account;-15.2B;-8.5B;-8.5B;;-10.5B;
2012.03.28 04:30:00;GBP;2;Final GDP q/q;-0.2%;-0.2%;-0.3%;;;
2012.03.28 04:30:00;GBP;1;FPC Meeting Minutes;;;;;;
2012.03.28 04:30:00;GBP;1;Revised Business Investment q/q;-5.6%;-5.4%;-3.3%;;;
2012.03.28 08:00:00;EUR;2;German Buba President Weidmann Speaks;;;;;;
2012.03.28 08:30:00;USD;3;Core Durable Goods Orders m/m;-3.2%;1.6%;1.6%;;-3.0%;
2012.03.28 08:30:00;USD;2;Durable Goods Orders m/m;-4.0%;3.0%;2.2%;;-3.6%;
2012.03.28 10:30:00;USD;2;Crude Oil Inventories;-1.2M;2.8M;7.1M;;;
2012.03.28 19:50:00;JPY;2;Retail Sales y/y;1.9%;1.4%;3.5%;;1.8%;
2012.03.28 20:00:00;NZD;3;ANZ Business Confidence;28.0;;33.8;;;
2012.03.29 02:00:00;GBP;2;Nationwide HPI m/m;0.6%;0.3%;-1.0%;;0.4%;
2012.03.29 03:00:00;EUR;1;Spanish Flash CPI y/y;2.0%;1.9%;1.9%;;;
2012.03.29 03:55:00;EUR;2;German Unemployment Change;0K;-10K;-18K;;-3K;
2012.03.29 04:10:00;GBP;2;MPC Member Fisher Speaks;;;;;;
2012.03.29 04:30:00;GBP;2;BOE Credit Conditions Survey;;;;;;
2012.03.29 04:30:00;GBP;1;Index of Services 3m/3m;0.0%;0.2%;0.3%;;-0.1%;
2012.03.29 04:30:00;GBP;1;M4 Money Supply m/m;1.6%;1.2%;-1.9%;;1.5%;
2012.03.29 04:30:00;GBP;1;Mortgage Approvals;59K;59K;49K;;58K;
2012.03.29 04:32:00;GBP;2;Net Lending to Individuals m/m;1.8B;1.5B;1.6B;;;
2012.03.29 05:00:00;EUR;1;Retail PMI;47.9;;49.1;;;
2012.03.29 05:18:00;EUR;3;Italian 10-y Bond Auction;5.50|1.4;;5.24|1.7;;;
2012.03.29 08:30:00;CAD;2;RMPI m/m;0.1%;0.4%;-0.5%;;0.2%;
2012.03.29 08:30:00;CAD;1;IPPI m/m;0.3%;0.5%;0.2%;;0.4%;
2012.03.29 08:30:00;USD;3;Unemployment Claims;348K;351K;359K;;364K;
2012.03.29 08:30:00;USD;2;Final GDP q/q;3.0%;3.0%;3.0%;;;
2012.03.29 08:30:00;USD;1;Final GDP Price Index q/q;0.9%;0.9%;0.9%;;;
2012.03.29 00:00:00;All;2;BRICS Summit (All Day);;;;;;
2012.03.29 10:30:00;USD;1;Natural Gas Storage;11B;49B;57B;;;
2012.03.29 12:15:00;USD;2;FOMC Member Lockhart Speaks;;;;;;
2012.03.29 12:45:00;USD;2;Fed Chairman Bernanke Speaks;;;;;;
2012.03.29 16:00:00;CAD;2;Annual Budget Release;;;;;;
2012.03.29 17:45:00;NZD;2;Building Consents m/m;8.3%;;-6.7%;;8.1%;
2012.03.29 18:45:00;USD;2;FOMC Member Lacker Speaks;;;;;;
2012.03.29 19:01:00;GBP;2;GfK Consumer Confidence;-29;-29;-31;;;
2012.03.29 19:15:00;JPY;1;Final Manufacturing PMI;50.5;;51.1;;;
2012.03.29 19:30:00;JPY;2;Household Spending y/y;-2.3%;-0.3%;2.3%;;;
2012.03.29 19:30:00;JPY;2;Tokyo Core CPI y/y;-0.3%;-0.3%;-0.3%;;;
2012.03.29 19:30:00;JPY;1;National Core CPI y/y;-0.1%;-0.1%;0.1%;;;
2012.03.29 19:30:00;JPY;1;Unemployment Rate;4.6%;4.6%;4.5%;;;
2012.03.29 19:50:00;JPY;2;Prelim Industrial Production m/m;2.0%;1.3%;-1.2%;;1.9%;
2012.03.29 20:00:00;AUD;2;HIA New Home Sales m/m;-7.3%;;3.0%;;;
2012.03.29 20:30:00;AUD;2;Private Sector Credit m/m;0.2%;0.3%;0.4%;;;
2012.03.30 00:00:00;AUD;2;RBA Assist Gov Edey Speaks;;;;;;
2012.03.30 01:00:00;JPY;1;Housing Starts y/y;-1.1%;-1.4%;7.5%;;;
2012.03.30 02:00:00;EUR;2;German Retail Sales m/m;-1.6%;1.3%;-1.1%;;-1.2%;
2012.03.30 02:45:00;EUR;2;French Consumer Spending m/m;-0.4%;0.2%;3.0%;;;
2012.03.30 03:00:00;CHF;2;KOF Economic Barometer;-0.12;0.06;0.08;;-0.11;
2012.03.30 05:00:00;EUR;2;CPI Flash Estimate y/y;2.7%;2.5%;2.6%;;;
2012.03.30 05:00:00;EUR;1;Italian Prelim CPI m/m;0.4%;0.2%;0.5%;;;
2012.03.30 00:00:00;EUR;2;ECOFIN Meetings (Day 1);;;;;;
2012.03.30 08:30:00;CAD;3;GDP m/m;0.4%;0.1%;0.1%;;0.5%;
2012.03.30 08:30:00;USD;2;Core PCE Price Index m/m;0.2%;0.1%;0.1%;;;
2012.03.30 08:30:00;USD;2;Personal Spending m/m;0.2%;0.6%;0.8%;;0.4%;
2012.03.30 08:30:00;USD;1;Personal Income m/m;0.3%;0.4%;0.2%;;0.2%;
2012.03.30 09:45:00;USD;2;Chicago PMI;64.0;63.2;62.2;;;
2012.03.30 09:55:00;USD;2;Revised UoM Consumer Sentiment;74.3;74.9;76.2;;;
2012.03.30 09:55:00;USD;1;Revised UoM Inflation Expectations;4.0%;;3.9%;;;
2012.03.31 00:00:00;EUR;2;ECOFIN Meetings (Day 2);;;;;;
2012.03.31 10:00:00;NZD;0;Daylight Saving Time Shift;;;;;;
2012.03.31 12:00:00;AUD;0;Daylight Saving Time Shift;;;;;;
2012.03.31 21:00:00;CNY;3;Manufacturing PMI;51.0;50.9;53.1;;;
2012.03.31 22:30:00;CNY;2;Caixin Manufacturing PMI;48.1;;48.3;;;
