2013.05.01 02:00:00;GBP;2;Nationwide HPI m/m;0.0%;0.3%;-0.1%;;;
2013.05.01 00:00:00;CHF;0;Bank Holiday (All Day);;;;;;
2013.05.01 00:00:00;EUR;0;German Bank Holiday (All Day);;;;;;
2013.05.01 00:00:00;EUR;0;French Bank Holiday (All Day);;;;;;
2013.05.01 00:00:00;EUR;0;Italian Bank Holiday (All Day);;;;;;
2013.05.01 02:30:00;AUD;1;Commodity Prices y/y;-7.5%;;-6.5%;;;
2013.05.01 04:30:00;GBP;3;Final Manufacturing PMI;48.3;48.6;49.8;;48.6;
2013.05.01 08:15:00;USD;3;ADP Non-Farm Employment Change;158K;154K;119K;;131K;
2013.05.01 09:00:00;USD;1;Final Manufacturing PMI;52.0;52.1;52.1;;;
2013.05.01 09:30:00;CAD;1;Manufacturing PMI;49.3;;50.1;;;
2013.05.01 10:00:00;USD;3;ISM Manufacturing PMI;51.3;51.0;50.7;;;
2013.05.01 10:00:00;USD;1;Construction Spending m/m;1.2%;0.7%;-1.7%;;1.5%;
2013.05.01 10:00:00;USD;1;ISM Manufacturing Prices;54.5;52.6;50.0;;;
2013.05.01 10:30:00;NZD;1;GDT Price Index;1.6%;;-8.6%;;;
2013.05.01 10:30:00;USD;2;Crude Oil Inventories;0.9M;1.2M;6.7M;;;
2013.05.01 00:00:00;USD;1;Total Vehicle Sales (All Day);15.3M;15.2M;14.9M;;;
2013.05.01 14:00:00;GBP;2;MPC Member Broadbent Speaks;;;;;;
2013.05.01 14:00:00;USD;3;FOMC Statement;;;;;;
2013.05.01 14:00:00;USD;2;Federal Funds Rate;<0.25%;<0.25%;<0.25%;;;
2013.05.01 18:05:00;CAD;2;BOC Gov Carney Speaks;;;;;;
2013.05.01 19:50:00;JPY;3;Monetary Policy Meeting Minutes;;;;;;
2013.05.01 19:50:00;JPY;2;Monetary Base y/y;19.8%;21.0%;23.1%;;;
2013.05.01 21:00:00;NZD;1;ANZ Commodity Prices m/m;7.4%;;12.6%;;;
2013.05.01 21:30:00;AUD;3;Building Approvals m/m;3.1%;1.2%;-5.5%;;3.0%;
2013.05.01 21:30:00;AUD;2;Import Prices q/q;0.3%;-0.5%;0.0%;;;
2013.05.01 21:45:00;CNY;2;Caixin Manufacturing PMI;50.5;50.6;50.4;;;
2013.05.02 03:15:00;EUR;3;Spanish Manufacturing PMI;44.2;44.6;44.7;;;
2013.05.02 03:30:00;CHF;2;Manufacturing PMI;48.3;49.1;50.2;;;
2013.05.02 03:45:00;EUR;2;Italian Manufacturing PMI;44.5;44.9;45.5;;;
2013.05.02 03:50:00;EUR;1;French Final Manufacturing PMI;44.4;44.4;44.4;;;
2013.05.02 03:55:00;EUR;1;German Final Manufacturing PMI;47.9;47.9;48.1;;;
2013.05.02 04:00:00;EUR;1;Final Manufacturing PMI;46.5;46.5;46.7;;;
2013.05.02 04:30:00;GBP;3;Construction PMI;47.2;48.1;49.4;;;
2013.05.02 05:00:00;EUR;2;French 10-y Bond Auction;1.94|3.1;;1.81|2.0;;;
2013.05.02 07:30:00;USD;1;Challenger Job Cuts y/y;30.0%;;-6.0%;;;
2013.05.02 07:45:00;EUR;3;Main Refinancing Rate;0.75%;0.50%;0.50%;;;
2013.05.02 08:30:00;CAD;3;Trade Balance;-1.0B;-0.7B;0.0B;;-1.2B;
2013.05.02 08:30:00;EUR;3;ECB Press Conference;;;;;;
2013.05.02 08:30:00;USD;3;Trade Balance;-43.0B;-42.1B;-38.8B;;-43.6B;
2013.05.02 08:30:00;USD;3;Unemployment Claims;339K;346K;324K;;342K;
2013.05.02 08:30:00;USD;2;Prelim Nonfarm Productivity q/q;-2.0%;1.8%;0.7%;;-1.9%;
2013.05.02 08:30:00;USD;2;Prelim Unit Labor Costs q/q;4.5%;0.8%;0.5%;;4.6%;
2013.05.02 10:30:00;USD;1;Natural Gas Storage;30B;27B;43B;;;
2013.05.02 19:30:00;AUD;1;AIG Services Index;49.6;;44.1;;;
2013.05.02 00:00:00;JPY;0;Bank Holiday (All Day);;;;;;
2013.05.02 21:00:00;CNY;1;Non-Manufacturing PMI;55.6;;54.5;;;
2013.05.02 21:30:00;AUD;3;PPI q/q;0.2%;0.2%;0.3%;;;
2013.05.03 04:30:00;GBP;3;Final Services PMI;52.4;52.5;52.9;;;
2013.05.03 05:00:00;EUR;2;EU Economic Forecasts;;;;;;
2013.05.03 05:00:00;EUR;1;PPI m/m;0.2%;-0.1%;-0.2%;;;
2013.05.03 08:30:00;USD;3;Non-Farm Employment Change;88K;146K;165K;;138K;
2013.05.03 08:30:00;USD;3;Unemployment Rate;7.6%;7.6%;7.5%;;;
2013.05.03 08:30:00;USD;2;Average Hourly Earnings m/m;0.0%;0.2%;0.2%;;;
2013.05.03 10:00:00;USD;3;ISM Services PMI;54.4;54.1;53.1;;;
2013.05.03 10:00:00;USD;2;Factory Orders m/m;3.0%;-2.8%;-4.0%;;1.9%;
2013.05.03 12:30:00;USD;1;FOMC Member Tarullo Speaks;;;;;;
2013.05.03 13:05:00;CAD;2;BOC Gov Carney Speaks;;;;;;
2013.05.05 00:00:00;JPY;0;Bank Holiday (All Day);;;;;;
2013.05.05 20:30:00;AUD;1;MI Inflation Gauge m/m;0.2%;;0.3%;;;
2013.05.05 21:30:00;AUD;3;Retail Sales m/m;1.3%;0.2%;-0.4%;;;
2013.05.05 21:30:00;AUD;2;ANZ Job Advertisements m/m;-1.5%;;-1.3%;;-0.5%;
2013.05.05 21:45:00;CNY;1;Caixin Services PMI;54.3;;51.1;;;
2013.05.06 03:00:00;EUR;2;Spanish Unemployment Change;-5.0K;17.1K;-46.1K;;;
2013.05.06 00:00:00;GBP;0;Bank Holiday (All Day);;;;;;
2013.05.06 03:15:00;EUR;2;Spanish Services PMI;45.3;45.8;44.4;;;
2013.05.06 03:45:00;EUR;2;Italian Services PMI;45.5;46.3;47.0;;;
2013.05.06 03:50:00;EUR;1;French Final Services PMI;44.1;44.1;44.3;;;
2013.05.06 03:55:00;EUR;1;German Final Services PMI;49.2;49.2;49.6;;;
2013.05.06 04:00:00;EUR;1;Final Services PMI;46.6;46.6;47.0;;;
2013.05.06 04:30:00;EUR;1;Sentix Investor Confidence;-17.3;-14.6;-15.6;;;
2013.05.06 05:00:00;EUR;2;Retail Sales m/m;-0.3%;-0.1%;-0.1%;;-0.2%;
2013.05.06 08:30:00;CAD;3;Building Permits m/m;1.7%;0.7%;8.6%;;1.5%;
2013.05.06 09:00:00;EUR;3;ECB President Draghi Speaks;;;;;;
2013.05.06 10:00:00;CAD;3;Ivey PMI;61.6;58.3;52.2;;;
2013.05.06 14:00:00;USD;1;Loan Officer Survey;;;;;;
2013.05.06 18:45:00;NZD;2;Labor Cost Index q/q;0.5%;0.5%;0.4%;;;
2013.05.06 19:00:00;GBP;1;BRC Shop Price Index y/y;1.4%;;0.4%;;;
2013.05.06 19:28:00;AUD;1;AIG Construction Index;39.0;;35.2;;;
2013.05.06 21:30:00;AUD;3;Goods Trade Balance;-0.18B;0.20B;0.31B;;-0.11B;
2013.05.06 21:30:00;AUD;2;HPI q/q;1.6%;1.9%;0.1%;;2.0%;
2013.05.07 00:30:00;AUD;3;Cash Rate;3.00%;3.00%;2.75%;;;
2013.05.07 00:30:00;AUD;3;RBA Rate Statement;;;;;;
2013.05.07 01:45:00;CHF;2;SECO Consumer Climate;-6;-3;-5;;;
2013.05.07 01:45:00;CHF;1;Unemployment Rate;3.1%;3.1%;3.1%;;;
2013.05.07 02:45:00;EUR;2;French Industrial Production m/m;0.7%;-0.2%;-0.9%;;0.8%;
2013.05.07 02:45:00;EUR;1;French Gov Budget Balance;-27.1B;;-31.0B;;;
2013.05.07 02:45:00;EUR;1;French Trade Balance;-6.0B;-5.3B;-4.7B;;-5.6B;
2013.05.07 03:00:00;CHF;3;Foreign Currency Reserves;438B;;437B;;;
2013.05.07 06:00:00;EUR;2;German Factory Orders m/m;2.3%;-0.4%;2.2%;;2.2%;
2013.05.07 10:00:00;USD;2;JOLTS Job Openings;3.93M;3.79M;3.84M;;3.90M;
2013.05.07 10:00:00;USD;1;RCM/TIPP Economic Optimism;46.2;47.1;45.1;;;
2013.05.07 15:00:00;USD;1;Consumer Credit m/m;18.1B;16.2B;8.0B;;18.6B;
2013.05.07 16:00:00;USD;2;Treasury Sec Lew Speaks;;;;;;
2013.05.07 17:00:00;NZD;3;RBNZ Financial Stability Report;;;;;;
2013.05.07 19:00:00;GBP;2;BRC Retail Sales Monitor y/y;1.9%;;-2.2%;;;
2013.05.07 21:49:00;CNY;3;USD-Denominated Trade Balance;-0.9B;15.5B;18.2B;;;
2013.05.08 00:00:00;EUR;0;French Bank Holiday (All Day);;;;;;
2013.05.08 03:00:00;GBP;2;Halifax HPI m/m;0.2%;0.2%;1.1%;;0.4%;
2013.05.08 03:15:00;CHF;3;CPI m/m;0.2%;0.1%;0.0%;;;
2013.05.08 06:00:00;EUR;2;German Industrial Production m/m;0.5%;-0.1%;1.2%;;0.6%;
2013.05.08 08:14:00;CAD;1;Housing Starts;184K;175K;175K;;181K;
2013.05.08 08:30:00;USD;2;FOMC Member Stein Speaks;;;;;;
2013.05.08 10:30:00;USD;2;Crude Oil Inventories;6.7M;2.1M;0.2M;;;
2013.05.08 13:00:00;USD;2;10-y Bond Auction;1.80|2.8;;1.81|2.7;;;
2013.05.08 15:00:00;USD;2;Treasury Sec Lew Speaks;;;;;;
2013.05.08 18:45:00;NZD;3;Employment Change q/q;-1.0%;1.1%;1.7%;;-0.9%;
2013.05.08 18:45:00;NZD;3;Unemployment Rate;6.9%;6.8%;6.2%;;6.8%;
2013.05.08 21:30:00;AUD;3;Employment Change;-36.1K;11.5K;50.1K;;-31.1K;
2013.05.08 21:30:00;AUD;3;Unemployment Rate;5.6%;5.6%;5.5%;;;
2013.05.08 21:30:00;CNY;3;CPI y/y;2.1%;2.3%;2.4%;;;
2013.05.08 21:30:00;CNY;2;PPI y/y;-1.9%;-2.2%;-2.6%;;;
2013.05.09 01:00:00;JPY;1;Leading Indicators;97.5%;97.7%;97.6%;;97.6%;
2013.05.09 00:00:00;CHF;0;Bank Holiday (All Day);;;;;;
2013.05.09 00:00:00;EUR;0;German Bank Holiday (All Day);;;;;;
2013.05.09 00:00:00;EUR;0;French Bank Holiday (All Day);;;;;;
2013.05.09 04:00:00;EUR;2;ECB Monthly Bulletin;;;;;;
2013.05.09 04:30:00;GBP;3;Manufacturing Production m/m;0.8%;0.4%;1.1%;;0.7%;
2013.05.09 04:30:00;GBP;1;Industrial Production m/m;1.0%;0.3%;0.7%;;0.9%;
2013.05.09 07:00:00;GBP;3;Asset Purchase Facility;375B;375B;375B;;;
2013.05.09 07:00:00;GBP;3;Official Bank Rate;0.50%;0.50%;0.50%;;;
2013.05.09 08:30:00;CAD;2;NHPI m/m;0.2%;0.1%;0.1%;;;
2013.05.09 08:30:00;USD;3;Unemployment Claims;324K;333K;323K;;327K;
2013.05.09 10:00:00;GBP;2;NIESR GDP Estimate;0.1%;;0.8%;;0.3%;
2013.05.09 10:00:00;USD;2;Mortgage Delinquencies;7.09%;;7.25%;;;
2013.05.09 10:00:00;USD;1;Final Wholesale Inventories m/m;-0.3%;0.3%;0.4%;;;
2013.05.09 10:30:00;USD;1;Natural Gas Storage;43B;80B;88B;;;
2013.05.09 13:00:00;USD;1;30-y Bond Auction;3.00|2.5;;2.98|2.5;;;
2013.05.09 19:50:00;JPY;3;Current Account;0.00T;0.48T;0.34T;;-0.03T;
2013.05.09 19:50:00;JPY;1;Bank Lending y/y;1.6%;;1.7%;;1.5%;
2013.05.09 21:30:00;AUD;3;RBA Monetary Policy Statement;;;;;;
2013.05.10 01:00:00;JPY;1;Economy Watchers Sentiment;57.3;59.2;56.5;;;
2013.05.10 02:00:00;EUR;2;German Trade Balance;17.1B;18.0B;17.6B;;17.7B;
2013.05.10 04:00:00;EUR;1;Italian Industrial Production m/m;-0.8%;-0.2%;-0.8%;;-0.9%;
2013.05.10 04:05:00;CNY;2;New Loans;1060B;770B;793B;;;
2013.05.10 04:05:00;CNY;1;M2 Money Supply y/y;15.7%;15.5%;16.1%;;;
2013.05.10 04:30:00;GBP;2;Goods Trade Balance;-9.4B;-8.9B;-9.1B;;-9.2B;
2013.05.10 00:00:00;All;3;G7 Meetings (Day 1);;;;;;
2013.05.10 08:25:00;USD;2;FOMC Member Evans Speaks;;;;;;
2013.05.10 08:30:00;CAD;3;Employment Change;-54.5K;14.8K;12.5K;;;
2013.05.10 08:30:00;CAD;3;Unemployment Rate;7.2%;7.2%;7.2%;;;
2013.05.10 09:30:00;USD;3;Fed Chairman Bernanke Speaks;;;;;;
2013.05.10 13:59:00;USD;2;Federal Budget Balance;-106.5B;108.3B;112.9B;;;
2013.05.10 14:00:00;USD;2;FOMC Member George Speaks;;;;;;
2013.05.11 00:00:00;All;3;G7 Meetings (Day 2);;;;;;
2013.05.12 18:14:00;NZD;2;REINZ HPI m/m;2.4%;;0.8%;;;
2013.05.12 18:45:00;NZD;1;FPI m/m;-1.3%;;0.2%;;;
2013.05.12 19:50:00;JPY;1;M2 Money Stock y/y;3.0%;3.1%;3.3%;;3.1%;
2013.05.12 21:30:00;AUD;2;Home Loans m/m;2.0%;3.8%;5.2%;;2.1%;
2013.05.12 21:30:00;AUD;2;NAB Business Confidence;2;;-2;;;
2013.05.13 01:30:00;CNY;2;Fixed Asset Investment ytd/y;20.9%;21.1%;20.6%;;;
2013.05.13 01:30:00;CNY;2;Industrial Production y/y;8.9%;9.4%;9.3%;;;
2013.05.13 01:30:00;CNY;1;Retail Sales y/y;12.6%;12.8%;12.8%;;;
2013.05.13 03:15:00;CHF;2;Retail Sales y/y;2.4%;1.0%;-0.9%;;2.3%;
2013.05.13 00:00:00;EUR;3;Eurogroup Meetings (All Day);;;;;;
2013.05.13 08:30:00;USD;3;Core Retail Sales m/m;-0.4%;-0.1%;-0.1%;;;
2013.05.13 08:30:00;USD;3;Retail Sales m/m;-0.4%;-0.3%;0.1%;;-0.5%;
2013.05.13 10:00:00;USD;2;Business Inventories m/m;0.1%;0.3%;0.0%;;0.0%;
2013.05.13 18:45:00;NZD;3;Retail Sales q/q;2.1%;0.9%;0.5%;;1.9%;
2013.05.13 18:45:00;NZD;2;Core Retail Sales q/q;1.5%;0.7%;0.6%;;1.2%;
2013.05.13 19:01:00;GBP;1;RICS House Price Balance;-1%;2%;1%;;-2%;
2013.05.13 19:50:00;JPY;1;PPI y/y;-0.5%;-0.2%;0.0%;;;
2013.05.13 23:45:00;JPY;1;30-y Bond Auction;1.49|3.6;;1.78|3.6;;;
2013.05.14 02:00:00;EUR;1;German Final CPI m/m;-0.5%;-0.5%;-0.5%;;;
2013.05.14 02:00:00;EUR;1;German WPI m/m;-0.2%;-0.3%;-0.2%;;;
2013.05.14 02:00:00;JPY;1;Prelim Machine Tool Orders y/y;-21.6%;;-24.1%;;-21.5%;
2013.05.14 05:00:00;EUR;3;German ZEW Economic Sentiment;36.3;39.5;36.4;;;
2013.05.14 05:00:00;EUR;2;Industrial Production m/m;0.4%;0.6%;1.0%;;0.3%;
2013.05.14 05:00:00;EUR;2;ZEW Economic Sentiment;24.9;27.3;27.6;;;
2013.05.14 05:00:00;GBP;1;CB Leading Index m/m;0.4%;;0.4%;;;
2013.05.14 00:00:00;EUR;2;ECOFIN Meetings (All Day);;;;;;
2013.05.14 05:30:00;AUD;3;Annual Budget Release;;;;;;
2013.05.14 07:30:00;USD;1;NFIB Small Business Index;89.5;89.9;92.1;;;
2013.05.14 08:30:00;USD;2;Import Prices m/m;-0.5%;-0.5%;-0.5%;;-0.2%;
2013.05.14 19:50:00;JPY;2;Tertiary Industry Activity m/m;1.1%;-0.6%;-1.3%;;1.2%;
2013.05.14 21:30:00;AUD;2;New Motor Vehicle Sales m/m;-0.6%;;-1.6%;;-0.5%;
2013.05.14 21:30:00;AUD;2;Wage Price Index q/q;0.8%;0.8%;0.7%;;;
2013.05.15 01:00:00;JPY;1;Consumer Confidence;44.8;45.8;44.5;;;
2013.05.15 01:30:00;EUR;2;French Prelim GDP q/q;-0.3%;-0.1%;-0.2%;;-0.2%;
2013.05.15 02:00:00;EUR;3;German Prelim GDP q/q;-0.6%;0.3%;0.1%;;-0.7%;
2013.05.15 02:45:00;EUR;1;French Final CPI m/m;0.8%;0.1%;-0.1%;;;
2013.05.15 03:15:00;CHF;2;PPI m/m;0.0%;-0.2%;0.2%;;;
2013.05.15 04:00:00;EUR;2;Italian Prelim GDP q/q;-0.9%;-0.4%;-0.5%;;;
2013.05.15 04:30:00;GBP;3;Claimant Count Change;-7.0K;-3.1K;-7.3K;;-9.9K;
2013.05.15 04:30:00;GBP;2;Average Earnings Index 3m/y;0.8%;0.7%;0.4%;;1.0%;
2013.05.15 04:30:00;GBP;2;Unemployment Rate;7.9%;7.9%;7.8%;;;
2013.05.15 05:00:00;CHF;2;Credit Suisse Economic Expectations;20.0;;2.2;;;
2013.05.15 05:00:00;EUR;3;Flash GDP q/q;-0.6%;-0.1%;-0.2%;;;
2013.05.15 05:30:00;GBP;3;BOE Gov King Speaks;;;;;;
2013.05.15 05:30:00;GBP;3;BOE Monetary Policy Report;;;;;;
2013.05.15 08:30:00;CAD;3;Manufacturing Sales m/m;2.6%;0.6%;-0.3%;;2.8%;
2013.05.15 08:30:00;USD;3;PPI m/m;-0.6%;-0.6%;-0.7%;;;
2013.05.15 08:30:00;USD;2;Core PPI m/m;0.2%;0.1%;0.1%;;;
2013.05.15 08:30:00;USD;2;Empire State Manufacturing Index;3.1;3.6;-1.4;;;
2013.05.15 09:00:00;USD;2;TIC Long-Term Purchases;-17.8B;33.8B;-13.5B;;-13.3B;
2013.05.15 09:15:00;USD;2;Capacity Utilization Rate;78.5%;78.4%;77.8%;;78.3%;
2013.05.15 09:15:00;USD;2;Industrial Production m/m;0.4%;-0.1%;-0.5%;;0.3%;
2013.05.15 10:00:00;USD;1;NAHB Housing Market Index;42;43;44;;41;
2013.05.15 10:30:00;NZD;1;GDT Price Index;-8.6%;;-2.6%;;;
2013.05.15 10:30:00;USD;2;Crude Oil Inventories;0.2M;0.5M;-0.6M;;;
2013.05.15 18:34:00;NZD;2;BusinessNZ Manufacturing Index;53.4;;54.5;;;
2013.05.15 19:50:00;JPY;2;Prelim GDP q/q;-0.1%;0.7%;0.9%;;0.0%;
2013.05.15 19:50:00;JPY;1;Prelim GDP Price Index y/y;-0.6%;-1.0%;-1.2%;;-0.7%;
2013.05.15 22:00:00;CNY;1;Foreign Direct Investment ytd/y;1.4%;;1.2%;;;
2013.05.15 22:00:00;NZD;3;Annual Budget Release;;;;;;
2013.05.16 00:30:00;JPY;1;Revised Industrial Production m/m;0.2%;0.2%;0.9%;;;
2013.05.16 02:45:00;EUR;2;French Prelim Private Payrolls q/q;-0.2%;-0.3%;-0.1%;;-0.3%;
2013.05.16 04:00:00;EUR;1;Italian Trade Balance;1.09B;1.72B;3.24B;;;
2013.05.16 05:00:00;EUR;2;Final CPI y/y;1.2%;1.2%;1.2%;;;
2013.05.16 05:00:00;EUR;1;Final Core CPI y/y;1.0%;1.0%;1.0%;;;
2013.05.16 05:00:00;EUR;1;Trade Balance;12.0B;11.8B;18.7B;;12.7B;
2013.05.16 05:39:00;GBP;1;30-y Bond Auction;3.12|1.7;;3.29|2.0;;;
2013.05.16 07:45:00;USD;2;FOMC Member Rosengren Speaks;;;;;;
2013.05.16 08:30:00;CAD;2;Foreign Securities Purchases;-6.31B;5.36B;1.19B;;-6.28B;
2013.05.16 08:30:00;USD;3;Building Permits;0.90M;0.94M;1.02M;;0.89M;
2013.05.16 08:30:00;USD;3;Core CPI m/m;0.1%;0.2%;0.1%;;;
2013.05.16 08:30:00;USD;3;CPI y/y;1.5%;1.3%;1.1%;;;
2013.05.16 08:30:00;USD;3;Unemployment Claims;323K;332K;360K;;328K;
2013.05.16 08:30:00;USD;2;CPI m/m;-0.2%;-0.3%;-0.4%;;;
2013.05.16 08:30:00;USD;2;Housing Starts;1.04M;0.98M;0.85M;;1.02M;
2013.05.16 10:00:00;USD;3;Philly Fed Manufacturing Index;1.3;2.5;-5.2;;;
2013.05.16 10:30:00;CAD;1;BOC Review;;;;;;
2013.05.16 10:30:00;USD;1;Natural Gas Storage;88B;96B;99B;;;
2013.05.16 12:30:00;USD;2;FOMC Member Raskin Speaks;;;;;;
2013.05.16 18:45:00;NZD;2;PPI Input q/q;-0.3%;0.3%;0.8%;;;
2013.05.16 18:45:00;NZD;1;PPI Output q/q;-0.1%;0.0%;0.8%;;;
2013.05.16 19:50:00;JPY;2;Core Machinery Orders m/m;7.5%;3.1%;14.2%;;;
2013.05.16 22:00:00;CNY;1;CB Leading Index m/m;0.0%;;1.5%;;-0.6%;
2013.05.17 05:30:00;GBP;2;MPC Member Weale Speaks;;;;;;
2013.05.17 08:30:00;CAD;3;Core CPI m/m;0.2%;0.2%;0.1%;;;
2013.05.17 08:30:00;CAD;2;CPI m/m;0.2%;0.0%;-0.2%;;;
2013.05.17 08:30:00;CAD;2;Wholesale Sales m/m;0.0%;0.4%;0.3%;;0.1%;
2013.05.17 09:55:00;USD;3;Prelim UoM Consumer Sentiment;72.3;77.9;83.7;;76.4;
2013.05.17 09:55:00;USD;1;Prelim UoM Inflation Expectations;3.0%;;3.1%;;3.1%;
2013.05.17 10:00:00;USD;1;CB Leading Index m/m;-0.1%;0.3%;0.6%;;-0.2%;
2013.05.18 11:00:00;USD;2;Fed Chairman Bernanke Speaks;;;;;;
2013.05.19 18:30:00;NZD;1;BusinessNZ Services Index;55.0;;56.1;;55.0;
2013.05.19 19:01:00;GBP;1;Rightmove HPI m/m;2.1%;;2.1%;;;
2013.05.20 00:00:00;CHF;0;Bank Holiday (All Day);;;;;;
2013.05.20 00:00:00;EUR;0;German Bank Holiday (All Day);;;;;;
2013.05.20 00:00:00;EUR;0;French Bank Holiday (All Day);;;;;;
2013.05.20 00:00:00;CAD;0;Bank Holiday (All Day);;;;;;
2013.05.20 13:00:00;USD;2;FOMC Member Evans Speaks;;;;;;
2013.05.20 18:45:00;NZD;1;Visitor Arrivals m/m;1.0%;;2.2%;;1.2%;
2013.05.20 20:00:00;AUD;2;CB Leading Index m/m;0.3%;;0.1%;;;
2013.05.20 21:30:00;AUD;3;Monetary Policy Meeting Minutes;;;;;;
2013.05.20 23:00:00;NZD;1;Credit Card Spending y/y;3.6%;;4.0%;;3.7%;
2013.05.20 23:03:00;NZD;2;Inflation Expectations q/q;2.17%;;2.06%;;;
2013.05.21 00:33:00;JPY;1;All Industries Activity m/m;0.6%;-0.3%;-0.3%;;;
2013.05.21 02:00:00;EUR;2;German PPI m/m;-0.2%;-0.1%;-0.2%;;;
2013.05.21 04:30:00;GBP;3;CPI y/y;2.8%;2.6%;2.4%;;;
2013.05.21 04:30:00;GBP;2;PPI Input m/m;-0.1%;-1.2%;-2.3%;;0.1%;
2013.05.21 04:30:00;GBP;2;RPI y/y;3.3%;3.1%;2.9%;;;
2013.05.21 04:30:00;GBP;1;Core CPI y/y;2.4%;2.3%;2.0%;;;
2013.05.21 04:30:00;GBP;1;ONS HPI y/y;1.9%;2.3%;2.7%;;;
2013.05.21 04:30:00;GBP;1;PPI Output m/m;0.3%;0.2%;-0.1%;;0.2%;
2013.05.21 06:00:00;EUR;2;German Buba Monthly Report;;;;;;
2013.05.21 10:00:00;USD;2;Treasury Sec Lew Speaks;;;;;;
2013.05.21 11:30:00;USD;2;FOMC Member Bullard Speaks;;;;;;
2013.05.21 12:45:00;CAD;2;BOC Gov Carney Speaks;;;;;;
2013.05.21 13:00:00;USD;1;FOMC Member Dudley Speaks;;;;;;
2013.05.21 19:50:00;JPY;2;Trade Balance;-0.92T;-0.63T;-0.76T;;;
2013.05.21 20:30:00;AUD;2;Westpac Consumer Sentiment;-5.1%;;-7.0%;;;
2013.05.21 23:07:00;JPY;3;Monetary Policy Statement;;;;;;
2013.05.22 03:24:00;JPY;3;BOJ Press Conference;;;;;;
2013.05.22 04:00:00;EUR;2;Current Account;16.3B;14.2B;25.9B;;14.6B;
2013.05.22 04:30:00;GBP;3;MPC Asset Purchase Facility Votes;3-0-6;3-0-6;3-0-6;;;
2013.05.22 04:30:00;GBP;3;MPC Official Bank Rate Votes;0-0-9;0-0-9;0-0-9;;;
2013.05.22 04:30:00;GBP;3;Retail Sales m/m;-0.7%;0.0%;-1.3%;;-0.6%;
2013.05.22 04:30:00;GBP;2;Public Sector Net Borrowing;16.7B;7.6B;8.0B;;12.6B;
2013.05.22 00:00:00;EUR;2;EU Economic Summit (All Day);;;;;;
2013.05.22 05:33:00;EUR;2;German 10-y Bond Auction;1.28|1.6;;1.41|1.6;;;
2013.05.22 06:00:00;CHF;3;SNB Chairman Jordan Speaks;;;;;;
2013.05.22 06:00:00;GBP;2;CBI Industrial Order Expectations;-25;-18;-20;;;
2013.05.22 07:00:00;GBP;2;MPC Member Bean Speaks;;;;;;
2013.05.22 08:30:00;CAD;3;Core Retail Sales m/m;0.7%;0.2%;-0.2%;;;
2013.05.22 08:30:00;CAD;2;Retail Sales m/m;0.8%;0.2%;0.0%;;0.7%;
2013.05.22 10:00:00;USD;3;Existing Home Sales;4.92M;4.99M;4.97M;;4.94M;
2013.05.22 10:00:00;USD;3;Fed Chairman Bernanke Testifies;;;;;;
2013.05.22 10:00:00;USD;1;Treasury Sec Lew Speaks;;;;;;
2013.05.22 10:30:00;USD;2;Crude Oil Inventories;-0.6M;-0.4M;-0.3M;;;
2013.05.22 14:00:00;USD;3;FOMC Meeting Minutes;;;;;;
2013.05.22 21:00:00;AUD;2;MI Inflation Expectations;2.2%;;2.3%;;;
2013.05.22 21:45:00;CNY;3;Caixin Flash Manufacturing PMI;50.5;50.5;49.6;;50.4;
2013.05.23 01:00:00;JPY;1;BOJ Monthly Report;;;;;;
2013.05.23 03:00:00;EUR;3;French Flash Manufacturing PMI;44.4;44.8;45.5;;;
2013.05.23 03:00:00;EUR;2;French Flash Services PMI;44.1;44.7;44.3;;44.3;
2013.05.23 03:30:00;EUR;3;German Flash Manufacturing PMI;47.9;48.6;49.0;;48.1;
2013.05.23 03:30:00;EUR;2;German Flash Services PMI;49.2;50.2;49.8;;49.6;
2013.05.23 04:00:00;EUR;2;Flash Manufacturing PMI;46.5;47.1;47.8;;46.7;
2013.05.23 04:00:00;EUR;2;Flash Services PMI;46.6;47.4;47.5;;47.0;
2013.05.23 04:00:00;EUR;1;Italian Retail Sales m/m;-0.2%;0.3%;-0.3%;;;
2013.05.23 04:30:00;GBP;3;Second Estimate GDP q/q;0.3%;0.3%;0.3%;;;
2013.05.23 04:30:00;GBP;2;Prelim Business Investment q/q;-1.2%;1.7%;-0.4%;;-0.8%;
2013.05.23 04:30:00;GBP;1;Index of Services 3m/3m;0.1%;0.7%;0.6%;;;
2013.05.23 06:05:00;USD;2;FOMC Member Bullard Speaks;;;;;;
2013.05.23 08:30:00;USD;3;Unemployment Claims;360K;347K;340K;;363K;
2013.05.23 09:00:00;USD;2;Flash Manufacturing PMI;52.0;51.6;51.9;;52.1;
2013.05.23 09:00:00;USD;1;HPI m/m;0.7%;0.9%;1.3%;;0.9%;
2013.05.23 10:00:00;EUR;1;Consumer Confidence;-22;-22;-22;;;
2013.05.23 10:00:00;USD;3;New Home Sales;417K;429K;454K;;444K;
2013.05.23 10:30:00;USD;1;Natural Gas Storage;99B;90B;89B;;;
2013.05.23 17:30:00;EUR;3;ECB President Draghi Speaks;;;;;;
2013.05.23 18:45:00;NZD;3;Trade Balance;718M;495M;157M;;732M;
2013.05.23 22:55:00;JPY;3;BOJ Gov Kuroda Speaks;;;;;;
2013.05.24 02:00:00;EUR;2;German GfK Consumer Climate;6.2;6.2;6.5;;;
2013.05.24 02:00:00;EUR;1;German Final GDP q/q;0.1%;0.1%;0.1%;;;
2013.05.24 03:00:00;GBP;2;MPC Member Fisher Speaks;;;;;;
2013.05.24 04:00:00;EUR;3;German ifo Business Climate;104.4;104.6;105.7;;;
2013.05.24 04:30:00;GBP;2;High Street Lending;31.2K;32.7K;32.2K;;31.4K;
2013.05.24 06:00:00;EUR;2;German Buba President Weidmann Speaks;;;;;;
2013.05.24 08:30:00;USD;3;Core Durable Goods Orders m/m;-1.4%;0.6%;1.3%;;-1.5%;
2013.05.24 08:30:00;USD;2;Durable Goods Orders m/m;-5.7%;1.6%;3.3%;;-6.9%;
2013.05.24 09:00:00;EUR;1;Belgian NBB Business Climate;-14.7;-13.4;-12.4;;;
2013.05.25 11:50:00;JPY;3;BOJ Gov Kuroda Speaks;;;;;;
2013.05.26 19:50:00;JPY;2;Monetary Policy Meeting Minutes;;;;;;
2013.05.27 00:00:00;GBP;0;Bank Holiday (All Day);;;;;;
2013.05.27 00:00:00;USD;0;Bank Holiday (All Day);;;;;;
2013.05.27 19:50:00;JPY;1;SPPI y/y;-0.2%;-0.2%;-0.4%;;;
2013.05.28 02:00:00;CHF;1;Trade Balance;1.90B;2.02B;1.73B;;1.89B;
2013.05.28 02:00:00;EUR;1;German Import Prices m/m;-0.1%;-0.2%;-1.4%;;;
2013.05.28 03:15:00;CHF;2;Employment Level;4.12M;4.11M;4.15M;;;
2013.05.28 08:30:00;CAD;1;Corporate Profits q/q;1.4%;;-1.2%;;;
2013.05.28 09:00:00;USD;2;S&P/CS Composite-20 HPI y/y;9.3%;10.2%;10.9%;;9.4%;
2013.05.28 10:00:00;USD;3;CB Consumer Confidence;68.1;70.7;76.2;;69.0;
2013.05.28 10:00:00;USD;1;Richmond Manufacturing Index;-6;2;-2;;;
2013.05.28 13:00:00;GBP;2;MPC Member Tucker Speaks;;;;;;
2013.05.28 19:50:00;JPY;2;Retail Sales y/y;-0.3%;-0.4%;-0.1%;;;
2013.05.28 20:00:00;JPY;3;BOJ Gov Kuroda Speaks;;;;;;
2013.05.28 20:30:00;AUD;1;MI Leading Index m/m;0.6%;;0.2%;;;
2013.05.28 21:08:00;AUD;2;HIA New Home Sales m/m;4.2%;;3.9%;;;
2013.05.28 21:30:00;AUD;2;Construction Work Done q/q;-0.1%;1.1%;-2.0%;;0.1%;
2013.05.29 02:00:00;CHF;1;UBS Consumption Indicator;1.25;;1.46;;1.24;
2013.05.29 00:00:00;EUR;2;German Prelim CPI m/m (All Day);-0.5%;0.2%;0.4%;;;
2013.05.29 03:55:00;EUR;2;German Unemployment Change;4K;4K;21K;;6K;
2013.05.29 04:00:00;EUR;2;M3 Money Supply y/y;2.6%;2.9%;3.2%;;;
2013.05.29 04:02:00;EUR;1;Private Loans y/y;-0.8%;-0.4%;-0.9%;;-0.7%;
2013.05.29 05:30:00;GBP;2;MPC Member Bean Speaks;;;;;;
2013.05.29 06:00:00;EUR;1;ECB Financial Stability Review;;;;;;
2013.05.29 06:00:00;GBP;2;CBI Realized Sales;-1;4;-11;;;
2013.05.29 10:00:00;CAD;3;BOC Rate Statement;;;;;;
2013.05.29 10:00:00;CAD;3;Overnight Rate;1.00%;1.00%;1.00%;;;
2013.05.29 13:00:00;USD;2;FOMC Member Rosengren Speaks;;;;;;
2013.05.29 18:45:00;NZD;2;Building Consents m/m;-9.1%;;18.5%;;-8.3%;
2013.05.29 21:30:00;AUD;3;Building Approvals m/m;-5.5%;4.1%;9.1%;;-2.6%;
2013.05.29 21:30:00;AUD;3;Private Capital Expenditure q/q;-1.2%;0.7%;-4.7%;;-2.1%;
2013.05.30 01:45:00;CHF;2;GDP q/q;0.2%;0.2%;0.6%;;0.3%;
2013.05.30 02:00:00;GBP;2;Nationwide HPI m/m;-0.1%;0.5%;0.4%;;0.0%;
2013.05.30 03:00:00;EUR;1;Spanish Flash CPI y/y;1.4%;1.6%;1.7%;;;
2013.05.30 04:10:00;EUR;1;Retail PMI;44.2;;46.8;;;
2013.05.30 05:13:00;EUR;2;Italian 10-y Bond Auction;3.94|1.4;;4.14|1.4;;;
2013.05.30 08:30:00;CAD;2;Current Account;-17.3B;-15.3B;-14.1B;;-14.6B;
2013.05.30 08:30:00;CAD;2;RMPI m/m;-1.7%;-0.7%;-2.2%;;;
2013.05.30 08:30:00;CAD;1;IPPI m/m;0.1%;0.1%;-0.8%;;0.0%;
2013.05.30 08:30:00;USD;3;Prelim GDP q/q;2.5%;2.5%;2.4%;;;
2013.05.30 08:30:00;USD;3;Unemployment Claims;340K;342K;354K;;344K;
2013.05.30 08:30:00;USD;1;Prelim GDP Price Index q/q;1.2%;1.2%;1.1%;;;
2013.05.30 10:00:00;USD;3;Pending Home Sales m/m;1.5%;1.3%;0.3%;;;
2013.05.30 10:30:00;USD;1;Natural Gas Storage;89B;85B;88B;;;
2013.05.30 11:00:00;USD;2;Crude Oil Inventories;-0.3M;-0.8M;3.0M;;;
2013.05.30 18:45:00;NZD;2;Overseas Trade Index q/q;-1.3%;1.4%;4.1%;;-1.2%;
2013.05.30 19:01:00;GBP;1;GfK Consumer Confidence;-27;-25;-22;;;
2013.05.30 19:15:00;JPY;1;Final Manufacturing PMI;51.1;;51.5;;;
2013.05.30 19:30:00;JPY;2;Household Spending y/y;5.2%;3.1%;1.5%;;;
2013.05.30 19:30:00;JPY;2;Tokyo Core CPI y/y;-0.3%;-0.2%;0.1%;;;
2013.05.30 19:30:00;JPY;1;National Core CPI y/y;-0.5%;-0.4%;-0.4%;;;
2013.05.30 19:30:00;JPY;1;Unemployment Rate;4.1%;4.1%;4.1%;;;
2013.05.30 19:50:00;JPY;2;Prelim Industrial Production m/m;0.2%;0.8%;1.7%;;;
2013.05.30 21:00:00;NZD;3;ANZ Business Confidence;32.3;;41.8;;;
2013.05.30 21:30:00;AUD;2;Private Sector Credit m/m;0.2%;0.3%;0.3%;;;
2013.05.31 01:00:00;JPY;1;Housing Starts y/y;7.3%;4.3%;5.8%;;;
2013.05.31 02:00:00;EUR;2;German Retail Sales m/m;-0.3%;0.3%;-0.4%;;-0.5%;
2013.05.31 02:45:00;EUR;2;French Consumer Spending m/m;1.3%;-0.5%;-0.3%;;;
2013.05.31 03:00:00;CHF;2;KOF Economic Barometer;1.02;1.08;1.10;;1.04;
2013.05.31 04:00:00;EUR;2;Italian Quarterly Unemployment Rate;11.2%;11.2%;11.9%;;11.4%;
2013.05.31 04:00:00;EUR;1;Italian Monthly Unemployment Rate;11.5%;11.6%;12.0%;;11.9%;
2013.05.31 00:00:00;All;1;OPEC Meetings (All Day);;;;;;
2013.05.31 04:30:00;GBP;1;M4 Money Supply m/m;-0.9%;0.1%;0.3%;;;
2013.05.31 04:30:00;GBP;1;Mortgage Approvals;54K;55K;54K;;;
2013.05.31 04:33:00;GBP;2;Net Lending to Individuals m/m;0.9B;0.9B;1.4B;;1.1B;
2013.05.31 05:00:00;EUR;2;CPI Flash Estimate y/y;1.2%;1.4%;1.4%;;;
2013.05.31 05:00:00;EUR;2;Unemployment Rate;12.1%;12.2%;12.2%;;;
2013.05.31 05:00:00;EUR;1;Core CPI Flash Estimate y/y;1.0%;;1.2%;;;
2013.05.31 05:00:00;EUR;1;Italian Prelim CPI m/m;0.1%;0.1%;0.1%;;0.0%;
2013.05.31 08:30:00;CAD;3;GDP m/m;0.3%;0.1%;0.2%;;;
2013.05.31 08:30:00;USD;2;Core PCE Price Index m/m;0.0%;0.1%;0.0%;;0.1%;
2013.05.31 08:30:00;USD;2;Personal Spending m/m;0.2%;0.2%;-0.2%;;0.1%;
2013.05.31 08:30:00;USD;1;Personal Income m/m;0.2%;0.2%;0.0%;;0.3%;
2013.05.31 09:45:00;USD;2;Chicago PMI;49.0;50.3;58.7;;;
2013.05.31 09:55:00;USD;2;Revised UoM Consumer Sentiment;83.7;84.1;84.5;;;
2013.05.31 09:55:00;USD;1;Revised UoM Inflation Expectations;3.2%;;3.1%;;;
2013.05.31 20:59:00;CNY;3;Manufacturing PMI;50.6;49.9;50.8;;;
