2014.08.01 00:00:00;CHF;0;Bank Holiday (All Day);;;;;;
2014.08.01 02:30:00;AUD;1;Commodity Prices y/y;-9.6%;;-12.1%;;-11.0%;
2014.08.01 03:15:00;EUR;2;Spanish Manufacturing PMI;54.6;54.8;53.9;;;
2014.08.01 03:45:00;EUR;2;Italian Manufacturing PMI;52.6;52.8;51.9;;;
2014.08.01 03:50:00;EUR;1;French Final Manufacturing PMI;47.6;47.6;47.8;;;
2014.08.01 03:55:00;EUR;1;German Final Manufacturing PMI;52.9;52.9;52.4;;;
2014.08.01 04:00:00;EUR;1;Final Manufacturing PMI;51.9;51.9;51.8;;;
2014.08.01 04:30:00;GBP;3;Final Manufacturing PMI;57.5;57.2;55.4;;57.2;
2014.08.01 08:30:00;USD;3;Non-Farm Employment Change;288K;231K;209K;;298K;
2014.08.01 08:30:00;USD;3;Unemployment Rate;6.1%;6.1%;6.2%;;;
2014.08.01 08:30:00;USD;2;Average Hourly Earnings m/m;0.2%;0.2%;0.0%;;;
2014.08.01 08:30:00;USD;2;Core PCE Price Index m/m;0.2%;0.2%;0.1%;;;
2014.08.01 08:30:00;USD;2;Personal Spending m/m;0.2%;0.5%;0.4%;;0.3%;
2014.08.01 08:30:00;USD;1;Personal Income m/m;0.4%;0.4%;0.4%;;;
2014.08.01 09:30:00;CAD;1;Manufacturing PMI;53.5;;54.3;;;
2014.08.01 09:45:00;USD;1;Final Manufacturing PMI;56.3;56.3;55.8;;;
2014.08.01 09:55:00;USD;2;Revised UoM Consumer Sentiment;81.3;81.5;81.8;;;
2014.08.01 09:55:00;USD;1;Revised UoM Inflation Expectations;3.3%;;3.3%;;;
2014.08.01 10:00:00;USD;3;ISM Manufacturing PMI;55.3;56.1;57.1;;;
2014.08.01 10:00:00;USD;1;Construction Spending m/m;0.1%;0.4%;-1.8%;;0.8%;
2014.08.01 10:00:00;USD;1;ISM Manufacturing Prices;58.0;58.6;59.5;;;
2014.08.01 00:00:00;USD;1;Total Vehicle Sales (All Day);17.0M;16.8M;16.5M;;;
2014.08.02 20:59:00;CNY;3;Non-Manufacturing PMI;55.0;;54.2;;;
2014.08.03 00:00:00;AUD;0;Bank Holiday (All Day);;;;;;
2014.08.03 19:50:00;JPY;1;Monetary Base y/y;42.6%;41.2%;42.7%;;;
2014.08.03 20:30:00;AUD;1;MI Inflation Gauge m/m;0.0%;;0.2%;;;
2014.08.03 21:00:00;NZD;1;ANZ Commodity Prices m/m;-0.9%;;-2.4%;;;
2014.08.03 21:30:00;AUD;3;Retail Sales m/m;-0.5%;0.3%;0.6%;;-0.3%;
2014.08.03 21:30:00;AUD;2;ANZ Job Advertisements m/m;4.3%;;0.3%;;4.4%;
2014.08.04 03:00:00;EUR;2;Spanish Unemployment Change;-122.7K;-116.3K;-29.8K;;;
2014.08.04 03:30:00;CHF;2;Manufacturing PMI;54.0;56.2;54.3;;;
2014.08.04 04:30:00;EUR;1;Sentix Investor Confidence;10.1;9.1;2.7;;;
2014.08.04 04:30:00;GBP;3;Construction PMI;62.6;62.1;62.4;;;
2014.08.04 05:00:00;EUR;1;PPI m/m;-0.1%;0.0%;0.1%;;;
2014.08.04 00:00:00;CAD;0;Bank Holiday (All Day);;;;;;
2014.08.04 14:00:00;USD;1;Loan Officer Survey;;;;;;
2014.08.04 19:30:00;AUD;1;AIG Services Index;47.6;;49.3;;;
2014.08.04 21:30:00;AUD;3;Goods Trade Balance;-1.91B;-2.00B;-1.68B;;-2.04B;
2014.08.04 21:45:00;CNY;2;Caixin Services PMI;53.1;;50.0;;;
2014.08.04 23:45:00;JPY;1;10-y Bond Auction;0.56|3.4;;0.52|4.3;;;
2014.08.05 00:30:00;AUD;3;Cash Rate;2.50%;2.50%;2.50%;;;
2014.08.05 00:30:00;AUD;3;RBA Rate Statement;;;;;;
2014.08.05 03:15:00;EUR;2;Spanish Services PMI;54.8;55.1;56.2;;;
2014.08.05 03:45:00;EUR;2;Italian Services PMI;53.9;53.2;52.8;;;
2014.08.05 03:50:00;EUR;1;French Final Services PMI;50.4;50.4;50.4;;;
2014.08.05 03:55:00;EUR;1;German Final Services PMI;56.6;56.6;56.7;;;
2014.08.05 04:00:00;EUR;1;Final Services PMI;54.4;54.4;54.2;;;
2014.08.05 04:30:00;GBP;3;Final Services PMI;57.7;58.1;59.1;;;
2014.08.05 05:00:00;EUR;2;Retail Sales m/m;0.0%;0.4%;0.4%;;0.3%;
2014.08.05 09:45:00;USD;1;Final Services PMI;61.0;61.0;60.8;;;
2014.08.05 10:00:00;USD;3;ISM Services PMI;56.0;56.6;58.7;;;
2014.08.05 10:00:00;USD;2;Factory Orders m/m;-0.5%;0.6%;1.1%;;-0.6%;
2014.08.05 10:00:00;USD;1;RCM/TIPP Economic Optimism;45.6;46.2;44.5;;;
2014.08.05 10:26:00;NZD;3;GDT Price Index;-8.9%;;-8.4%;;;
2014.08.05 18:45:00;NZD;3;Employment Change q/q;0.9%;0.7%;0.4%;;;
2014.08.05 18:45:00;NZD;3;Unemployment Rate;6.0%;5.8%;5.6%;;5.9%;
2014.08.05 18:45:00;NZD;1;Labor Cost Index q/q;0.3%;0.5%;0.6%;;;
2014.08.05 19:01:00;GBP;1;BRC Shop Price Index y/y;-1.8%;;-1.9%;;;
2014.08.06 01:00:00;JPY;1;Leading Indicators;105.7%;105.5%;105.5%;;104.8%;
2014.08.06 02:00:00;EUR;2;German Factory Orders m/m;-1.7%;0.5%;-3.2%;;-1.6%;
2014.08.06 03:00:00;GBP;2;Halifax HPI m/m;-0.6%;0.5%;1.4%;;-0.4%;
2014.08.06 03:15:00;CHF;2;CPI m/m;-0.1%;-0.5%;-0.4%;;;
2014.08.06 04:00:00;EUR;1;Italian Industrial Production m/m;-1.2%;0.9%;0.9%;;;
2014.08.06 04:10:00;EUR;1;Retail PMI;50.0;;47.6;;;
2014.08.06 04:30:00;GBP;3;Manufacturing Production m/m;-1.3%;0.7%;0.3%;;;
2014.08.06 04:30:00;GBP;1;Industrial Production m/m;-0.7%;0.6%;0.3%;;-0.6%;
2014.08.06 05:00:00;EUR;2;Italian Prelim GDP q/q;-0.1%;0.1%;-0.2%;;;
2014.08.06 08:30:00;CAD;3;Trade Balance;-0.2B;-0.1B;1.9B;;0.6B;
2014.08.06 08:30:00;USD;3;Trade Balance;-44.4B;-44.2B;-41.5B;;-44.7B;
2014.08.06 09:55:00;GBP;2;NIESR GDP Estimate;0.9%;;0.6%;;0.8%;
2014.08.06 10:30:00;USD;2;Crude Oil Inventories;-3.7M;-1.1M;-1.8M;;;
2014.08.06 19:30:00;AUD;1;AIG Construction Index;51.8;;52.6;;;
2014.08.06 21:30:00;AUD;3;Employment Change;15.9K;13.5K;-0.3K;;14.9K;
2014.08.06 21:30:00;AUD;3;Unemployment Rate;6.0%;6.0%;6.4%;;;
2014.08.07 01:45:00;CHF;1;SECO Consumer Climate;1;4;-1;;;
2014.08.07 02:00:00;EUR;2;German Industrial Production m/m;-1.8%;1.4%;0.3%;;-1.7%;
2014.08.07 02:45:00;EUR;1;French Trade Balance;-4.9B;-5.0B;-5.4B;;-5.1B;
2014.08.07 03:00:00;CHF;2;Foreign Currency Reserves;450B;;453B;;;
2014.08.07 04:40:00;EUR;1;Spanish 10-y Bond Auction;2.09|2.3;;2.69|2.1;;;
2014.08.07 07:00:00;GBP;3;Asset Purchase Facility;375B;375B;375B;;;
2014.08.07 07:00:00;GBP;3;Official Bank Rate;0.50%;0.50%;0.50%;;;
2014.08.07 07:45:00;EUR;3;Main Refinancing Rate;0.15%;0.15%;0.15%;;;
2014.08.07 08:30:00;CAD;3;Building Permits m/m;13.8%;-1.8%;13.5%;;15.4%;
2014.08.07 08:30:00;EUR;3;ECB Press Conference;;;;;;
2014.08.07 08:30:00;USD;3;Unemployment Claims;302K;305K;289K;;303K;
2014.08.07 10:00:00;CAD;3;Ivey PMI;46.9;54.1;54.1;;;
2014.08.07 10:00:00;USD;2;Mortgage Delinquencies;6.11%;;6.04%;;;
2014.08.07 10:30:00;USD;1;Natural Gas Storage;88B;89B;82B;;;
2014.08.07 15:00:00;USD;1;Consumer Credit m/m;19.6B;18.3B;17.3B;;;
2014.08.07 19:50:00;JPY;2;Current Account;0.38T;0.11T;0.13T;;;
2014.08.07 19:50:00;JPY;1;Bank Lending y/y;2.3%;;2.2%;;;
2014.08.07 21:30:00;AUD;3;RBA Monetary Policy Statement;;;;;;
2014.08.07 21:30:00;AUD;2;Home Loans m/m;0.0%;0.7%;0.2%;;-0.1%;
2014.08.07 22:58:00;CNY;3;USD-Denominated Trade Balance;31.6B;26.0B;47.3B;;;
2014.08.07 23:08:00;JPY;3;Monetary Policy Statement;;;;;;
2014.08.08 01:00:00;JPY;1;Economy Watchers Sentiment;47.7;48.7;51.3;;;
2014.08.08 01:45:00;CHF;1;Unemployment Rate;3.2%;3.2%;3.2%;;;
2014.08.08 02:00:00;EUR;2;German Trade Balance;18.8B;19.8B;16.2B;;;
2014.08.08 02:30:00;JPY;3;BOJ Press Conference;;;;;;
2014.08.08 02:45:00;EUR;2;French Industrial Production m/m;-1.7%;1.1%;1.3%;;-1.6%;
2014.08.08 02:45:00;EUR;1;French Gov Budget Balance;-64.3B;;-59.4B;;;
2014.08.08 04:30:00;GBP;2;Goods Trade Balance;-9.2B;-8.9B;-9.4B;;;
2014.08.08 04:30:00;GBP;1;Construction Output m/m;-1.1%;1.1%;1.2%;;-1.2%;
2014.08.08 08:30:00;CAD;3;Employment Change;-9.4K;25.4K;41.7K;;;
2014.08.08 08:30:00;CAD;3;Unemployment Rate;7.1%;7.0%;7.0%;;;
2014.08.08 08:30:00;USD;2;Prelim Nonfarm Productivity q/q;-1.7%;1.4%;2.5%;;-3.2%;
2014.08.08 08:30:00;USD;2;Prelim Unit Labor Costs q/q;4.2%;1.3%;0.6%;;5.7%;
2014.08.08 10:00:00;USD;1;Final Wholesale Inventories m/m;0.5%;0.6%;0.3%;;0.3%;
2014.08.08 21:30:00;CNY;3;CPI y/y;2.3%;2.3%;2.3%;;;
2014.08.08 21:30:00;CNY;2;PPI y/y;-1.1%;-1.0%;-0.9%;;;
2014.08.10 19:50:00;JPY;2;Tertiary Industry Activity m/m;0.9%;0.2%;-0.1%;;;
2014.08.10 19:50:00;JPY;1;M2 Money Stock y/y;3.0%;3.0%;3.0%;;;
2014.08.11 01:00:00;JPY;1;BOJ Monthly Report;;;;;;
2014.08.11 01:00:00;JPY;1;Consumer Confidence;41.1;42.3;41.5;;;
2014.08.11 02:00:00;JPY;1;Prelim Machine Tool Orders y/y;34.2%;;37.7%;;34.1%;
2014.08.11 03:15:00;CHF;2;Retail Sales y/y;-0.6%;0.7%;3.4%;;-0.5%;
2014.08.11 03:15:00;USD;2;FOMC Member Fischer Speaks;;;;;;
2014.08.11 05:00:00;GBP;1;CB Leading Index m/m;0.5%;;0.6%;;;
2014.08.11 08:13:00;CAD;2;Housing Starts;198K;194K;200K;;199K;
2014.08.11 19:01:00;GBP;2;BRC Retail Sales Monitor y/y;-0.8%;;-0.3%;;;
2014.08.11 19:50:00;JPY;1;PPI y/y;4.6%;4.4%;4.3%;;;
2014.08.11 21:30:00;AUD;3;NAB Business Confidence;8;;11;;;
2014.08.11 21:30:00;AUD;2;HPI q/q;1.7%;1.1%;1.8%;;1.5%;
2014.08.11 22:30:00;NZD;1;REINZ HPI m/m;-0.3%;;-0.7%;;;
2014.08.11 23:45:00;JPY;1;30-y Bond Auction;1.70|3.1;;1.68|4.1;;;
2014.08.12 00:30:00;JPY;1;Revised Industrial Production m/m;-3.3%;0.5%;-3.4%;;;
2014.08.12 05:00:00;EUR;3;German ZEW Economic Sentiment;27.1;18.2;8.6;;;
2014.08.12 05:00:00;EUR;2;ZEW Economic Sentiment;48.1;41.3;23.7;;;
2014.08.12 07:30:00;USD;1;NFIB Small Business Index;95.0;96.3;95.7;;;
2014.08.12 10:00:00;USD;2;JOLTS Job Openings;4.64M;4.74M;4.67M;;4.58M;
2014.08.12 13:55:00;USD;1;Federal Budget Balance;70.5B;-98.2B;-94.6B;;;
2014.08.12 19:50:00;JPY;3;Prelim GDP q/q;1.5%;-1.7%;-1.7%;;1.6%;
2014.08.12 19:50:00;JPY;2;Monetary Policy Meeting Minutes;;;;;;
2014.08.12 19:50:00;JPY;1;Prelim GDP Price Index y/y;0.0%;1.7%;2.0%;;-0.1%;
2014.08.12 20:30:00;AUD;2;Westpac Consumer Sentiment;1.9%;;3.8%;;;
2014.08.12 21:30:00;AUD;2;Wage Price Index q/q;0.7%;0.8%;0.6%;;;
2014.08.12 22:34:00;CNY;2;New Loans;1080B;780B;385B;;;
2014.08.12 22:34:00;CNY;1;M2 Money Supply y/y;14.7%;14.5%;13.5%;;;
2014.08.13 01:30:00;CNY;3;Industrial Production y/y;9.2%;9.1%;9.0%;;;
2014.08.13 01:30:00;CNY;2;Fixed Asset Investment ytd/y;17.3%;17.4%;17.0%;;;
2014.08.13 01:30:00;CNY;1;Retail Sales y/y;12.4%;12.5%;12.2%;;;
2014.08.13 02:00:00;EUR;1;German Final CPI m/m;0.3%;0.3%;0.3%;;;
2014.08.13 02:00:00;EUR;1;German WPI m/m;-0.1%;0.3%;0.1%;;;
2014.08.13 02:45:00;EUR;1;French Final CPI m/m;0.0%;-0.2%;-0.3%;;;
2014.08.13 04:30:00;GBP;3;Average Earnings Index 3m/y;0.3%;-0.1%;-0.2%;;0.4%;
2014.08.13 04:30:00;GBP;3;Claimant Count Change;-36.3K;-29.7K;-33.6K;;-39.5K;
2014.08.13 04:30:00;GBP;2;Unemployment Rate;6.5%;6.4%;6.4%;;;
2014.08.13 05:00:00;CHF;2;Credit Suisse Economic Expectations;0.1;;2.5;;;
2014.08.13 05:00:00;EUR;2;Industrial Production m/m;-1.1%;0.5%;-0.3%;;;
2014.08.13 05:30:00;GBP;3;BOE Gov Carney Speaks;;;;;;
2014.08.13 05:30:00;GBP;3;BOE Monetary Policy Report;;;;;;
2014.08.13 05:33:00;EUR;2;German 10-y Bond Auction;1.20|1.6;;1.08|1.6;;;
2014.08.13 08:30:00;USD;3;Core Retail Sales m/m;0.4%;0.4%;0.1%;;;
2014.08.13 08:30:00;USD;3;Retail Sales m/m;0.2%;0.2%;0.0%;;;
2014.08.13 09:05:00;USD;2;FOMC Member Dudley Speaks;;;;;;
2014.08.13 10:00:00;USD;2;Business Inventories m/m;0.5%;0.4%;0.4%;;;
2014.08.13 10:30:00;USD;2;Crude Oil Inventories;-1.8M;-0.8M;1.4M;;;
2014.08.13 13:01:00;USD;2;10-y Bond Auction;2.60|2.6;;2.44|2.8;;;
2014.08.13 18:30:00;NZD;2;BusinessNZ Manufacturing Index;53.3;;53.0;;53.4;
2014.08.13 18:45:00;NZD;3;Retail Sales q/q;0.7%;1.0%;1.2%;;0.8%;
2014.08.13 18:45:00;NZD;2;Core Retail Sales q/q;0.8%;1.1%;1.2%;;1.0%;
2014.08.13 19:01:00;GBP;1;RICS House Price Balance;53%;51%;49%;;52%;
2014.08.13 19:50:00;JPY;2;Core Machinery Orders m/m;-19.5%;15.5%;8.8%;;;
2014.08.13 21:00:00;AUD;2;MI Inflation Expectations;3.8%;;3.1%;;;
2014.08.14 01:30:00;EUR;3;French Prelim GDP q/q;0.0%;0.1%;0.0%;;;
2014.08.14 02:00:00;EUR;3;German Prelim GDP q/q;0.8%;-0.1%;-0.2%;;;
2014.08.14 02:45:00;EUR;2;French Prelim Private Payrolls q/q;-0.1%;-0.1%;0.1%;;;
2014.08.14 03:15:00;CHF;2;PPI m/m;0.0%;0.0%;0.0%;;;
2014.08.14 04:00:00;EUR;2;ECB Monthly Bulletin;;;;;;
2014.08.14 05:00:00;EUR;2;Final CPI y/y;0.4%;0.4%;0.4%;;;
2014.08.14 05:00:00;EUR;2;Flash GDP q/q;0.2%;0.1%;0.0%;;;
2014.08.14 05:00:00;EUR;1;Final Core CPI y/y;0.8%;0.8%;0.8%;;;
2014.08.14 08:30:00;CAD;2;NHPI m/m;0.1%;0.2%;0.2%;;;
2014.08.14 08:30:00;USD;3;Unemployment Claims;289K;307K;311K;;290K;
2014.08.14 08:30:00;USD;2;Import Prices m/m;0.1%;-0.2%;-0.2%;;;
2014.08.14 10:30:00;USD;1;Natural Gas Storage;82B;81B;78B;;;
2014.08.14 13:01:00;USD;1;30-y Bond Auction;3.37|2.4;;3.22|2.6;;;
2014.08.15 00:00:00;EUR;0;Italian Bank Holiday (All Day);;;;;;
2014.08.15 00:00:00;EUR;0;French Bank Holiday (All Day);;;;;;
2014.08.15 04:30:00;GBP;3;Second Estimate GDP q/q;0.8%;0.8%;0.8%;;;
2014.08.15 04:30:00;GBP;1;Index of Services 3m/3m;1.0%;1.0%;1.0%;;;
2014.08.15 08:30:00;CAD;3;Manufacturing Sales m/m;1.6%;0.5%;0.6%;;1.7%;
2014.08.15 08:30:00;USD;3;PPI m/m;0.4%;0.1%;0.1%;;;
2014.08.15 08:30:00;USD;2;Core PPI m/m;0.2%;0.2%;0.2%;;;
2014.08.15 08:30:00;USD;2;Empire State Manufacturing Index;25.6;20.3;14.7;;;
2014.08.15 09:00:00;USD;2;TIC Long-Term Purchases;19.4B;27.3B;-18.7B;;18.6B;
2014.08.15 09:15:00;USD;2;Capacity Utilization Rate;79.1%;79.2%;79.2%;;;
2014.08.15 09:15:00;USD;2;Industrial Production m/m;0.2%;0.3%;0.4%;;0.4%;
2014.08.15 09:55:00;USD;3;Prelim UoM Consumer Sentiment;81.3;82.7;79.2;;81.8;
2014.08.15 09:55:00;USD;1;Prelim UoM Inflation Expectations;3.3%;;3.4%;;;
2014.08.17 18:30:00;NZD;1;BusinessNZ Services Index;54.7;;58.4;;55.4;
2014.08.17 19:01:00;GBP;1;Rightmove HPI m/m;-0.8%;;-2.9%;;;
2014.08.17 21:30:00;AUD;2;New Motor Vehicle Sales m/m;1.7%;;-1.3%;;2.2%;
2014.08.17 22:00:00;CNY;1;Foreign Direct Investment ytd/y;2.2%;;-0.4%;;;
2014.08.18 05:00:00;EUR;1;Trade Balance;15.3B;14.9B;13.8B;;15.2B;
2014.08.18 06:00:00;EUR;2;German Buba Monthly Report;;;;;;
2014.08.18 08:30:00;CAD;2;Foreign Securities Purchases;21.43B;14.68B;-1.07B;;21.42B;
2014.08.18 10:00:00;USD;2;NAHB Housing Market Index;53;53;55;;;
2014.08.18 18:45:00;NZD;2;PPI Input q/q;1.0%;0.7%;-1.0%;;;
2014.08.18 18:45:00;NZD;1;PPI Output q/q;0.9%;0.8%;-0.5%;;;
2014.08.18 21:30:00;AUD;3;Monetary Policy Meeting Minutes;;;;;;
2014.08.18 23:00:00;NZD;2;Inflation Expectations q/q;2.36%;;2.23%;;;
2014.08.19 04:00:00;EUR;1;Current Account;19.5B;19.3B;13.1B;;19.8B;
2014.08.19 04:30:00;GBP;3;CPI y/y;1.9%;1.8%;1.6%;;;
2014.08.19 04:30:00;GBP;2;PPI Input m/m;-0.8%;-1.0%;-1.6%;;-0.9%;
2014.08.19 04:30:00;GBP;2;RPI y/y;2.6%;2.6%;2.5%;;;
2014.08.19 04:30:00;GBP;1;Core CPI y/y;2.0%;1.9%;1.8%;;;
2014.08.19 04:30:00;GBP;1;ONS HPI y/y;10.5%;11.2%;10.2%;;10.4%;
2014.08.19 04:30:00;GBP;1;PPI Output m/m;-0.2%;0.1%;-0.1%;;-0.1%;
2014.08.19 08:30:00;USD;3;Building Permits;0.96M;1.00M;1.05M;;0.97M;
2014.08.19 08:30:00;USD;3;Core CPI m/m;0.1%;0.2%;0.1%;;;
2014.08.19 08:30:00;USD;3;CPI m/m;0.3%;0.1%;0.1%;;;
2014.08.19 08:30:00;USD;3;CPI y/y;2.1%;2.0%;2.0%;;;
2014.08.19 08:30:00;USD;2;Housing Starts;0.89M;0.97M;1.09M;;0.95M;
2014.08.19 10:37:00;NZD;3;GDT Price Index;-8.4%;;-0.6%;;;
2014.08.19 19:30:00;AUD;3;RBA Gov Stevens Speaks;;;;;;
2014.08.19 19:50:00;JPY;2;Trade Balance;-1.08T;-0.77T;-1.02T;;-1.07T;
2014.08.19 20:30:00;AUD;1;MI Leading Index m/m;0.1%;;-0.1%;;;
2014.08.20 00:30:00;JPY;1;All Industries Activity m/m;0.6%;-0.2%;-0.4%;;;
2014.08.20 02:00:00;EUR;1;German PPI m/m;0.0%;0.0%;-0.1%;;;
2014.08.20 04:30:00;GBP;3;MPC Asset Purchase Facility Votes;0-0-9;0-0-9;0-0-9;;;
2014.08.20 04:30:00;GBP;3;MPC Official Bank Rate Votes;0-0-9;0-0-9;2-0-7;;;
2014.08.20 06:00:00;GBP;2;CBI Industrial Order Expectations;2;4;11;;;
2014.08.20 08:30:00;CAD;3;Wholesale Sales m/m;2.2%;0.4%;0.6%;;2.3%;
2014.08.20 10:30:00;USD;2;Crude Oil Inventories;1.4M;-1.3M;-4.5M;;;
2014.08.20 14:00:00;USD;3;FOMC Meeting Minutes;;;;;;
2014.08.20 18:50:00;NZD;1;Visitor Arrivals m/m;-0.3%;;-0.5%;;;
2014.08.20 20:00:00;AUD;2;CB Leading Index m/m;0.2%;;0.4%;;;
2014.08.20 21:35:00;JPY;1;Flash Manufacturing PMI;50.8;51.7;52.4;;50.5;
2014.08.20 21:45:00;CNY;3;Caixin Flash Manufacturing PMI;52.0;51.5;50.3;;51.7;
2014.08.20 23:00:00;NZD;1;Credit Card Spending y/y;7.0%;;4.5%;;6.0%;
2014.08.21 02:00:00;CHF;2;Trade Balance;1.38B;1.87B;3.98B;;1.41B;
2014.08.21 03:00:00;EUR;3;French Flash Manufacturing PMI;47.6;47.9;46.5;;47.8;
2014.08.21 03:00:00;EUR;2;French Flash Services PMI;50.4;50.3;51.1;;;
2014.08.21 03:30:00;EUR;3;German Flash Manufacturing PMI;52.9;51.7;52.0;;52.4;
2014.08.21 03:30:00;EUR;2;German Flash Services PMI;56.6;55.5;56.4;;56.7;
2014.08.21 04:00:00;EUR;2;Flash Manufacturing PMI;51.9;51.4;50.8;;51.8;
2014.08.21 04:00:00;EUR;2;Flash Services PMI;54.4;53.6;53.5;;54.2;
2014.08.21 04:30:00;GBP;3;Retail Sales m/m;0.1%;0.4%;0.1%;;0.2%;
2014.08.21 04:30:00;GBP;2;Public Sector Net Borrowing;9.5B;-1.9B;-1.1B;;9.8B;
2014.08.21 05:37:00;GBP;1;10-y Bond Auction;2.70|1.8;;2.57|1.7;;;
2014.08.21 08:30:00;USD;3;Unemployment Claims;311K;302K;298K;;312K;
2014.08.21 09:45:00;USD;2;Flash Manufacturing PMI;56.3;55.7;58.0;;55.8;
2014.08.21 10:00:00;EUR;1;Consumer Confidence;-8;-9;-10;;;
2014.08.21 10:00:00;USD;3;Philly Fed Manufacturing Index;23.9;19.7;28.0;;;
2014.08.21 10:00:00;USD;2;Existing Home Sales;5.04M;5.01M;5.15M;;5.03M;
2014.08.21 10:00:00;USD;1;CB Leading Index m/m;0.3%;0.6%;0.9%;;0.6%;
2014.08.21 10:30:00;USD;1;Natural Gas Storage;78B;83B;88B;;;
2014.08.21 00:00:00;All;2;Jackson Hole Symposium (Day 1);;;;;;
2014.08.22 08:30:00;CAD;3;Core CPI m/m;-0.1%;0.1%;-0.1%;;;
2014.08.22 08:30:00;CAD;3;Core Retail Sales m/m;0.1%;0.4%;1.5%;;0.3%;
2014.08.22 08:30:00;CAD;2;CPI m/m;0.1%;-0.1%;-0.2%;;;
2014.08.22 08:30:00;CAD;2;Retail Sales m/m;0.7%;0.3%;1.1%;;0.9%;
2014.08.22 10:00:00;USD;3;Fed Chair Yellen Speaks;;;;;;
2014.08.22 00:00:00;All;2;Jackson Hole Symposium (Day 2);;;;;;
2014.08.22 14:30:00;EUR;3;ECB President Draghi Speaks;;;;;;
2014.08.23 12:25:00;GBP;2;MPC Member Broadbent Speaks;;;;;;
2014.08.23 00:00:00;All;3;Jackson Hole Symposium (Day 3);;;;;;
2014.08.25 00:00:00;GBP;0;Bank Holiday (All Day);;;;;;
2014.08.25 04:00:00;EUR;3;German ifo Business Climate;108.0;107.1;106.3;;;
2014.08.25 09:00:00;EUR;1;Belgian NBB Business Climate;-7.5;-8.3;-7.3;;;
2014.08.25 09:45:00;USD;1;Flash Services PMI;61.0;59.2;58.5;;60.8;
2014.08.25 10:00:00;USD;3;New Home Sales;406K;426K;412K;;422K;
2014.08.25 18:45:00;NZD;3;Trade Balance;247M;-475M;-692M;;242M;
2014.08.25 19:50:00;JPY;1;SPPI y/y;3.6%;3.7%;3.7%;;3.7%;
2014.08.25 22:00:00;CNY;1;CB Leading Index m/m;1.3%;;1.3%;;;
2014.08.26 04:30:00;GBP;2;High Street Lending;43.3K;44.2K;42.8K;;43.2K;
2014.08.26 08:30:00;CAD;1;Corporate Profits q/q;7.4%;;2.6%;;;
2014.08.26 08:30:00;USD;3;Core Durable Goods Orders m/m;0.8%;0.5%;-0.8%;;1.9%;
2014.08.26 08:30:00;USD;2;Durable Goods Orders m/m;0.7%;7.8%;22.6%;;1.7%;
2014.08.26 09:00:00;USD;1;HPI m/m;0.4%;0.3%;0.4%;;0.2%;
2014.08.26 09:00:00;USD;1;S&P/CS Composite-20 HPI y/y;9.3%;8.2%;8.1%;;9.4%;
2014.08.26 09:59:00;USD;1;Richmond Manufacturing Index;7;8;12;;;
2014.08.26 10:00:00;USD;3;CB Consumer Confidence;90.9;89.1;92.4;;90.3;
2014.08.26 18:45:00;NZD;1;FPI m/m;1.4%;;-0.7%;;;
2014.08.26 21:30:00;AUD;2;Construction Work Done q/q;0.3%;-0.4%;-1.2%;;-0.4%;
2014.08.27 02:00:00;CHF;1;UBS Consumption Indicator;2.06;;1.66;;2.07;
2014.08.27 02:00:00;EUR;2;German GfK Consumer Climate;9.0;8.9;8.6;;8.9;
2014.08.27 02:00:00;EUR;1;German Import Prices m/m;0.2%;-0.1%;-0.4%;;;
2014.08.27 10:30:00;USD;2;Crude Oil Inventories;-4.5M;1.1M;-2.1M;;;
2014.08.27 21:00:00;AUD;1;HIA New Home Sales m/m;1.2%;;-5.7%;;;
2014.08.27 21:30:00;AUD;3;Private Capital Expenditure q/q;-4.2%;-0.6%;1.1%;;-2.5%;
2014.08.28 00:00:00;EUR;3;German Prelim CPI m/m (All Day);0.3%;0.0%;0.0%;;;
2014.08.28 03:00:00;EUR;2;Spanish Flash CPI y/y;-0.3%;-0.2%;-0.5%;;;
2014.08.28 03:15:00;CHF;2;Employment Level;4.19M;4.21M;4.20M;;;
2014.08.28 03:55:00;EUR;2;German Unemployment Change;-12K;-6K;2K;;;
2014.08.28 04:00:00;EUR;2;M3 Money Supply y/y;1.5%;1.5%;1.8%;;;
2014.08.28 04:00:00;EUR;2;Private Loans y/y;-1.7%;-1.5%;-1.6%;;;
2014.08.28 04:00:00;EUR;1;Italian Retail Sales m/m;-0.7%;-0.2%;0.0%;;-0.6%;
2014.08.28 05:20:00;EUR;1;Italian 10-y Bond Auction;2.60|1.5;;2.39|1.3;;;
2014.08.28 06:00:00;GBP;2;CBI Realized Sales;21;27;37;;;
2014.08.28 08:30:00;CAD;2;Current Account;-12.4B;-11.6B;-11.9B;;-12.0B;
2014.08.28 08:30:00;USD;3;Prelim GDP q/q;4.0%;3.9%;4.2%;;;
2014.08.28 08:30:00;USD;3;Unemployment Claims;298K;299K;298K;;299K;
2014.08.28 08:30:00;USD;1;Prelim GDP Price Index q/q;2.0%;2.0%;2.1%;;;
2014.08.28 10:00:00;USD;3;Pending Home Sales m/m;-1.1%;0.6%;3.3%;;-1.3%;
2014.08.28 10:30:00;USD;1;Natural Gas Storage;88B;79B;75B;;;
2014.08.28 18:45:00;NZD;2;Building Consents m/m;3.5%;;0.1%;;;
2014.08.28 19:05:00;GBP;1;GfK Consumer Confidence;-2;-1;1;;;
2014.08.28 19:30:00;JPY;2;Household Spending y/y;-3.0%;-2.7%;-5.9%;;;
2014.08.28 19:30:00;JPY;2;Tokyo Core CPI y/y;2.8%;2.7%;2.7%;;;
2014.08.28 19:30:00;JPY;1;National Core CPI y/y;3.3%;3.3%;3.3%;;;
2014.08.28 19:30:00;JPY;1;Unemployment Rate;3.7%;3.7%;3.8%;;;
2014.08.28 19:50:00;JPY;2;Prelim Industrial Production m/m;-3.3%;1.2%;0.2%;;-3.4%;
2014.08.28 19:50:00;JPY;2;Retail Sales y/y;-0.6%;-0.1%;0.5%;;;
2014.08.28 21:00:00;NZD;3;ANZ Business Confidence;39.7;;24.4;;;
2014.08.28 21:30:00;AUD;1;Private Sector Credit m/m;0.7%;0.5%;0.4%;;;
2014.08.29 01:00:00;JPY;1;Housing Starts y/y;-9.5%;-10.3%;-14.1%;;;
2014.08.29 02:00:00;EUR;2;German Retail Sales m/m;1.3%;0.1%;-1.4%;;1.0%;
2014.08.29 02:00:00;GBP;2;Nationwide HPI m/m;0.1%;0.1%;0.8%;;0.2%;
2014.08.29 03:00:00;CHF;2;KOF Economic Barometer;98.1;97.9;99.5;;97.9;
2014.08.29 04:00:00;EUR;1;Italian Monthly Unemployment Rate;12.3%;12.2%;12.6%;;;
2014.08.29 04:00:00;EUR;1;Italian Quarterly Unemployment Rate;12.7%;12.5%;12.5%;;12.6%;
2014.08.29 05:00:00;EUR;3;CPI Flash Estimate y/y;0.4%;0.3%;0.3%;;;
2014.08.29 05:00:00;EUR;2;Core CPI Flash Estimate y/y;0.8%;0.8%;0.9%;;;
2014.08.29 05:00:00;EUR;2;Unemployment Rate;11.5%;11.5%;11.5%;;;
2014.08.29 05:00:00;EUR;1;Italian Prelim CPI m/m;-0.1%;0.1%;0.2%;;;
2014.08.29 08:30:00;CAD;3;GDP m/m;0.4%;0.2%;0.3%;;0.5%;
2014.08.29 08:30:00;CAD;2;RMPI m/m;1.1%;-1.2%;-1.4%;;;
2014.08.29 08:30:00;CAD;1;IPPI m/m;-0.1%;-0.1%;-0.3%;;0.1%;
2014.08.29 08:30:00;USD;2;Core PCE Price Index m/m;0.1%;0.1%;0.1%;;;
2014.08.29 08:30:00;USD;2;Personal Spending m/m;0.4%;0.2%;-0.1%;;;
2014.08.29 08:30:00;USD;1;Personal Income m/m;0.4%;0.3%;0.2%;;0.5%;
2014.08.29 09:45:00;USD;3;Chicago PMI;52.6;56.8;64.3;;;
2014.08.29 09:55:00;USD;2;Revised UoM Consumer Sentiment;79.2;80.2;82.5;;;
2014.08.29 09:55:00;USD;1;Revised UoM Inflation Expectations;3.4%;;3.2%;;;
2014.08.31 18:45:00;NZD;2;Overseas Trade Index q/q;1.8%;-3.5%;0.3%;;;
2014.08.31 19:05:00;AUD;1;AIG Manufacturing Index;50.7;;47.3;;;
2014.08.31 19:50:00;JPY;2;Capital Spending q/y;7.4%;3.8%;3.0%;;;
2014.08.31 20:30:00;AUD;1;MI Inflation Gauge m/m;0.2%;;0.0%;;;
2014.08.31 20:59:00;CNY;3;Manufacturing PMI;51.7;51.2;51.1;;;
2014.08.31 21:30:00;AUD;2;Company Operating Profits q/q;3.1%;-1.8%;-6.9%;;2.0%;
2014.08.31 21:35:00;JPY;1;Final Manufacturing PMI;52.4;52.4;52.2;;;
2014.08.31 21:45:00;CNY;3;Caixin Manufacturing PMI;50.3;50.3;50.2;;;
