2015.09.01 00:30:00;AUD;3;Cash Rate;2.00%;2.00%;2.00%;;;
2015.09.01 00:30:00;AUD;3;RBA Rate Statement;;;;;;
2015.09.01 02:30:00;AUD;1;Commodity Prices y/y;-20.2%;;-20.9%;;-19.1%;
2015.09.01 03:15:00;EUR;2;Spanish Manufacturing PMI;53.6;53.9;53.2;;;
2015.09.01 03:30:00;CHF;1;Manufacturing PMI;48.7;49.9;52.2;;;
2015.09.01 03:45:00;EUR;1;Italian Manufacturing PMI;55.3;56.2;53.8;;;
2015.09.01 03:50:00;EUR;1;French Final Manufacturing PMI;48.6;48.6;48.3;;;
2015.09.01 03:55:00;EUR;2;German Unemployment Change;9K;-3K;-7K;;8K;
2015.09.01 03:55:00;EUR;1;German Final Manufacturing PMI;53.2;53.2;53.3;;;
2015.09.01 04:00:00;EUR;1;Final Manufacturing PMI;52.4;52.4;52.3;;;
2015.09.01 04:00:00;EUR;1;Italian Monthly Unemployment Rate;12.7%;12.7%;12.0%;;12.5%;
2015.09.01 04:00:00;EUR;1;Italian Quarterly Unemployment Rate;12.4%;12.5%;12.4%;;12.3%;
2015.09.01 04:30:00;GBP;3;Final Manufacturing PMI;51.9;51.9;51.5;;;
2015.09.01 04:30:00;GBP;2;Net Lending to Individuals m/m;3.8B;3.9B;3.9B;;3.9B;
2015.09.01 04:30:00;GBP;1;M4 Money Supply m/m;-0.5%;0.2%;1.0%;;;
2015.09.01 04:30:00;GBP;1;Mortgage Approvals;67K;68K;69K;;;
2015.09.01 05:00:00;EUR;2;Unemployment Rate;11.1%;11.1%;10.9%;;;
2015.09.01 08:30:00;CAD;3;GDP m/m;-0.2%;0.2%;0.5%;;;
2015.09.01 09:30:00;CAD;1;Manufacturing PMI;50.8;;49.4;;;
2015.09.01 09:45:00;USD;1;Final Manufacturing PMI;52.9;52.9;53.0;;;
2015.09.01 10:00:00;USD;3;ISM Manufacturing PMI;52.7;52.6;51.1;;;
2015.09.01 10:00:00;USD;1;Construction Spending m/m;0.1%;0.8%;0.7%;;0.7%;
2015.09.01 10:00:00;USD;1;ISM Manufacturing Prices;44.0;39.7;39.0;;;
2015.09.01 10:00:00;USD;1;RCM/TIPP Economic Optimism;46.9;47.3;42.0;;;
2015.09.01 10:49:00;NZD;3;GDT Price Index;14.8%;;10.9%;;;
2015.09.01 00:00:00;USD;1;Total Vehicle Sales (All Day);17.6M;17.3M;17.8M;;;
2015.09.01 19:50:00;JPY;1;Monetary Base y/y;32.8%;33.2%;33.3%;;;
2015.09.01 21:00:00;NZD;1;ANZ Commodity Prices m/m;-11.2%;;-5.2%;;-5.5%;
2015.09.01 21:30:00;AUD;3;GDP q/q;0.9%;0.4%;0.2%;;;
2015.09.02 03:00:00;EUR;2;Spanish Unemployment Change;-74.0K;35.3K;21.7K;;;
2015.09.02 04:30:00;GBP;3;Construction PMI;57.1;57.6;57.3;;;
2015.09.02 05:00:00;EUR;1;PPI m/m;-0.1%;-0.1%;-0.1%;;;
2015.09.02 08:15:00;USD;3;ADP Non-Farm Employment Change;185K;204K;190K;;177K;
2015.09.02 08:30:00;USD;2;Revised Nonfarm Productivity q/q;1.3%;2.9%;3.3%;;;
2015.09.02 08:30:00;USD;1;Revised Unit Labor Costs q/q;0.5%;-0.5%;-1.4%;;;
2015.09.02 10:00:00;USD;2;Factory Orders m/m;1.8%;0.8%;0.4%;;2.2%;
2015.09.02 10:30:00;USD;2;Crude Oil Inventories;-5.5M;-0.7M;4.7M;;;
2015.09.02 14:00:00;USD;1;Beige Book;;;;;;
2015.09.02 19:30:00;AUD;1;AIG Services Index;54.1;;55.6;;;
2015.09.02 00:00:00;CNY;0;Bank Holiday (All Day);;;;;;
2015.09.02 21:30:00;AUD;3;Goods Trade Balance;-2.93B;-3.10B;-2.46B;;-3.05B;
2015.09.02 21:30:00;AUD;3;Retail Sales m/m;0.7%;0.4%;-0.1%;;0.6%;
2015.09.03 03:15:00;EUR;1;Spanish Services PMI;59.7;59.3;59.6;;;
2015.09.03 03:45:00;EUR;1;Italian Services PMI;52.0;53.1;54.6;;;
2015.09.03 03:50:00;EUR;1;French Final Services PMI;51.8;51.8;50.6;;;
2015.09.03 03:55:00;EUR;1;German Final Services PMI;53.6;53.6;54.9;;;
2015.09.03 04:00:00;EUR;1;Final Services PMI;54.3;54.3;54.4;;;
2015.09.03 04:30:00;GBP;3;Final Services PMI;57.4;57.6;55.6;;;
2015.09.03 04:51:00;EUR;1;Spanish 10-y Bond Auction;1.92|2.3;;2.13|1.8;;;
2015.09.03 05:00:00;EUR;1;French 10-y Bond Auction;1.02|2.0;;1.21|1.7;;;
2015.09.03 05:00:00;EUR;1;Retail Sales m/m;-0.6%;0.6%;0.4%;;-0.2%;
2015.09.03 07:30:00;USD;1;Challenger Job Cuts y/y;125.4%;;2.9%;;;
2015.09.03 07:45:00;EUR;3;Main Refinancing Rate;0.05%;0.05%;0.05%;;;
2015.09.03 08:30:00;CAD;3;Trade Balance;-0.5B;-1.4B;-0.6B;;-0.8B;
2015.09.03 08:30:00;EUR;3;ECB Press Conference;;;;;;
2015.09.03 08:30:00;USD;3;Trade Balance;-43.8B;-43.2B;-41.9B;;-45.2B;
2015.09.03 08:30:00;USD;3;Unemployment Claims;271K;273K;282K;;270K;
2015.09.03 09:45:00;USD;1;Final Services PMI;55.2;55.2;56.1;;;
2015.09.03 10:00:00;USD;3;ISM Services PMI;60.3;58.3;59.0;;;
2015.09.03 10:30:00;USD;1;Natural Gas Storage;69B;88B;94B;;;
2015.09.03 00:00:00;CNY;0;Bank Holiday (All Day);;;;;;
2015.09.03 21:30:00;JPY;1;Average Cash Earnings y/y;-2.4%;2.1%;0.6%;;-2.5%;
2015.09.04 02:00:00;EUR;2;German Factory Orders m/m;2.0%;-0.5%;-1.4%;;1.8%;
2015.09.04 03:15:00;CHF;1;CPI m/m;-0.6%;-0.2%;-0.2%;;;
2015.09.04 04:10:00;EUR;1;Retail PMI;54.2;;51.4;;;
2015.09.04 00:00:00;All;2;G20 Meetings (Day 1);;;;;;
2015.09.04 08:10:00;USD;3;FOMC Member Lacker Speaks;;;;;;
2015.09.04 08:30:00;CAD;3;Employment Change;6.6K;-4.8K;12.0K;;;
2015.09.04 08:30:00;CAD;3;Unemployment Rate;6.8%;6.8%;7.0%;;;
2015.09.04 08:30:00;CAD;2;Labor Productivity q/q;-0.1%;-0.7%;-0.6%;;-0.5%;
2015.09.04 08:30:00;USD;3;Average Hourly Earnings m/m;0.2%;0.2%;0.3%;;;
2015.09.04 08:30:00;USD;3;Non-Farm Employment Change;215K;215K;173K;;245K;
2015.09.04 08:30:00;USD;3;Unemployment Rate;5.3%;5.2%;5.1%;;;
2015.09.04 10:00:00;CAD;3;Ivey PMI;52.9;53.5;58.0;;;
2015.09.05 00:00:00;All;3;G20 Meetings (Day 2);;;;;;
2015.09.06 19:30:00;AUD;1;AIG Construction Index;47.1;;53.8;;;
2015.09.06 21:30:00;AUD;2;ANZ Job Advertisements m/m;-0.4%;;1.0%;;-0.5%;
2015.09.07 01:00:00;JPY;1;Leading Indicators;107.2%;104.9%;104.9%;;106.5%;
2015.09.07 02:00:00;EUR;1;German Industrial Production m/m;-1.4%;1.2%;0.7%;;-0.9%;
2015.09.07 03:00:00;CHF;2;Foreign Currency Reserves;532B;;540B;;531B;
2015.09.07 04:30:00;EUR;1;Sentix Investor Confidence;18.4;16.2;13.6;;;
2015.09.07 00:00:00;CAD;0;Bank Holiday (All Day);;;;;;
2015.09.07 00:00:00;USD;0;Bank Holiday (All Day);;;;;;
2015.09.07 18:45:00;NZD;1;Manufacturing Sales q/q;-2.8%;;0.4%;;-2.6%;
2015.09.07 19:01:00;GBP;1;BRC Retail Sales Monitor y/y;1.2%;;-1.0%;;;
2015.09.07 19:50:00;JPY;2;Current Account;1.30T;1.25T;1.32T;;;
2015.09.07 19:50:00;JPY;2;Final GDP q/q;-0.4%;-0.4%;-0.3%;;;
2015.09.07 19:50:00;JPY;1;Bank Lending y/y;2.6%;;2.7%;;;
2015.09.07 19:50:00;JPY;1;Final GDP Price Index y/y;1.6%;1.6%;1.5%;;;
2015.09.07 21:30:00;AUD;3;NAB Business Confidence;4;;1;;;
2015.09.07 22:33:00;CNY;3;Trade Balance;263B;348B;368B;;;
2015.09.07 23:04:00;CNY;1;USD-Denominated Trade Balance;43.0B;48.6B;60.2B;;;
2015.09.07 23:45:00;JPY;1;30-y Bond Auction;1.44|3.3;;1.41|3.1;;;
2015.09.08 01:00:00;JPY;1;Economy Watchers Sentiment;51.6;52.1;49.3;;;
2015.09.08 01:45:00;CHF;1;Unemployment Rate;3.3%;3.3%;3.3%;;;
2015.09.08 02:00:00;EUR;1;German Trade Balance;22.0B;21.8B;22.8B;;22.1B;
2015.09.08 02:45:00;EUR;1;French Gov Budget Balance;-58.5B;;-79.8B;;;
2015.09.08 02:45:00;EUR;1;French Trade Balance;-2.7B;-3.2B;-3.3B;;-2.8B;
2015.09.08 05:00:00;EUR;1;Revised GDP q/q;0.3%;0.3%;0.4%;;;
2015.09.08 05:34:00;GBP;1;30-y Bond Auction;2.73|1.9;;2.45|1.4;;;
2015.09.08 06:00:00;USD;1;NFIB Small Business Index;95.4;96.0;95.9;;;
2015.09.08 10:07:00;USD;1;Labor Market Conditions Index m/m;1.1;;2.1;;1.8;
2015.09.08 15:13:00;USD;1;Consumer Credit m/m;20.7B;18.4B;19.1B;;27.0B;
2015.09.08 19:01:00;GBP;1;BRC Shop Price Index y/y;-1.4%;;-1.4%;;;
2015.09.08 19:50:00;JPY;1;M2 Money Stock y/y;4.1%;4.1%;4.2%;;4.0%;
2015.09.08 20:30:00;AUD;2;Westpac Consumer Sentiment;7.8%;;-5.6%;;;
2015.09.08 21:30:00;AUD;2;Home Loans m/m;4.4%;0.8%;0.3%;;4.8%;
2015.09.08 23:10:00;AUD;2;RBA Deputy Gov Lowe Speaks;;;;;;
2015.09.09 01:00:00;JPY;1;Consumer Confidence;40.3;40.6;41.7;;;
2015.09.09 01:59:00;JPY;1;Prelim Machine Tool Orders y/y;1.6%;;-16.5%;;1.7%;
2015.09.09 04:30:00;GBP;3;Manufacturing Production m/m;0.2%;0.2%;-0.8%;;;
2015.09.09 04:30:00;GBP;2;Goods Trade Balance;-9.2B;-9.5B;-11.1B;;-8.5B;
2015.09.09 04:30:00;GBP;1;Industrial Production m/m;-0.4%;0.1%;-0.4%;;;
2015.09.09 05:00:00;AUD;2;RBA Deputy Gov Debelle Speaks;;;;;;
2015.09.09 05:34:00;EUR;1;German 10-y Bond Auction;0.61|1.3;;0.69|1.2;;;
2015.09.09 08:13:00;CAD;1;Housing Starts;193K;194K;217K;;;
2015.09.09 08:30:00;CAD;3;Building Permits m/m;14.8%;-4.7%;-0.6%;;15.5%;
2015.09.09 10:00:00;CAD;3;BOC Rate Statement;;;;;;
2015.09.09 10:00:00;CAD;3;Overnight Rate;0.50%;0.50%;0.50%;;;
2015.09.09 10:00:00;GBP;2;NIESR GDP Estimate;0.7%;;0.5%;;0.6%;
2015.09.09 10:00:00;USD;2;JOLTS Job Openings;5.25M;5.30M;5.75M;;5.32M;
2015.09.09 13:01:00;USD;1;10-y Bond Auction;2.12|2.4;;2.24|2.7;;;
2015.09.09 17:00:00;NZD;3;Official Cash Rate;3.00%;2.75%;2.75%;;;
2015.09.09 17:00:00;NZD;3;RBNZ Rate Statement;;;;;;
2015.09.09 17:00:00;NZD;2;RBNZ Monetary Policy Statement;;;;;;
2015.09.09 17:05:00;NZD;3;RBNZ Press Conference;;;;;;
2015.09.09 19:01:00;GBP;1;RICS House Price Balance;44%;46%;53%;;;
2015.09.09 19:50:00;JPY;2;Core Machinery Orders m/m;-7.9%;3.4%;-3.6%;;;
2015.09.09 19:50:00;JPY;1;PPI y/y;-3.0%;-3.2%;-3.6%;;-3.1%;
2015.09.09 21:00:00;AUD;2;MI Inflation Expectations;3.7%;;3.2%;;;
2015.09.09 21:10:00;NZD;3;RBNZ Gov Wheeler Speaks;;;;;;
2015.09.09 21:30:00;AUD;3;Employment Change;38.5K;5.2K;17.4K;;39.2K;
2015.09.09 21:30:00;AUD;3;Unemployment Rate;6.3%;6.2%;6.2%;;;
2015.09.09 21:30:00;CNY;3;CPI y/y;1.6%;1.9%;2.0%;;;
2015.09.09 21:30:00;CNY;2;PPI y/y;-5.4%;-5.6%;-5.9%;;;
2015.09.10 01:30:00;EUR;1;French Final Private Payrolls q/q;0.2%;0.2%;0.2%;;;
2015.09.10 02:45:00;EUR;1;French Industrial Production m/m;-0.1%;0.3%;-0.8%;;0.0%;
2015.09.10 03:00:00;GBP;2;Halifax HPI m/m;-0.6%;0.5%;2.7%;;-0.4%;
2015.09.10 03:42:00;CNY;1;Foreign Direct Investment ytd/y;7.9%;;9.2%;;;
2015.09.10 07:00:00;GBP;3;Monetary Policy Summary;;;;;;
2015.09.10 07:00:00;GBP;3;MPC Official Bank Rate Votes;1-0-8;1-0-8;1-0-8;;;
2015.09.10 07:00:00;GBP;3;Official Bank Rate;0.50%;0.50%;0.50%;;;
2015.09.10 07:00:00;GBP;2;Asset Purchase Facility;375B;375B;375B;;;
2015.09.10 07:00:00;GBP;2;MPC Asset Purchase Facility Votes;0-0-9;0-0-9;0-0-9;;;
2015.09.10 08:30:00;CAD;2;NHPI m/m;0.3%;0.2%;0.1%;;;
2015.09.10 08:30:00;CAD;1;Capacity Utilization Rate;82.7%;81.8%;81.3%;;82.6%;
2015.09.10 08:30:00;USD;3;Unemployment Claims;282K;279K;275K;;281K;
2015.09.10 08:30:00;USD;2;Import Prices m/m;-0.9%;-1.7%;-1.8%;;;
2015.09.10 10:00:00;USD;1;Final Wholesale Inventories m/m;0.9%;0.2%;-0.1%;;0.7%;
2015.09.10 10:30:00;USD;1;Natural Gas Storage;94B;76B;68B;;;
2015.09.10 11:00:00;USD;2;Crude Oil Inventories;4.7M;0.9M;2.6M;;;
2015.09.10 13:01:00;USD;1;30-y Bond Auction;2.88|2.3;;2.98|2.5;;;
2015.09.10 18:30:00;NZD;1;BusinessNZ Manufacturing Index;53.5;;55.0;;53.7;
2015.09.10 18:45:00;NZD;1;FPI m/m;0.6%;;-0.5%;;;
2015.09.10 19:50:00;JPY;2;BSI Manufacturing Index;-6.0;-1.9;11.0;;;
2015.09.11 02:00:00;EUR;1;German Final CPI m/m;0.0%;0.0%;0.0%;;;
2015.09.11 02:00:00;EUR;1;German WPI m/m;0.1%;0.2%;-0.8%;;;
2015.09.11 04:00:00;CNY;1;M2 Money Supply y/y;13.3%;13.3%;13.3%;;;
2015.09.11 04:00:00;CNY;1;New Loans;1480B;850B;810B;;;
2015.09.11 04:00:00;EUR;1;Italian Industrial Production m/m;-1.1%;0.9%;1.1%;;-1.0%;
2015.09.11 04:30:00;GBP;1;Construction Output m/m;0.9%;0.5%;-1.0%;;;
2015.09.11 04:30:00;GBP;1;Consumer Inflation Expectations;2.2%;;2.0%;;;
2015.09.11 00:00:00;EUR;2;ECOFIN Meetings (Day 1);;;;;;
2015.09.11 07:30:00;GBP;2;MPC Member Forbes Speaks;;;;;;
2015.09.11 08:30:00;USD;3;PPI m/m;0.2%;-0.1%;0.0%;;;
2015.09.11 08:30:00;USD;2;Core PPI m/m;0.3%;0.1%;0.3%;;;
2015.09.11 10:00:00;USD;3;Prelim UoM Consumer Sentiment;92.9;91.4;85.7;;91.9;
2015.09.11 10:00:00;USD;1;Prelim UoM Inflation Expectations;2.8%;;2.9%;;;
2015.09.11 13:55:00;USD;1;Federal Budget Balance;-149.2B;-82.3B;-64.4B;;;
2015.09.12 00:00:00;EUR;2;ECOFIN Meetings (Day 2);;;;;;
2015.09.12 00:00:00;EUR;2;Eurogroup Meetings (All Day);;;;;;
2015.09.13 01:30:00;CNY;3;Industrial Production y/y;6.0%;6.3%;6.1%;;;
2015.09.13 01:30:00;CNY;2;Fixed Asset Investment ytd/y;11.2%;11.2%;10.9%;;;
2015.09.13 01:30:00;CNY;1;Retail Sales y/y;10.5%;10.6%;10.8%;;;
2015.09.13 18:30:00;NZD;1;BusinessNZ Services Index;56.5;;58.2;;57.3;
2015.09.14 00:30:00;JPY;1;Revised Industrial Production m/m;-0.6%;-0.6%;-0.8%;;;
2015.09.14 00:30:00;JPY;1;Tertiary Industry Activity m/m;0.3%;0.2%;0.2%;;;
2015.09.14 03:15:00;CHF;2;PPI m/m;-0.3%;-0.4%;-0.7%;;;
2015.09.14 03:15:00;CHF;2;Retail Sales y/y;-0.9%;1.5%;-0.1%;;-1.2%;
2015.09.14 05:00:00;EUR;1;Industrial Production m/m;-0.4%;0.3%;0.6%;;-0.3%;
2015.09.14 21:30:00;AUD;3;Monetary Policy Meeting Minutes;;;;;;
2015.09.14 21:30:00;AUD;1;New Motor Vehicle Sales m/m;-1.3%;;-1.6%;;-1.6%;
2015.09.14 23:07:00;JPY;3;Monetary Policy Statement;;;;;;
2015.09.15 02:30:00;JPY;3;BOJ Press Conference;;;;;;
2015.09.15 02:45:00;EUR;1;French Final CPI m/m;-0.4%;0.4%;0.3%;;;
2015.09.15 04:30:00;GBP;3;CPI y/y;0.1%;0.0%;0.0%;;;
2015.09.15 04:30:00;GBP;2;PPI Input m/m;-0.9%;-2.3%;-2.4%;;-1.2%;
2015.09.15 04:30:00;GBP;2;RPI y/y;1.0%;0.9%;1.1%;;;
2015.09.15 04:30:00;GBP;1;Core CPI y/y;1.2%;1.0%;1.0%;;;
2015.09.15 04:30:00;GBP;1;ONS HPI y/y;5.7%;6.2%;5.2%;;;
2015.09.15 04:30:00;GBP;1;PPI Output m/m;-0.1%;-0.2%;-0.4%;;;
2015.09.15 05:00:00;EUR;3;German ZEW Economic Sentiment;25.0;18.3;12.1;;;
2015.09.15 05:00:00;EUR;2;ZEW Economic Sentiment;47.6;42.1;33.3;;;
2015.09.15 05:00:00;EUR;1;Final Employment Change q/q;0.1%;0.1%;0.3%;;0.2%;
2015.09.15 05:00:00;EUR;1;Trade Balance;21.9B;21.4B;22.4B;;;
2015.09.15 08:30:00;USD;3;Core Retail Sales m/m;0.4%;0.2%;0.1%;;0.6%;
2015.09.15 08:30:00;USD;3;Retail Sales m/m;0.6%;0.3%;0.2%;;0.7%;
2015.09.15 08:30:00;USD;2;Empire State Manufacturing Index;-14.9;-0.5;-14.7;;;
2015.09.15 09:15:00;USD;2;Capacity Utilization Rate;78.0%;77.9%;77.6%;;;
2015.09.15 09:15:00;USD;2;Industrial Production m/m;0.6%;-0.1%;-0.4%;;0.9%;
2015.09.15 09:30:00;GBP;1;CB Leading Index m/m;-0.2%;;-0.3%;;-0.3%;
2015.09.15 10:00:00;USD;1;Business Inventories m/m;0.8%;-0.2%;0.1%;;0.7%;
2015.09.15 11:15:00;NZD;3;GDT Price Index;10.9%;;16.5%;;;
2015.09.15 18:45:00;NZD;2;Current Account;0.66B;-1.40B;-1.22B;;0.82B;
2015.09.15 19:30:00;AUD;2;RBA Deputy Gov Debelle Speaks;;;;;;
2015.09.15 20:30:00;AUD;1;MI Leading Index m/m;0.0%;;-0.3%;;0.1%;
2015.09.16 01:00:00;JPY;1;BOJ Monthly Report;;;;;;
2015.09.16 04:30:00;GBP;3;Average Earnings Index 3m/y;2.4%;2.5%;2.9%;;2.6%;
2015.09.16 04:30:00;GBP;3;Claimant Count Change;-4.9K;-5.1K;1.2K;;-6.8K;
2015.09.16 04:30:00;GBP;2;Unemployment Rate;5.6%;5.6%;5.5%;;;
2015.09.16 05:00:00;CHF;1;Credit Suisse Economic Expectations;5.9;;9.7;;;
2015.09.16 05:00:00;EUR;2;Final CPI y/y;0.2%;0.2%;0.1%;;;
2015.09.16 05:00:00;EUR;1;Final Core CPI y/y;1.0%;1.0%;0.9%;;;
2015.09.16 05:33:00;EUR;1;German 30-y Bond Auction;1.18|1.1;;1.49|1.0;;;
2015.09.16 05:35:00;GBP;1;10-y Bond Auction;1.98|1.4;;1.95|1.4;;;
2015.09.16 08:30:00;CAD;3;Manufacturing Sales m/m;1.2%;1.1%;1.7%;;1.5%;
2015.09.16 08:30:00;CAD;2;Foreign Securities Purchases;8.51B;5.50B;-10.12B;;8.79B;
2015.09.16 08:30:00;USD;3;Core CPI m/m;0.1%;0.1%;0.1%;;;
2015.09.16 08:30:00;USD;3;CPI m/m;0.1%;0.0%;-0.1%;;;
2015.09.16 08:30:00;USD;3;CPI y/y;0.2%;0.2%;0.2%;;;
2015.09.16 09:15:00;GBP;3;Monetary Policy Report Hearings;;;;;;
2015.09.16 10:00:00;USD;1;NAHB Housing Market Index;61;61;62;;;
2015.09.16 10:30:00;USD;2;Crude Oil Inventories;2.6M;0.7M;-2.1M;;;
2015.09.16 13:20:00;CAD;1;Gov Council Member Cote Speaks;;;;;;
2015.09.16 16:00:00;USD;1;TIC Long-Term Purchases;103.1B;27.5B;7.7B;;;
2015.09.16 18:45:00;NZD;3;GDP q/q;0.2%;0.5%;0.4%;;;
2015.09.16 19:50:00;JPY;2;Trade Balance;-0.37T;-0.35T;-0.36T;;-0.38T;
2015.09.16 21:30:00;AUD;1;RBA Bulletin;;;;;;
2015.09.17 01:45:00;CHF;1;SECO Economic Forecasts;;;;;;
2015.09.17 02:35:00;JPY;3;BOJ Gov Kuroda Speaks;;;;;;
2015.09.17 03:30:00;CHF;3;Libor Rate;-0.75%;-0.75%;-0.75%;;;
2015.09.17 03:30:00;CHF;3;SNB Monetary Policy Assessment;;;;;;
2015.09.17 04:00:00;EUR;1;ECB Economic Bulletin;;;;;;
2015.09.17 04:02:00;EUR;1;Italian Trade Balance;2.81B;2.47B;8.03B;;;
2015.09.17 04:30:00;GBP;3;Retail Sales m/m;0.1%;0.2%;0.2%;;0.0%;
2015.09.17 04:51:00;EUR;1;Spanish 10-y Bond Auction;2.13|1.8;;2.15|2.5;;;
2015.09.17 08:30:00;USD;3;Building Permits;1.12M;1.15M;1.17M;;1.13M;
2015.09.17 08:30:00;USD;3;Unemployment Claims;275K;276K;264K;;;
2015.09.17 08:30:00;USD;2;Current Account;-113B;-111B;-110B;;-118B;
2015.09.17 08:30:00;USD;2;Housing Starts;1.21M;1.16M;1.13M;;1.16M;
2015.09.17 10:00:00;USD;3;Philly Fed Manufacturing Index;8.3;6.1;-6.0;;;
2015.09.17 10:30:00;USD;1;Natural Gas Storage;68B;70B;73B;;;
2015.09.17 14:00:00;USD;3;Federal Funds Rate;<0.25%;<0.25%;<0.25%;;;
2015.09.17 14:00:00;USD;3;FOMC Economic Projections;;;;;;
2015.09.17 14:00:00;USD;3;FOMC Statement;;;;;;
2015.09.17 14:30:00;USD;3;FOMC Press Conference;;;;;;
2015.09.17 19:30:00;AUD;3;RBA Gov Stevens Speaks;;;;;;
2015.09.17 19:50:00;JPY;2;Monetary Policy Meeting Minutes;;;;;;
2015.09.18 04:00:00;EUR;1;Current Account;25.4B;21.3B;22.6B;;24.9B;
2015.09.18 07:00:00;GBP;1;BOE Quarterly Bulletin;;;;;;
2015.09.18 07:05:00;GBP;2;MPC Member Haldane Speaks;;;;;;
2015.09.18 08:30:00;CAD;3;Core CPI m/m;0.0%;0.2%;0.2%;;;
2015.09.18 08:30:00;CAD;2;CPI m/m;0.1%;0.0%;0.0%;;;
2015.09.18 10:00:00;USD;1;CB Leading Index m/m;-0.2%;0.2%;0.1%;;;
2015.09.19 13:30:00;USD;2;FOMC Member Williams Speaks;;;;;;
2015.09.20 00:00:00;EUR;3;Greek Parliamentary Election (All Day);;;;;;
2015.09.20 18:00:00;NZD;1;Westpac Consumer Sentiment;113.0;;106.0;;;
2015.09.20 18:45:00;NZD;1;Visitor Arrivals m/m;-2.7%;;0.2%;;;
2015.09.20 19:01:00;GBP;1;Rightmove HPI m/m;-0.8%;;0.9%;;;
2015.09.20 00:00:00;JPY;0;Bank Holiday (All Day);;;;;;
2015.09.20 23:00:00;NZD;1;Credit Card Spending y/y;9.7%;;10.5%;;9.8%;
2015.09.21 02:00:00;EUR;1;German PPI m/m;0.0%;-0.3%;-0.5%;;;
2015.09.21 06:00:00;EUR;1;German Buba Monthly Report;;;;;;
2015.09.21 08:30:00;CAD;2;Wholesale Sales m/m;1.3%;0.3%;0.0%;;;
2015.09.21 10:00:00;USD;2;Existing Home Sales;5.59M;5.50M;5.31M;;5.58M;
2015.09.21 13:00:00;USD;2;FOMC Member Lockhart Speaks;;;;;;
2015.09.21 14:45:00;CAD;3;BOC Gov Poloz Speaks;;;;;;
2015.09.21 00:00:00;JPY;0;Bank Holiday (All Day);;;;;;
2015.09.21 21:30:00;AUD;2;HPI q/q;1.6%;2.5%;4.7%;;;
2015.09.21 22:00:00;CNY;1;CB Leading Index m/m;0.9%;;1.0%;;;
2015.09.22 02:00:00;CHF;2;Trade Balance;3.74B;2.77B;2.87B;;3.58B;
2015.09.22 04:30:00;GBP;2;Public Sector Net Borrowing;-2.1B;8.7B;11.3B;;-0.1B;
2015.09.22 06:00:00;GBP;1;CBI Industrial Order Expectations;-1;0;-7;;;
2015.09.22 09:00:00;USD;1;HPI m/m;0.2%;0.4%;0.6%;;;
2015.09.22 09:59:00;USD;1;Richmond Manufacturing Index;0;4;-5;;;
2015.09.22 10:00:00;EUR;1;Consumer Confidence;-7;-7;-7;;;
2015.09.22 14:00:00;GBP;2;MPC Member Shafik Speaks;;;;;;
2015.09.22 19:00:00;USD;2;FOMC Member Lockhart Speaks;;;;;;
2015.09.22 20:00:00;AUD;1;CB Leading Index m/m;-0.2%;;0.3%;;-0.3%;
2015.09.22 00:00:00;JPY;0;Bank Holiday (All Day);;;;;;
2015.09.22 21:45:00;CNY;3;Caixin Flash Manufacturing PMI;47.1;47.6;47.0;;47.3;
2015.09.23 03:00:00;EUR;3;French Flash Manufacturing PMI;48.6;48.6;50.4;;48.3;
2015.09.23 03:00:00;EUR;2;French Flash Services PMI;51.8;51.1;51.2;;50.6;
2015.09.23 03:30:00;EUR;3;German Flash Manufacturing PMI;53.2;52.8;52.5;;53.3;
2015.09.23 03:30:00;EUR;2;German Flash Services PMI;53.6;54.5;54.3;;54.9;
2015.09.23 04:00:00;EUR;2;Flash Manufacturing PMI;52.4;52.2;52.0;;52.3;
2015.09.23 04:00:00;EUR;2;Flash Services PMI;54.3;54.1;54.0;;54.4;
2015.09.23 08:30:00;CAD;3;Core Retail Sales m/m;0.8%;0.4%;0.0%;;0.5%;
2015.09.23 08:30:00;CAD;2;Retail Sales m/m;0.6%;0.5%;0.5%;;0.4%;
2015.09.23 09:00:00;CHF;1;SNB Quarterly Bulletin;;;;;;
2015.09.23 09:00:00;EUR;3;ECB President Draghi Speaks;;;;;;
2015.09.23 09:45:00;USD;1;Flash Manufacturing PMI;52.9;53.3;53.0;;53.0;
2015.09.23 10:30:00;USD;2;Crude Oil Inventories;-2.1M;-1.0M;-1.9M;;;
2015.09.23 12:00:00;GBP;2;MPC Member Broadbent Speaks;;;;;;
2015.09.23 12:30:00;USD;2;FOMC Member Lockhart Speaks;;;;;;
2015.09.23 18:45:00;NZD;2;Trade Balance;-649M;-875M;-1035M;;-726M;
2015.09.23 21:35:00;JPY;1;Flash Manufacturing PMI;51.9;51.3;50.9;;51.7;
2015.09.24 00:30:00;JPY;1;All Industries Activity m/m;0.3%;0.1%;0.2%;;0.5%;
2015.09.24 02:00:00;EUR;1;German GfK Consumer Climate;9.9;9.8;9.6;;;
2015.09.24 04:00:00;EUR;3;German ifo Business Climate;108.3;107.8;108.5;;108.4;
2015.09.24 04:30:00;GBP;1;High Street Lending;46.0K;46.3K;46.7K;;46.3K;
2015.09.24 05:00:00;EUR;1;Italian Retail Sales m/m;-0.3%;0.2%;0.4%;;-0.4%;
2015.09.24 05:31:00;EUR;3;Long Term Refinancing Operation;73.8B;50.3B;15.5B;;;
2015.09.24 08:30:00;USD;3;Core Durable Goods Orders m/m;0.6%;0.2%;0.0%;;0.4%;
2015.09.24 08:30:00;USD;3;Unemployment Claims;264K;268K;267K;;;
2015.09.24 08:30:00;USD;2;Durable Goods Orders m/m;2.0%;-2.0%;-2.0%;;2.2%;
2015.09.24 09:00:00;EUR;1;Belgian NBB Business Climate;-5.1;-4.7;-6.8;;;
2015.09.24 10:00:00;USD;2;New Home Sales;507K;516K;552K;;522K;
2015.09.24 10:30:00;USD;1;Natural Gas Storage;73B;95B;106B;;;
2015.09.24 17:00:00;USD;3;Fed Chair Yellen Speaks;;;;;;
2015.09.24 19:30:00;JPY;2;Tokyo Core CPI y/y;-0.1%;-0.2%;-0.2%;;;
2015.09.24 19:30:00;JPY;1;National Core CPI y/y;0.0%;-0.1%;-0.1%;;;
2015.09.24 19:50:00;JPY;1;SPPI y/y;0.6%;0.5%;0.7%;;;
2015.09.25 03:00:00;EUR;2;German Buba President Weidmann Speaks;;;;;;
2015.09.25 04:00:00;EUR;2;M3 Money Supply y/y;5.3%;5.4%;4.8%;;;
2015.09.25 04:00:00;EUR;1;Private Loans y/y;0.9%;1.1%;1.0%;;;
2015.09.25 04:30:00;GBP;1;FPC Statement;;;;;;
2015.09.25 08:30:00;USD;3;Final GDP q/q;3.7%;3.7%;3.9%;;;
2015.09.25 08:30:00;USD;1;Final GDP Price Index q/q;2.1%;2.1%;2.1%;;;
2015.09.25 09:45:00;USD;1;Flash Services PMI;55.2;55.5;55.6;;56.1;
2015.09.25 10:00:00;USD;2;Revised UoM Consumer Sentiment;85.7;87.2;87.2;;;
2015.09.25 10:00:00;USD;1;Revised UoM Inflation Expectations;2.9%;;2.8%;;;
2015.09.25 12:30:00;EUR;2;German Buba President Weidmann Speaks;;;;;;
2015.09.26 10:00:00;NZD;0;Daylight Saving Time Shift;;;;;;
2015.09.28 03:00:00;GBP;2;MPC Member Cunliffe Speaks;;;;;;
2015.09.28 05:15:00;USD;2;FOMC Member Tarullo Speaks;;;;;;
2015.09.28 08:30:00;USD;3;FOMC Member Dudley Speaks;;;;;;
2015.09.28 08:30:00;USD;2;Core PCE Price Index m/m;0.1%;0.1%;0.1%;;;
2015.09.28 08:30:00;USD;2;Personal Spending m/m;0.3%;0.3%;0.4%;;0.4%;
2015.09.28 08:30:00;USD;1;Personal Income m/m;0.4%;0.4%;0.3%;;0.5%;
2015.09.28 10:00:00;USD;2;Pending Home Sales m/m;0.5%;0.4%;-1.4%;;;
2015.09.28 13:30:00;USD;2;FOMC Member Evans Speaks;;;;;;
2015.09.28 17:00:00;USD;2;FOMC Member Williams Speaks;;;;;;
2015.09.29 02:00:00;EUR;1;German Import Prices m/m;-0.7%;-1.4%;-1.5%;;;
2015.09.29 00:00:00;EUR;2;German Prelim CPI m/m (All Day);0.0%;-0.1%;-0.2%;;;
2015.09.29 03:00:00;EUR;2;Spanish Flash CPI y/y;-0.4%;-0.6%;-0.9%;;;
2015.09.29 04:30:00;GBP;2;Net Lending to Individuals m/m;3.9B;4.1B;4.3B;;4.0B;
2015.09.29 04:30:00;GBP;1;M4 Money Supply m/m;1.0%;0.7%;-0.4%;;;
2015.09.29 04:30:00;GBP;1;Mortgage Approvals;69K;70K;71K;;;
2015.09.29 05:21:00;EUR;1;Italian 10-y Bond Auction;1.95|1.4;;1.82|1.3;;;
2015.09.29 06:00:00;GBP;1;CBI Realized Sales;24;29;49;;;
2015.09.29 08:30:00;CAD;2;RMPI m/m;-5.9%;-7.3%;-6.6%;;-6.0%;
2015.09.29 08:30:00;CAD;1;IPPI m/m;0.7%;-0.8%;-0.3%;;0.6%;
2015.09.29 08:30:00;USD;2;Goods Trade Balance;-59.1B;-57.3B;-67.2B;;;
2015.09.29 09:00:00;USD;1;S&P/CS Composite-20 HPI y/y;5.0%;5.1%;5.0%;;4.9%;
2015.09.29 10:00:00;USD;3;CB Consumer Confidence;101.5;96.2;103.0;;101.3;
2015.09.29 15:15:00;GBP;3;BOE Gov Carney Speaks;;;;;;
2015.09.29 17:45:00;NZD;1;Building Consents m/m;20.4%;;-4.9%;;20.3%;
2015.09.29 19:05:00;GBP;1;GfK Consumer Confidence;7;5;3;;;
2015.09.29 19:50:00;JPY;2;Retail Sales y/y;1.6%;1.2%;0.8%;;1.8%;
2015.09.29 19:50:00;JPY;1;Prelim Industrial Production m/m;-0.6%;1.1%;-0.5%;;-0.8%;
2015.09.29 20:00:00;NZD;3;ANZ Business Confidence;-29.1;;-18.9;;;
2015.09.29 21:30:00;AUD;3;Building Approvals m/m;4.2%;-1.8%;-6.9%;;7.9%;
2015.09.29 21:30:00;AUD;1;Private Sector Credit m/m;0.6%;0.5%;0.6%;;;
2015.09.30 01:00:00;JPY;1;Housing Starts y/y;7.4%;7.8%;8.8%;;;
2015.09.30 01:58:00;GBP;1;Nationwide HPI m/m;0.3%;0.4%;0.5%;;0.4%;
2015.09.30 02:00:00;CHF;1;UBS Consumption Indicator;1.64;;1.63;;1.59;
2015.09.30 02:00:00;EUR;2;German Retail Sales m/m;1.4%;0.2%;-0.4%;;1.6%;
2015.09.30 00:00:00;EUR;1;French Consumer Spending m/m (Jul Data);0.4%;0.2%;0.3%;;;
2015.09.30 02:45:00;EUR;1;French Consumer Spending m/m;0.3%;0.4%;0.0%;;;
2015.09.30 03:00:00;CHF;2;KOF Economic Barometer;100.7;101.2;100.4;;101.2;
2015.09.30 03:55:00;EUR;2;German Unemployment Change;-7K;-5K;2K;;-6K;
2015.09.30 04:00:00;EUR;1;Italian Monthly Unemployment Rate;12.0%;12.0%;11.9%;;;
2015.09.30 04:30:00;GBP;3;Current Account;-26.5B;-22.2B;-16.8B;;-24.0B;
2015.09.30 04:30:00;GBP;2;Final GDP q/q;0.7%;0.7%;0.7%;;;
2015.09.30 04:30:00;GBP;1;Index of Services 3m/3m;0.7%;0.8%;0.8%;;0.6%;
2015.09.30 04:30:00;GBP;1;Revised Business Investment q/q;2.9%;2.9%;1.6%;;;
2015.09.30 05:00:00;EUR;2;Core CPI Flash Estimate y/y;1.0%;0.9%;0.9%;;0.9%;
2015.09.30 05:00:00;EUR;2;CPI Flash Estimate y/y;0.2%;0.0%;-0.1%;;0.1%;
2015.09.30 05:00:00;EUR;2;Unemployment Rate;10.9%;10.9%;11.0%;;11.0%;
2015.09.30 05:00:00;EUR;1;Italian Prelim CPI m/m;0.2%;-0.2%;-0.3%;;;
2015.09.30 08:00:00;USD;2;FOMC Member Dudley Speaks;;;;;;
2015.09.30 08:15:00;USD;3;ADP Non-Farm Employment Change;190K;192K;200K;;186K;
2015.09.30 08:30:00;CAD;3;GDP m/m;0.5%;0.2%;0.3%;;0.4%;
2015.09.30 09:45:00;USD;2;Chicago PMI;54.4;53.2;48.7;;;
2015.09.30 10:30:00;USD;2;Crude Oil Inventories;-1.9M;-0.5M;4.0M;;;
2015.09.30 15:00:00;USD;3;Fed Chair Yellen Speaks;;;;;;
2015.09.30 19:30:00;AUD;1;AIG Manufacturing Index;51.7;;52.1;;;
2015.09.30 19:50:00;JPY;2;Tankan Manufacturing Index;15;13;12;;;
2015.09.30 19:50:00;JPY;2;Tankan Non-Manufacturing Index;23;21;25;;;
2015.09.30 00:00:00;CNY;0;Bank Holiday (All Day);;;;;;
2015.09.30 20:15:00;USD;2;FOMC Member Brainard Speaks;;;;;;
2015.09.30 21:00:00;CNY;3;Manufacturing PMI;49.7;49.7;49.8;;;
2015.09.30 21:00:00;CNY;2;Non-Manufacturing PMI;53.4;;53.4;;;
2015.09.30 21:35:00;JPY;1;Final Manufacturing PMI;50.9;50.9;51.0;;;
2015.09.30 21:45:00;CNY;3;Caixin Manufacturing PMI;47.0;47.2;47.2;;;
2015.09.30 21:45:00;CNY;2;Caixin Services PMI;51.5;51.2;50.5;;;
2015.09.30 23:45:00;JPY;1;10-y Bond Auction;0.42|3.5;;0.34|3.0;;;
