2015.11.01 02:00:00;CAD;0;Daylight Saving Time Shift;;;;;;
2015.11.01 02:00:00;USD;0;Daylight Saving Time Shift;;;;;;
2015.11.01 17:30:00;AUD;1;AIG Manufacturing Index;52.1;;50.2;;;
2015.11.01 18:30:00;AUD;1;MI Inflation Gauge m/m;0.3%;;0.0%;;;
2015.11.01 19:30:00;AUD;3;Building Approvals m/m;-6.9%;1.8%;2.2%;;-9.5%;
2015.11.01 20:35:00;JPY;1;Final Manufacturing PMI;52.5;52.1;52.4;;;
2015.11.01 20:45:00;CNY;3;Caixin Manufacturing PMI;47.2;47.7;48.3;;;
2015.11.02 00:30:00;AUD;1;Commodity Prices y/y;-21.3%;;-19.8%;;-21.0%;
2015.11.02 03:15:00;CHF;2;Retail Sales y/y;-0.3%;0.2%;0.2%;;-0.6%;
2015.11.02 03:15:00;EUR;2;Spanish Manufacturing PMI;51.7;51.9;51.3;;;
2015.11.02 03:30:00;CHF;1;Manufacturing PMI;49.5;50.2;50.7;;;
2015.11.02 03:45:00;EUR;1;Italian Manufacturing PMI;52.7;52.9;54.1;;;
2015.11.02 03:50:00;EUR;1;French Final Manufacturing PMI;50.7;50.7;50.6;;;
2015.11.02 03:55:00;EUR;1;German Final Manufacturing PMI;51.6;51.6;52.1;;;
2015.11.02 04:00:00;EUR;1;Final Manufacturing PMI;52.0;52.0;52.3;;;
2015.11.02 04:30:00;GBP;3;Final Manufacturing PMI;51.5;51.3;55.5;;51.8;
2015.11.02 09:30:00;CAD;1;Manufacturing PMI;48.6;;48.0;;;
2015.11.02 09:45:00;USD;1;Final Manufacturing PMI;54.0;54.0;54.1;;;
2015.11.02 10:00:00;USD;3;ISM Manufacturing PMI;50.2;50.0;50.1;;;
2015.11.02 10:00:00;USD;1;Construction Spending m/m;0.7%;0.5%;0.6%;;;
2015.11.02 10:00:00;USD;1;ISM Manufacturing Prices;38.0;39.5;39.0;;;
2015.11.02 12:00:00;USD;2;FOMC Member Williams Speaks;;;;;;
2015.11.02 14:00:00;USD;1;Loan Officer Survey;;;;;;
2015.11.02 19:00:00;NZD;1;ANZ Commodity Prices m/m;5.5%;;6.9%;;;
2015.11.02 00:00:00;JPY;0;Bank Holiday (All Day);;;;;;
2015.11.02 22:30:00;AUD;3;Cash Rate;2.00%;2.00%;2.00%;;;
2015.11.02 22:30:00;AUD;3;RBA Rate Statement;;;;;;
2015.11.03 03:00:00;EUR;2;Spanish Unemployment Change;26.1K;70.3K;82.3K;;;
2015.11.03 04:30:00;GBP;3;Construction PMI;59.9;58.9;58.8;;;
2015.11.03 08:41:00;NZD;3;GDT Price Index;-3.1%;;-7.4%;;;
2015.11.03 10:00:00;USD;2;Factory Orders m/m;-1.7%;-0.8%;-1.0%;;-2.1%;
2015.11.03 10:00:00;USD;1;RCM/TIPP Economic Optimism;47.3;47.5;45.5;;;
2015.11.03 00:00:00;USD;1;Total Vehicle Sales (All Day);18.2M;17.8M;18.2M;;;
2015.11.03 14:00:00;EUR;2;ECB President Draghi Speaks;;;;;;
2015.11.03 16:45:00;NZD;3;Employment Change q/q;0.3%;0.4%;-0.4%;;0.1%;
2015.11.03 16:45:00;NZD;3;Unemployment Rate;5.9%;6.0%;6.0%;;;
2015.11.03 16:45:00;NZD;1;Labor Cost Index q/q;0.5%;0.5%;0.4%;;;
2015.11.03 17:30:00;AUD;1;AIG Services Index;52.3;;48.9;;;
2015.11.03 18:50:00;JPY;1;Monetary Base y/y;35.1%;36.2%;32.5%;;;
2015.11.03 19:01:00;GBP;1;BRC Shop Price Index y/y;-1.9%;;-1.8%;;;
2015.11.03 19:30:00;AUD;3;Goods Trade Balance;-3.10B;-2.85B;-2.32B;;-2.71B;
2015.11.03 19:30:00;AUD;3;Retail Sales m/m;0.4%;0.4%;0.4%;;;
2015.11.03 20:45:00;CNY;2;Caixin Services PMI;50.5;51.0;52.0;;;
2015.11.04 00:00:00;JPY;1;Consumer Confidence;40.6;41.1;41.5;;;
2015.11.04 03:00:00;EUR;3;ECB President Draghi Speaks;;;;;;
2015.11.04 03:15:00;EUR;1;Spanish Services PMI;55.1;55.5;55.9;;;
2015.11.04 03:45:00;EUR;1;Italian Services PMI;53.3;53.7;53.4;;;
2015.11.04 03:50:00;EUR;1;French Final Services PMI;52.3;52.3;52.7;;;
2015.11.04 03:55:00;EUR;1;German Final Services PMI;55.2;55.2;54.5;;;
2015.11.04 04:00:00;EUR;1;Final Services PMI;54.2;54.2;54.1;;;
2015.11.04 04:30:00;GBP;3;Final Services PMI;53.3;54.6;54.9;;;
2015.11.04 05:00:00;EUR;1;PPI m/m;-0.8%;-0.4%;-0.3%;;;
2015.11.04 05:30:00;USD;2;FOMC Member Brainard Speaks;;;;;;
2015.11.04 08:15:00;USD;3;ADP Non-Farm Employment Change;200K;183K;182K;;190K;
2015.11.04 08:30:00;CAD;3;Trade Balance;-2.5B;-1.9B;-1.7B;;-2.7B;
2015.11.04 08:30:00;USD;3;Trade Balance;-48.3B;-42.7B;-40.8B;;-48.0B;
2015.11.04 09:45:00;USD;1;Final Services PMI;54.4;54.6;54.8;;;
2015.11.04 10:00:00;USD;3;Fed Chair Yellen Testifies;;;;;;
2015.11.04 10:00:00;USD;3;ISM Services PMI;56.9;56.6;59.1;;;
2015.11.04 10:30:00;USD;2;Crude Oil Inventories;3.4M;2.5M;2.8M;;;
2015.11.04 14:30:00;USD;2;FOMC Member Dudley Speaks;;;;;;
2015.11.04 17:25:00;AUD;3;RBA Gov Stevens Speaks;;;;;;
2015.11.04 18:50:00;JPY;2;Monetary Policy Meeting Minutes;;;;;;
2015.11.04 19:30:00;USD;2;FOMC Member Fischer Speaks;;;;;;
2015.11.04 20:00:00;AUD;2;RBA Deputy Gov Lowe Speaks;;;;;;
2015.11.04 22:45:00;JPY;1;10-y Bond Auction;0.34|3.0;;0.32|2.8;;;
2015.11.05 01:45:00;CHF;1;SECO Consumer Climate;-19;-14;-18;;;
2015.11.05 02:00:00;EUR;2;German Factory Orders m/m;-1.8%;1.1%;-1.7%;;;
2015.11.05 03:00:00;GBP;2;Halifax HPI m/m;-0.9%;0.7%;1.1%;;;
2015.11.05 03:15:00;CHF;1;CPI m/m;0.1%;0.0%;0.1%;;;
2015.11.05 04:00:00;EUR;1;ECB Economic Bulletin;;;;;;
2015.11.05 04:10:00;EUR;1;Retail PMI;51.9;;51.3;;;
2015.11.05 04:50:00;EUR;1;Spanish 10-y Bond Auction;1.77|2.2;;1.75|2.4;;;
2015.11.05 05:00:00;EUR;2;EU Economic Forecasts;;;;;;
2015.11.05 05:00:00;EUR;1;French 10-y Bond Auction;0.98|2.2;;0.95|2.5;;;
2015.11.05 05:00:00;EUR;1;Retail Sales m/m;0.0%;0.2%;-0.1%;;;
2015.11.05 05:45:00;EUR;2;ECB President Draghi Speaks;;;;;;
2015.11.05 07:00:00;GBP;3;BOE Monetary Policy Report;;;;;;
2015.11.05 07:00:00;GBP;3;Monetary Policy Summary;;;;;;
2015.11.05 07:00:00;GBP;3;MPC Official Bank Rate Votes;1-0-8;1-0-8;1-0-8;;;
2015.11.05 07:00:00;GBP;3;Official Bank Rate;0.50%;0.50%;0.50%;;;
2015.11.05 07:00:00;GBP;2;Asset Purchase Facility;375B;375B;375B;;;
2015.11.05 07:00:00;GBP;2;BOE Inflation Letter;;;;;;
2015.11.05 07:00:00;GBP;2;MPC Asset Purchase Facility Votes;0-0-9;0-0-9;0-0-9;;;
2015.11.05 07:30:00;USD;1;Challenger Job Cuts y/y;93.2%;;-1.3%;;;
2015.11.05 07:45:00;GBP;3;BOE Gov Carney Speaks;;;;;;
2015.11.05 08:30:00;USD;3;Unemployment Claims;260K;263K;276K;;;
2015.11.05 08:30:00;USD;2;FOMC Member Dudley Speaks;;;;;;
2015.11.05 08:30:00;USD;2;Prelim Nonfarm Productivity q/q;1.3%;0.1%;1.6%;;3.3%;
2015.11.05 08:30:00;USD;2;Prelim Unit Labor Costs q/q;0.5%;2.2%;1.4%;;-1.4%;
2015.11.05 09:10:00;USD;2;FOMC Member Fischer Speaks;;;;;;
2015.11.05 10:00:00;CAD;2;Ivey PMI;53.7;54.0;53.1;;;
2015.11.05 10:30:00;USD;1;Natural Gas Storage;63B;60B;52B;;;
2015.11.05 13:25:00;USD;1;FOMC Member Tarullo Speaks;;;;;;
2015.11.05 13:30:00;USD;2;FOMC Member Lockhart Speaks;;;;;;
2015.11.05 15:15:00;GBP;3;BOE Gov Carney Speaks;;;;;;
2015.11.05 17:00:00;USD;2;FOMC Member Dudley Speaks;;;;;;
2015.11.05 17:30:00;AUD;1;AIG Construction Index;51.9;;52.1;;;
2015.11.05 18:45:00;USD;1;FOMC Member Evans Speaks;;;;;;
2015.11.05 19:30:00;AUD;3;RBA Monetary Policy Statement;;;;;;
2015.11.05 20:00:00;AUD;2;RBA Assist Gov Edey Speaks;;;;;;
2015.11.05 23:00:00;JPY;3;BOJ Gov Kuroda Speaks;;;;;;
2015.11.06 00:00:00;JPY;1;Leading Indicators;103.5%;102.1%;101.4%;;;
2015.11.06 02:00:00;EUR;1;German Industrial Production m/m;-1.2%;0.6%;-1.1%;;-0.6%;
2015.11.06 02:45:00;EUR;1;French Gov Budget Balance;-89.7B;;-74.5B;;;
2015.11.06 02:45:00;EUR;1;French Trade Balance;-3.0B;-3.1B;-3.4B;;;
2015.11.06 03:00:00;CHF;2;Foreign Currency Reserves;542B;;551B;;541B;
2015.11.06 04:30:00;GBP;3;Manufacturing Production m/m;0.5%;0.4%;0.8%;;0.4%;
2015.11.06 04:30:00;GBP;2;Goods Trade Balance;-11.1B;-10.7B;-9.4B;;-10.8B;
2015.11.06 04:30:00;GBP;1;Industrial Production m/m;1.0%;-0.1%;-0.2%;;0.9%;
2015.11.06 08:30:00;CAD;3;Employment Change;12.1K;9.5K;44.4K;;;
2015.11.06 08:30:00;CAD;3;Unemployment Rate;7.1%;7.1%;7.0%;;;
2015.11.06 08:30:00;CAD;2;Building Permits m/m;-3.7%;1.4%;-6.7%;;-3.6%;
2015.11.06 08:30:00;USD;3;Average Hourly Earnings m/m;0.0%;0.2%;0.4%;;;
2015.11.06 08:30:00;USD;3;Non-Farm Employment Change;142K;181K;271K;;137K;
2015.11.06 08:30:00;USD;3;Unemployment Rate;5.1%;5.0%;5.0%;;;
2015.11.06 09:53:00;GBP;2;NIESR GDP Estimate;0.5%;;0.6%;;;
2015.11.06 15:00:00;USD;1;Consumer Credit m/m;16.0B;17.6B;28.9B;;;
2015.11.06 16:15:00;USD;2;FOMC Member Brainard Speaks;;;;;;
2015.11.07 11:10:00;USD;2;FOMC Member Williams Speaks;;;;;;
2015.11.07 21:09:00;CNY;3;Trade Balance;376B;367B;393B;;;
2015.11.07 22:01:00;CNY;1;USD-Denominated Trade Balance;60.3B;62.1B;61.6B;;;
2015.11.08 19:30:00;AUD;2;ANZ Job Advertisements m/m;3.9%;;0.4%;;3.8%;
2015.11.08 20:30:00;JPY;1;Average Cash Earnings y/y;0.5%;0.5%;0.6%;;0.4%;
2015.11.09 02:00:00;EUR;1;German Trade Balance;19.6B;20.3B;19.4B;;;
2015.11.09 04:30:00;EUR;1;Sentix Investor Confidence;11.7;12.4;15.1;;;
2015.11.09 00:00:00;EUR;2;Eurogroup Meetings (All Day);;;;;;
2015.11.09 08:13:00;CAD;1;Housing Starts;231K;200K;198K;;232K;
2015.11.09 10:00:00;USD;1;Labor Market Conditions Index m/m;0.0;;1.6;;1.3;
2015.11.09 18:50:00;JPY;2;Current Account;1.59T;1.50T;0.78T;;;
2015.11.09 18:50:00;JPY;1;Bank Lending y/y;2.6%;;2.5%;;;
2015.11.09 19:01:00;GBP;1;BRC Retail Sales Monitor y/y;2.6%;;-0.2%;;;
2015.11.09 19:30:00;AUD;3;NAB Business Confidence;5;;2;;;
2015.11.09 19:30:00;AUD;2;Home Loans m/m;2.9%;0.1%;2.0%;;1.5%;
2015.11.09 20:30:00;CNY;3;CPI y/y;1.6%;1.5%;1.3%;;;
2015.11.09 20:30:00;CNY;2;PPI y/y;-5.9%;-5.9%;-5.9%;;;
2015.11.10 00:00:00;JPY;1;Economy Watchers Sentiment;47.5;48.2;48.2;;;
2015.11.10 01:45:00;CHF;1;Unemployment Rate;3.4%;3.4%;3.4%;;;
2015.11.10 02:45:00;EUR;1;French Industrial Production m/m;1.6%;0.1%;0.1%;;1.7%;
2015.11.10 04:00:00;EUR;2;German Buba President Weidmann Speaks;;;;;;
2015.11.10 04:00:00;EUR;1;Italian Industrial Production m/m;-0.5%;0.5%;0.2%;;;
2015.11.10 00:00:00;EUR;2;ECOFIN Meetings (All Day);;;;;;
2015.11.10 05:58:00;USD;1;NFIB Small Business Index;96.1;96.4;96.1;;;
2015.11.10 08:30:00;USD;2;Import Prices m/m;-0.1%;-0.1%;-0.5%;;-0.6%;
2015.11.10 10:00:00;USD;1;Final Wholesale Inventories m/m;0.1%;0.0%;0.5%;;0.3%;
2015.11.10 12:00:00;CAD;2;Gov Council Member Wilkins Speaks;;;;;;
2015.11.10 12:30:00;GBP;2;MPC Member Cunliffe Speaks;;;;;;
2015.11.10 13:01:00;USD;1;10-y Bond Auction;2.07|2.6;;2.30|2.6;;;
2015.11.10 15:00:00;NZD;3;RBNZ Financial Stability Report;;;;;;
2015.11.10 15:05:00;NZD;3;RBNZ Gov Wheeler Speaks;;;;;;
2015.11.10 17:15:00;USD;2;FOMC Member Evans Speaks;;;;;;
2015.11.10 18:30:00;AUD;2;Westpac Consumer Sentiment;4.2%;;3.9%;;;
2015.11.10 18:50:00;JPY;1;M2 Money Stock y/y;3.8%;3.8%;3.6%;;;
2015.11.11 00:30:00;CNY;3;Industrial Production y/y;5.7%;5.8%;5.6%;;;
2015.11.11 00:30:00;CNY;2;Fixed Asset Investment ytd/y;10.3%;10.2%;10.2%;;;
2015.11.11 00:30:00;CNY;1;Retail Sales y/y;10.9%;10.9%;11.0%;;;
2015.11.11 01:03:00;JPY;1;Prelim Machine Tool Orders y/y;-19.1%;;-23.1%;;;
2015.11.11 02:00:00;EUR;1;German WPI m/m;-0.6%;0.2%;-0.4%;;;
2015.11.11 00:00:00;EUR;0;French Bank Holiday (All Day);;;;;;
2015.11.11 02:52:00;CNY;1;Foreign Direct Investment ytd/y;9.0%;;8.6%;;;
2015.11.11 04:30:00;GBP;3;Average Earnings Index 3m/y;3.0%;3.2%;3.0%;;;
2015.11.11 04:30:00;GBP;3;Claimant Count Change;4.6K;1.6K;3.3K;;0.5K;
2015.11.11 04:30:00;GBP;2;Unemployment Rate;5.4%;5.4%;5.3%;;;
2015.11.11 00:00:00;CAD;0;Bank Holiday (All Day);;;;;;
2015.11.11 00:00:00;USD;0;Bank Holiday (All Day);;;;;;
2015.11.11 08:15:00;EUR;3;ECB President Draghi Speaks;;;;;;
2015.11.11 16:30:00;NZD;1;BusinessNZ Manufacturing Index;55.4;;53.3;;55.0;
2015.11.11 16:45:00;NZD;1;FPI m/m;-0.5%;;-1.2%;;;
2015.11.11 18:50:00;JPY;2;Core Machinery Orders m/m;-5.7%;3.3%;7.5%;;;
2015.11.11 18:50:00;JPY;1;PPI y/y;-3.9%;-3.5%;-3.8%;;-4.0%;
2015.11.11 19:00:00;AUD;2;MI Inflation Expectations;3.5%;;3.5%;;;
2015.11.11 19:01:00;GBP;1;RICS House Price Balance;44%;45%;49%;;;
2015.11.11 19:30:00;AUD;3;Employment Change;-5.1K;14.8K;58.6K;;-0.8K;
2015.11.11 19:30:00;AUD;3;Unemployment Rate;6.2%;6.2%;5.9%;;;
2015.11.11 22:45:00;JPY;1;30-y Bond Auction;1.35|3.3;;1.39|3.2;;;
2015.11.12 02:00:00;EUR;1;German Final CPI m/m;0.0%;0.0%;0.0%;;;
2015.11.12 02:45:00;EUR;1;French Final CPI m/m;-0.4%;0.1%;0.1%;;;
2015.11.12 03:00:00;CNY;1;M2 Money Supply y/y;13.1%;13.2%;13.5%;;;
2015.11.12 03:00:00;CNY;1;New Loans;1050B;800B;514B;;;
2015.11.12 03:30:00;EUR;3;ECB President Draghi Speaks;;;;;;
2015.11.12 05:00:00;EUR;1;Industrial Production m/m;-0.5%;-0.1%;-0.3%;;-0.4%;
2015.11.12 05:30:00;EUR;3;ECB President Draghi Speaks;;;;;;
2015.11.12 08:30:00;CAD;2;NHPI m/m;0.3%;0.2%;0.1%;;;
2015.11.12 08:30:00;USD;3;Unemployment Claims;276K;270K;276K;;;
2015.11.12 09:30:00;USD;3;Fed Chair Yellen Speaks;;;;;;
2015.11.12 10:00:00;USD;2;JOLTS Job Openings;5.37M;5.39M;5.53M;;5.38M;
2015.11.12 10:15:00;USD;2;FOMC Member Evans Speaks;;;;;;
2015.11.12 11:00:00;USD;2;Crude Oil Inventories;2.8M;0.8M;4.2M;;;
2015.11.12 12:00:00;GBP;2;MPC Member Haldane Speaks;;;;;;
2015.11.12 12:15:00;USD;2;FOMC Member Dudley Speaks;;;;;;
2015.11.12 13:01:00;USD;1;30-y Bond Auction;2.91|2.5;;3.07|2.4;;;
2015.11.12 13:57:00;USD;1;Federal Budget Balance;91.1B;-130.2B;-136.5B;;;
2015.11.12 18:00:00;USD;2;FOMC Member Fischer Speaks;;;;;;
2015.11.12 23:30:00;JPY;1;Revised Industrial Production m/m;1.0%;1.0%;1.1%;;;
2015.11.12 23:34:00;JPY;1;Tertiary Industry Activity m/m;0.1%;0.2%;-0.4%;;0.2%;
2015.11.13 01:30:00;EUR;1;French Prelim GDP q/q;0.0%;0.3%;0.3%;;;
2015.11.13 02:00:00;EUR;3;German Prelim GDP q/q;0.4%;0.3%;0.3%;;;
2015.11.13 02:45:00;EUR;1;French Prelim Private Payrolls q/q;0.2%;0.1%;0.1%;;;
2015.11.13 03:15:00;CHF;2;PPI m/m;-0.1%;-0.2%;0.2%;;;
2015.11.13 04:00:00;EUR;1;Italian Prelim GDP q/q;0.2%;0.3%;0.2%;;0.3%;
2015.11.13 04:30:00;GBP;1;Construction Output m/m;-4.3%;1.5%;-0.2%;;-3.4%;
2015.11.13 05:00:00;EUR;2;Flash GDP q/q;0.3%;0.4%;0.3%;;0.4%;
2015.11.13 05:00:00;EUR;1;Trade Balance;19.8B;19.4B;20.1B;;19.0B;
2015.11.13 08:00:00;CAD;2;Gov Council Member Wilkins Speaks;;;;;;
2015.11.13 08:30:00;USD;3;Core Retail Sales m/m;-0.3%;0.4%;0.2%;;-0.4%;
2015.11.13 08:30:00;USD;3;PPI m/m;-0.5%;0.2%;-0.4%;;;
2015.11.13 08:30:00;USD;3;Retail Sales m/m;0.1%;0.3%;0.1%;;0.0%;
2015.11.13 08:30:00;USD;2;Core PPI m/m;-0.3%;0.1%;-0.3%;;;
2015.11.13 09:30:00;GBP;1;CB Leading Index m/m;0.2%;;-0.3%;;0.1%;
2015.11.13 10:00:00;USD;3;Prelim UoM Consumer Sentiment;92.1;91.3;93.1;;90.0;
2015.11.13 10:00:00;USD;1;Business Inventories m/m;0.0%;0.1%;0.3%;;0.1%;
2015.11.13 10:00:00;USD;1;Prelim UoM Inflation Expectations;2.7%;;2.5%;;;
2015.11.13 10:30:00;USD;1;Natural Gas Storage;52B;51B;49B;;;
2015.11.15 00:00:00;All;2;G20 Meetings (Day 1);;;;;;
2015.11.15 16:30:00;NZD;1;BusinessNZ Services Index;59.3;;56.2;;59.6;
2015.11.15 16:45:00;NZD;3;Retail Sales q/q;0.1%;1.0%;1.6%;;;
2015.11.15 16:45:00;NZD;2;Core Retail Sales q/q;0.1%;1.4%;1.0%;;0.0;
2015.11.15 18:50:00;JPY;3;Prelim GDP q/q;-0.4%;-0.1%;-0.2%;;-0.3%;
2015.11.15 18:50:00;JPY;1;Prelim GDP Price Index y/y;1.6%;1.7%;2.0%;;1.5%;
2015.11.15 19:01:00;GBP;1;Rightmove HPI m/m;0.6%;;-1.3%;;;
2015.11.15 19:30:00;AUD;1;New Motor Vehicle Sales m/m;5.5%;;-3.6%;;5.9%;
2015.11.16 00:00:00;All;2;G20 Meetings (Day 2);;;;;;
2015.11.16 05:00:00;EUR;2;Final CPI y/y;0.0%;0.0%;0.1%;;;
2015.11.16 05:00:00;EUR;1;Final Core CPI y/y;1.0%;1.0%;1.1%;;;
2015.11.16 05:15:00;EUR;3;ECB President Draghi Speaks;;;;;;
2015.11.16 06:00:00;EUR;1;German Buba Monthly Report;;;;;;
2015.11.16 08:30:00;CAD;3;Manufacturing Sales m/m;-0.2%;0.3%;-1.5%;;-0.6%;
2015.11.16 08:30:00;CAD;2;Foreign Securities Purchases;3.11B;4.12B;3.35B;;5.78B;
2015.11.16 08:30:00;USD;2;Empire State Manufacturing Index;-11.4;-5.3;-10.7;;;
2015.11.16 16:30:00;AUD;2;RBA Assist Gov Kent Speaks;;;;;;
2015.11.16 19:30:00;AUD;3;Monetary Policy Meeting Minutes;;;;;;
2015.11.16 21:00:00;NZD;3;Inflation Expectations q/q;1.94%;;1.85%;;;
2015.11.17 04:00:00;EUR;1;Italian Trade Balance;1.85B;2.24B;2.19B;;;
2015.11.17 04:30:00;GBP;3;CPI y/y;-0.1%;-0.1%;-0.1%;;;
2015.11.17 04:30:00;GBP;2;PPI Input m/m;0.6%;0.2%;0.2%;;0.5%;
2015.11.17 04:30:00;GBP;2;RPI y/y;0.8%;0.9%;0.7%;;;
2015.11.17 04:30:00;GBP;1;Core CPI y/y;1.0%;1.0%;1.1%;;;
2015.11.17 04:30:00;GBP;1;ONS HPI y/y;5.2%;5.4%;6.1%;;5.5%;
2015.11.17 04:30:00;GBP;1;PPI Output m/m;-0.1%;-0.1%;0.0%;;;
2015.11.17 05:00:00;EUR;3;German ZEW Economic Sentiment;1.9;6.7;10.4;;;
2015.11.17 05:00:00;EUR;2;ZEW Economic Sentiment;30.1;35.2;28.3;;;
2015.11.17 08:30:00;USD;3;Core CPI m/m;0.2%;0.2%;0.2%;;;
2015.11.17 08:30:00;USD;3;CPI m/m;-0.2%;0.2%;0.2%;;;
2015.11.17 08:30:00;USD;3;CPI y/y;0.0%;0.1%;0.2%;;;
2015.11.17 09:07:00;NZD;3;GDT Price Index;-7.4%;;-7.9%;;;
2015.11.17 09:15:00;USD;2;Capacity Utilization Rate;77.5%;77.5%;77.5%;;77.7%;
2015.11.17 09:15:00;USD;2;Industrial Production m/m;-0.2%;0.1%;-0.2%;;;
2015.11.17 10:00:00;USD;2;Mortgage Delinquencies;5.30%;;4.99%;;;
2015.11.17 10:00:00;USD;1;NAHB Housing Market Index;64;64;62;;65;
2015.11.17 15:30:00;USD;1;FOMC Member Tarullo Speaks;;;;;;
2015.11.17 16:00:00;USD;1;TIC Long-Term Purchases;20.4B;23.3B;33.6B;;20.8B;
2015.11.17 17:15:00;AUD;2;RBA Deputy Gov Debelle Speaks;;;;;;
2015.11.17 18:00:00;AUD;1;CB Leading Index m/m;-0.4%;;-0.1%;;;
2015.11.17 18:30:00;AUD;1;MI Leading Index m/m;0.1%;;0.1%;;;
2015.11.17 19:30:00;AUD;2;Wage Price Index q/q;0.6%;0.6%;0.6%;;;
2015.11.18 05:00:00;CHF;1;Credit Suisse Economic Expectations;18.3;;0.0;;;
2015.11.18 05:35:00;GBP;1;10-y Bond Auction;1.82|1.7;;1.94|1.5;;;
2015.11.18 08:00:00;USD;2;FOMC Member Dudley Speaks;;;;;;
2015.11.18 08:30:00;USD;3;Building Permits;1.10M;1.15M;1.15M;;1.11M;
2015.11.18 08:30:00;USD;2;Housing Starts;1.21M;1.16M;1.06M;;1.19M;
2015.11.18 10:30:00;USD;2;Crude Oil Inventories;4.2M;2.0M;0.3M;;;
2015.11.18 14:00:00;USD;3;FOMC Meeting Minutes;;;;;;
2015.11.18 16:45:00;NZD;2;PPI Input q/q;-0.3%;0.1%;1.6%;;;
2015.11.18 16:45:00;NZD;1;PPI Output q/q;-0.2%;0.2%;1.3%;;;
2015.11.18 18:50:00;JPY;1;Trade Balance;-0.36T;-0.38T;-0.20T;;-0.31T;
2015.11.18 22:17:00;JPY;3;Monetary Policy Statement;;;;;;
2015.11.18 23:30:00;JPY;1;All Industries Activity m/m;-0.2%;0.2%;-0.2%;;-0.1%;
2015.11.19 01:31:00;JPY;3;BOJ Press Conference;;;;;;
2015.11.19 02:00:00;CHF;1;Trade Balance;3.05B;3.18B;4.16B;;3.25B;
2015.11.19 03:00:00;EUR;2;German Buba President Weidmann Speaks;;;;;;
2015.11.19 04:00:00;EUR;1;Current Account;17.7B;18.3B;29.4B;;18.7B;
2015.11.19 04:30:00;GBP;3;Retail Sales m/m;1.9%;-0.4%;-0.6%;;1.7%;
2015.11.19 06:00:00;GBP;1;CBI Industrial Order Expectations;-18;-10;-11;;;
2015.11.19 07:30:00;EUR;2;ECB Monetary Policy Meeting Accounts;;;;;;
2015.11.19 08:30:00;CAD;2;Wholesale Sales m/m;-0.1%;0.2%;-0.1%;;;
2015.11.19 08:30:00;USD;3;Philly Fed Manufacturing Index;-4.5;0.1;1.9;;;
2015.11.19 08:30:00;USD;3;Unemployment Claims;276K;272K;271K;;;
2015.11.19 10:00:00;USD;1;CB Leading Index m/m;-0.2%;0.5%;0.6%;;-0.1%;
2015.11.19 10:30:00;CAD;1;BOC Review;;;;;;
2015.11.19 10:30:00;USD;1;Natural Gas Storage;49B;23B;15B;;;
2015.11.19 12:30:00;CHF;2;Gov Board Member Maechler Speaks;;;;;;
2015.11.19 12:30:00;USD;2;FOMC Member Lockhart Speaks;;;;;;
2015.11.19 16:45:00;USD;2;FOMC Member Fischer Speaks;;;;;;
2015.11.19 21:00:00;CNY;1;CB Leading Index m/m;1.6%;;0.6%;;;
2015.11.19 21:00:00;NZD;1;Credit Card Spending y/y;7.3%;;7.8%;;;
2015.11.20 00:00:00;JPY;1;BOJ Monthly Report;;;;;;
2015.11.20 02:00:00;EUR;1;German PPI m/m;-0.4%;-0.2%;-0.4%;;;
2015.11.20 03:00:00;EUR;3;ECB President Draghi Speaks;;;;;;
2015.11.20 04:30:00;GBP;2;Public Sector Net Borrowing;8.6B;5.5B;7.5B;;8.3B;
2015.11.20 05:15:00;EUR;2;German Buba President Weidmann Speaks;;;;;;
2015.11.20 08:30:00;CAD;3;Core CPI m/m;0.2%;0.2%;0.3%;;;
2015.11.20 08:30:00;CAD;3;Core Retail Sales m/m;0.0%;-0.3%;-0.5%;;;
2015.11.20 08:30:00;CAD;2;CPI m/m;-0.2%;0.1%;0.1%;;;
2015.11.20 08:30:00;CAD;2;Retail Sales m/m;0.5%;0.1%;-0.5%;;;
2015.11.20 10:00:00;EUR;1;Consumer Confidence;-8;-7;-6;;;
2015.11.20 11:15:00;USD;2;FOMC Member Dudley Speaks;;;;;;
2015.11.21 12:00:00;USD;2;FOMC Member Williams Speaks;;;;;;
2015.11.22 06:00:00;EUR;2;German Buba President Weidmann Speaks;;;;;;
2015.11.22 16:45:00;NZD;1;Visitor Arrivals m/m;4.2%;;0.2%;;4.4%;
2015.11.22 00:00:00;JPY;0;Bank Holiday (All Day);;;;;;
2015.11.23 03:00:00;EUR;3;French Flash Manufacturing PMI;50.7;50.7;50.8;;50.6;
2015.11.23 03:00:00;EUR;2;French Flash Services PMI;52.3;52.1;51.3;;52.7;
2015.11.23 03:30:00;EUR;3;German Flash Manufacturing PMI;51.6;52.2;52.6;;52.1;
2015.11.23 03:30:00;EUR;2;German Flash Services PMI;55.2;54.3;55.6;;54.5;
2015.11.23 04:00:00;EUR;2;Flash Manufacturing PMI;52.0;52.3;52.8;;52.3;
2015.11.23 04:00:00;EUR;2;Flash Services PMI;54.2;54.2;54.6;;54.1;
2015.11.23 00:00:00;EUR;2;Eurogroup Meetings (All Day);;;;;;
2015.11.23 09:45:00;USD;1;Flash Manufacturing PMI;54.0;54.0;52.6;;54.1;
2015.11.23 10:00:00;USD;2;Existing Home Sales;5.55M;5.39M;5.36M;;;
2015.11.23 20:35:00;JPY;1;Flash Manufacturing PMI;52.5;52.1;52.8;;52.4;
2015.11.24 02:00:00;EUR;1;German Final GDP q/q;0.3%;0.3%;0.3%;;;
2015.11.24 04:00:00;EUR;3;German ifo Business Climate;108.2;108.3;109.0;;;
2015.11.24 04:05:00;AUD;3;RBA Gov Stevens Speaks;;;;;;
2015.11.24 05:00:00;GBP;3;Monetary Policy Report Hearings;;;;;;
2015.11.24 06:00:00;GBP;1;CBI Realized Sales;19;25;7;;;
2015.11.24 08:30:00;USD;3;Prelim GDP q/q;1.5%;2.0%;2.1%;;;
2015.11.24 08:30:00;USD;2;Goods Trade Balance;-58.6B;-61.8B;-58.4B;;-59.1B;
2015.11.24 08:30:00;USD;1;Prelim GDP Price Index q/q;1.2%;1.2%;1.3%;;;
2015.11.24 09:00:00;EUR;1;Belgian NBB Business Climate;-4.0;-3.2;-3.9;;;
2015.11.24 09:00:00;USD;1;S&P/CS Composite-20 HPI y/y;5.1%;5.2%;5.5%;;;
2015.11.24 09:59:00;USD;1;Richmond Manufacturing Index;-1;0;-3;;;
2015.11.24 10:00:00;USD;3;CB Consumer Confidence;97.6;99.3;90.4;;99.1;
2015.11.24 17:35:00;CAD;1;Gov Council Member Patterson Speaks;;;;;;
2015.11.24 18:50:00;JPY;2;Monetary Policy Meeting Minutes;;;;;;
2015.11.24 18:50:00;JPY;1;SPPI y/y;0.6%;0.6%;0.5%;;0.5%;
2015.11.24 19:30:00;AUD;2;Construction Work Done q/q;1.6%;-1.8%;-3.6%;;2.1%;
2015.11.25 02:00:00;CHF;1;UBS Consumption Indicator;1.65;;1.60;;1.56;
2015.11.25 04:30:00;GBP;1;High Street Lending;44.5K;45.5K;45.4K;;44.8K;
2015.11.25 05:00:00;EUR;1;ECB Financial Stability Review;;;;;;
2015.11.25 05:00:00;EUR;1;Italian Retail Sales m/m;0.3%;0.5%;-0.1%;;0.2%;
2015.11.25 05:20:00;AUD;2;RBA Deputy Gov Debelle Speaks;;;;;;
2015.11.25 05:35:00;EUR;1;German 10-y Bond Auction;0.44|1.2;;0.49|1.1;;;
2015.11.25 07:30:00;GBP;2;Autumn Forecast Statement;;;;;;
2015.11.25 08:30:00;USD;3;Core Durable Goods Orders m/m;-0.4%;0.5%;0.5%;;-0.3%;
2015.11.25 08:30:00;USD;3;Unemployment Claims;271K;273K;260K;;272K;
2015.11.25 08:30:00;USD;2;Core PCE Price Index m/m;0.1%;0.1%;0.0%;;0.2%;
2015.11.25 08:30:00;USD;2;Durable Goods Orders m/m;-1.2%;1.6%;3.0%;;-0.8%;
2015.11.25 08:30:00;USD;2;Personal Spending m/m;0.1%;0.3%;0.1%;;;
2015.11.25 08:30:00;USD;1;Personal Income m/m;0.1%;0.4%;0.4%;;0.2%;
2015.11.25 09:00:00;USD;1;HPI m/m;0.3%;0.5%;0.8%;;;
2015.11.25 09:45:00;USD;1;Flash Services PMI;54.4;55.2;56.5;;54.8;
2015.11.25 10:00:00;USD;2;New Home Sales;468K;500K;495K;;447K;
2015.11.25 10:00:00;USD;2;Revised UoM Consumer Sentiment;93.1;93.2;91.3;;;
2015.11.25 10:00:00;USD;1;Revised UoM Inflation Expectations;2.5%;;2.7%;;;
2015.11.25 10:30:00;USD;2;Crude Oil Inventories;0.3M;1.2M;1.0M;;;
2015.11.25 12:00:00;USD;1;Natural Gas Storage;15B;5B;9B;;;
2015.11.25 16:45:00;NZD;3;Trade Balance;-1222M;-1000M;-963M;;-1140M;
2015.11.25 19:30:00;AUD;3;Private Capital Expenditure q/q;-4.0%;-2.8%;-9.2%;;-4.4%;
2015.11.26 04:00:00;EUR;2;M3 Money Supply y/y;4.9%;4.9%;5.3%;;;
2015.11.26 04:00:00;EUR;1;Private Loans y/y;1.1%;1.2%;1.2%;;;
2015.11.26 00:00:00;USD;0;Bank Holiday (All Day);;;;;;
2015.11.26 08:30:00;CAD;1;Corporate Profits q/q;12.9%;;-5.4%;;;
2015.11.26 18:30:00;JPY;2;Household Spending y/y;-0.4%;0.0%;-2.4%;;;
2015.11.26 18:30:00;JPY;2;Tokyo Core CPI y/y;-0.2%;-0.1%;0.0%;;;
2015.11.26 18:30:00;JPY;1;National Core CPI y/y;-0.1%;-0.1%;-0.1%;;;
2015.11.26 18:30:00;JPY;1;Unemployment Rate;3.4%;3.4%;3.1%;;;
2015.11.26 18:39:00;GBP;1;GfK Consumer Confidence;2;2;1;;;
2015.11.27 00:00:00;JPY;1;BOJ Core CPI y/y;1.2%;;1.2%;;;
2015.11.27 02:00:00;EUR;1;German Import Prices m/m;-0.7%;-0.1%;-0.3%;;;
2015.11.27 02:00:00;GBP;1;Nationwide HPI m/m;0.6%;0.5%;0.1%;;0.5%;
2015.11.27 02:45:00;EUR;1;French Consumer Spending m/m;0.0%;0.2%;-0.7%;;0.1%;
2015.11.27 03:00:00;EUR;2;Spanish Flash CPI y/y;-0.7%;-0.5%;-0.3%;;;
2015.11.27 04:30:00;GBP;3;Second Estimate GDP q/q;0.5%;0.5%;0.5%;;;
2015.11.27 04:30:00;GBP;2;Prelim Business Investment q/q;2.9%;1.5%;2.2%;;1.6%;
2015.11.27 04:30:00;GBP;1;Index of Services 3m/3m;0.9%;0.8%;0.7%;;;
2015.11.27 05:23:00;EUR;1;Italian 10-y Bond Auction;1.48|1.7;;1.36|1.7;;;
2015.11.27 07:00:00;EUR;1;German GfK Consumer Climate;9.4;9.2;9.3;;;
2015.11.27 08:30:00;CAD;2;RMPI m/m;3.0%;0.4%;0.4%;;2.4%;
2015.11.27 08:30:00;CAD;1;IPPI m/m;-0.3%;-0.1%;-0.5%;;-0.4%;
2015.11.29 16:45:00;NZD;1;Building Consents m/m;-5.7%;;5.1%;;-5.8%;
2015.11.29 18:30:00;AUD;1;MI Inflation Gauge m/m;0.0%;;0.1%;;;
2015.11.29 18:50:00;JPY;2;Retail Sales y/y;-0.2%;0.9%;1.8%;;-0.1%;
2015.11.29 18:50:00;JPY;1;Prelim Industrial Production m/m;1.0%;1.9%;1.4%;;1.1%;
2015.11.29 19:00:00;NZD;3;ANZ Business Confidence;10.5;;14.6;;;
2015.11.29 19:30:00;AUD;2;Company Operating Profits q/q;-1.9%;1.1%;1.3%;;-0.5%;
2015.11.29 19:30:00;AUD;1;Private Sector Credit m/m;0.8%;0.6%;0.7%;;0.7%;
2015.11.29 20:00:00;JPY;3;BOJ Gov Kuroda Speaks;;;;;;
2015.11.30 00:00:00;JPY;1;Housing Starts y/y;2.6%;2.5%;-2.5%;;;
2015.11.30 02:00:00;EUR;2;German Retail Sales m/m;0.0%;0.3%;-0.4%;;;
2015.11.30 00:00:00;EUR;2;German Prelim CPI m/m (All Day);0.0%;0.1%;0.1%;;;
2015.11.30 03:00:00;CHF;2;KOF Economic Barometer;99.8;100.3;97.9;;100.4;
2015.11.30 04:30:00;GBP;2;Net Lending to Individuals m/m;4.9B;4.8B;4.8B;;;
2015.11.30 04:30:00;GBP;1;M4 Money Supply m/m;-1.0%;-0.2%;0.6%;;;
2015.11.30 04:30:00;GBP;1;Mortgage Approvals;69K;70K;70K;;;
2015.11.30 05:00:00;EUR;1;Italian Prelim CPI m/m;0.2%;-0.2%;-0.4%;;;
2015.11.30 08:30:00;CAD;2;Current Account;-17.4B;-15.2B;-16.2B;;-16.6B;
2015.11.30 09:45:00;USD;2;Chicago PMI;56.2;54.3;48.7;;;
2015.11.30 10:00:00;USD;2;Pending Home Sales m/m;-2.3%;1.6%;0.2%;;-1.6%;
2015.11.30 16:45:00;NZD;1;Overseas Trade Index q/q;1.3%;-2.5%;-3.7%;;1.5%;
2015.11.30 17:30:00;AUD;1;AIG Manufacturing Index;50.2;;52.5;;;
2015.11.30 18:50:00;JPY;1;Capital Spending q/y;5.6%;2.3%;11.2%;;;
2015.11.30 19:30:00;AUD;2;Building Approvals m/m;2.2%;-2.4%;3.9%;;2.3%;
2015.11.30 19:30:00;AUD;2;Current Account;-19.0B;-16.6B;-18.1B;;-20.5B;
2015.11.30 20:00:00;CNY;3;Manufacturing PMI;49.8;49.9;49.6;;;
2015.11.30 20:00:00;CNY;2;Non-Manufacturing PMI;53.1;;53.6;;;
2015.11.30 20:35:00;JPY;1;Final Manufacturing PMI;52.8;52.8;52.6;;;
2015.11.30 20:45:00;CNY;3;Caixin Manufacturing PMI;48.3;48.3;48.6;;;
2015.11.30 22:30:00;AUD;3;Cash Rate;2.00%;2.00%;2.00%;;;
2015.11.30 22:30:00;AUD;3;RBA Rate Statement;;;;;;
2015.11.30 22:45:00;JPY;1;10-y Bond Auction;0.32|2.8;;0.32|3.6;;;
