2016.03.01 00:30:00;AUD;1;Commodity Prices y/y;-25.8%;;-21.6%;;-24.8%;
2016.03.01 03:15:00;CHF;1;Retail Sales y/y;-1.6%;-1.2%;0.2%;;-1.7%;
2016.03.01 03:15:00;EUR;2;Spanish Manufacturing PMI;55.4;54.3;54.1;;;
2016.03.01 03:30:00;CHF;1;Manufacturing PMI;50.0;49.6;51.6;;;
2016.03.01 03:45:00;EUR;1;Italian Manufacturing PMI;53.2;52.2;52.2;;;
2016.03.01 03:50:00;EUR;1;French Final Manufacturing PMI;50.3;50.3;50.2;;;
2016.03.01 03:55:00;EUR;2;German Unemployment Change;-20K;-10K;-10K;;-19K;
2016.03.01 03:55:00;EUR;1;German Final Manufacturing PMI;50.2;50.2;50.5;;;
2016.03.01 04:00:00;EUR;1;Final Manufacturing PMI;51.0;51.0;51.2;;;
2016.03.01 04:00:00;EUR;1;Italian Monthly Unemployment Rate;11.4%;11.3%;11.5%;;11.6%;
2016.03.01 04:30:00;GBP;3;Final Manufacturing PMI;52.9;52.3;50.8;;;
2016.03.01 05:00:00;EUR;2;Unemployment Rate;10.4%;10.4%;10.3%;;;
2016.03.01 08:30:00;CAD;3;GDP m/m;0.3%;0.1%;0.2%;;;
2016.03.01 09:26:00;NZD;3;GDT Price Index;-2.8%;;1.4%;;;
2016.03.01 09:30:00;CAD;1;Manufacturing PMI;49.3;;49.4;;;
2016.03.01 09:45:00;USD;1;Final Manufacturing PMI;51.0;51.0;51.3;;;
2016.03.01 10:00:00;USD;3;ISM Manufacturing PMI;48.2;48.5;49.5;;;
2016.03.01 10:00:00;USD;1;Construction Spending m/m;0.1%;0.5%;1.5%;;0.6%;
2016.03.01 10:00:00;USD;1;ISM Manufacturing Prices;33.5;35.5;38.5;;;
2016.03.01 10:00:00;USD;1;RCM/TIPP Economic Optimism;47.8;46.9;46.8;;;
2016.03.01 00:00:00;USD;1;Wards Total Vehicle Sales (All Day);17.5M;17.7M;17.4M;;;
2016.03.01 00:00:00;USD;1;Total Vehicle Sales (All Day);17.6M;17.6M;17.5M;;;
2016.03.01 18:50:00;JPY;1;Monetary Base y/y;28.9%;27.9%;29.0%;;;
2016.03.01 19:00:00;AUD;1;HIA New Home Sales m/m;6.0%;;3.1%;;;
2016.03.01 19:01:00;GBP;1;BRC Shop Price Index y/y;-1.8%;;-2.0%;;;
2016.03.01 19:30:00;AUD;3;GDP q/q;0.9%;0.5%;0.6%;;1.1%;
2016.03.02 01:45:00;CHF;1;GDP q/q;0.0%;0.2%;0.4%;;-0.1%;
2016.03.02 03:00:00;EUR;2;Spanish Unemployment Change;57.2K;0.2K;2.2K;;;
2016.03.02 04:30:00;GBP;3;Construction PMI;55.0;55.5;54.2;;;
2016.03.02 05:00:00;EUR;1;PPI m/m;-0.8%;-0.9%;-1.0%;;;
2016.03.02 05:00:00;GBP;2;MPC Member Broadbent Speaks;;;;;;
2016.03.02 08:15:00;USD;3;ADP Non-Farm Employment Change;205K;185K;214K;;193K;
2016.03.02 09:00:00;GBP;2;MPC Member Cunliffe Speaks;;;;;;
2016.03.02 10:30:00;USD;3;Crude Oil Inventories;3.5M;2.5M;10.4M;;;
2016.03.02 14:00:00;USD;1;Beige Book;;;;;;
2016.03.02 17:15:00;AUD;1;AIG Services Index;48.4;;51.8;;;
2016.03.02 19:00:00;NZD;1;ANZ Commodity Prices m/m;-2.3%;;0.4%;;;
2016.03.02 19:30:00;AUD;3;Goods Trade Balance;-3.54B;-3.22B;-2.94B;;-3.52B;
2016.03.02 20:45:00;CNY;2;Caixin Services PMI;52.4;52.6;51.2;;;
2016.03.03 02:00:00;GBP;1;Nationwide HPI m/m;0.3%;0.4%;0.3%;;;
2016.03.03 03:15:00;EUR;1;Spanish Services PMI;54.6;53.9;54.1;;;
2016.03.03 03:30:00;GBP;2;Halifax HPI m/m;1.7%;0.1%;-1.4%;;;
2016.03.03 03:45:00;EUR;1;Italian Services PMI;53.6;52.7;53.8;;;
2016.03.03 03:50:00;EUR;1;French Final Services PMI;49.8;49.8;49.2;;;
2016.03.03 03:55:00;EUR;1;German Final Services PMI;55.1;55.1;55.3;;;
2016.03.03 04:00:00;EUR;1;Final Services PMI;53.0;53.0;53.3;;;
2016.03.03 04:30:00;GBP;3;Final Services PMI;55.6;55.1;52.7;;;
2016.03.03 04:58:00;EUR;1;French 10-y Bond Auction;0.67|4.1;;0.63|1.6;;;
2016.03.03 05:00:00;EUR;1;Retail Sales m/m;0.3%;0.1%;0.4%;;0.6%;
2016.03.03 07:30:00;USD;1;Challenger Job Cuts y/y;41.6%;;21.8%;;;
2016.03.03 08:30:00;USD;3;Unemployment Claims;272K;271K;278K;;;
2016.03.03 08:30:00;USD;2;Revised Nonfarm Productivity q/q;-3.0%;-3.2%;-2.2%;;;
2016.03.03 08:30:00;USD;1;Revised Unit Labor Costs q/q;4.5%;4.8%;3.3%;;;
2016.03.03 09:45:00;USD;1;Final Services PMI;49.8;49.8;49.7;;;
2016.03.03 10:00:00;USD;3;ISM Services PMI;53.5;53.2;53.4;;;
2016.03.03 10:00:00;USD;2;Factory Orders m/m;-2.9%;2.1%;1.6%;;;
2016.03.03 10:30:00;USD;1;Natural Gas Storage;-117B;-49B;-48B;;;
2016.03.03 12:45:00;GBP;2;MPC Member Haldane Speaks;;;;;;
2016.03.03 19:00:00;JPY;1;Average Cash Earnings y/y;0.1%;0.2%;0.4%;;-0.2%;
2016.03.03 19:30:00;AUD;3;Retail Sales m/m;0.0%;0.4%;0.3%;;;
2016.03.04 04:10:00;EUR;1;Retail PMI;48.9;;50.1;;;
2016.03.04 08:30:00;CAD;3;Trade Balance;-0.6B;-1.0B;-0.7B;;;
2016.03.04 08:30:00;CAD;2;Labor Productivity q/q;0.1%;0.2%;0.1%;;0.4%;
2016.03.04 08:30:00;USD;3;Average Hourly Earnings m/m;0.5%;0.2%;-0.1%;;;
2016.03.04 08:30:00;USD;3;Non-Farm Employment Change;151K;195K;242K;;172K;
2016.03.04 08:30:00;USD;3;Unemployment Rate;4.9%;4.9%;4.9%;;;
2016.03.04 08:30:00;USD;2;Trade Balance;-43.4B;-43.8B;-45.7B;;-44.7B;
2016.03.04 10:00:00;CAD;2;Ivey PMI;66.0;58.2;53.4;;;
2016.03.06 17:30:00;AUD;1;AIG Construction Index;46.3;;46.1;;;
2016.03.06 19:30:00;AUD;1;ANZ Job Advertisements m/m;1.0%;;-1.2%;;0.9%;
2016.03.06 22:40:00;JPY;3;BOJ Gov Kuroda Speaks;;;;;;
2016.03.07 00:00:00;JPY;1;Leading Indicators;102.0%;101.6%;101.4%;;102.1%;
2016.03.07 02:00:00;EUR;2;German Factory Orders m/m;-0.7%;-0.4%;-0.1%;;-0.2%;
2016.03.07 03:00:00;CHF;2;Foreign Currency Reserves;575B;;571B;;;
2016.03.07 04:10:00;GBP;2;MPC Member Haldane Speaks;;;;;;
2016.03.07 04:30:00;EUR;1;Sentix Investor Confidence;6.0;8.8;5.5;;;
2016.03.07 00:00:00;EUR;2;Eurogroup Meetings (All Day);;;;;;
2016.03.07 10:00:00;USD;1;Labor Market Conditions Index m/m;0.4;;-2.4;;-0.8;
2016.03.07 13:00:00;USD;2;FOMC Member Brainard Speaks;;;;;;
2016.03.07 13:00:00;USD;2;FOMC Member Fischer Speaks;;;;;;
2016.03.07 15:00:00;USD;1;Consumer Credit m/m;21.3B;16.8B;10.5B;;21.4B;
2016.03.07 16:45:00;NZD;1;Manufacturing Sales q/q;4.2%;;-1.9%;;3.6%;
2016.03.07 18:20:00;AUD;2;RBA Deputy Gov Lowe Speaks;;;;;;
2016.03.07 18:50:00;JPY;2;Current Account;1.64T;1.66T;1.49T;;1.69T;
2016.03.07 18:50:00;JPY;2;Final GDP q/q;-0.4%;-0.4%;-0.3%;;;
2016.03.07 18:50:00;JPY;1;Bank Lending y/y;2.3%;;2.2%;;;
2016.03.07 18:50:00;JPY;1;Final GDP Price Index y/y;1.5%;1.5%;1.5%;;;
2016.03.07 19:01:00;GBP;1;BRC Retail Sales Monitor y/y;2.6%;;0.1%;;;
2016.03.07 19:30:00;AUD;2;NAB Business Confidence;2;;3;;3;
2016.03.07 21:36:00;CNY;3;Trade Balance;406B;339B;210B;;;
2016.03.07 21:41:00;CNY;1;USD-Denominated Trade Balance;63.3B;51.2B;32.6B;;;
2016.03.07 22:45:00;JPY;1;30-y Bond Auction;1.07|3.0;;0.77|4.2;;;
2016.03.08 00:00:00;JPY;1;Consumer Confidence;42.5;42.3;40.1;;;
2016.03.08 01:00:00;JPY;1;Economy Watchers Sentiment;46.6;47.5;44.6;;;
2016.03.08 01:45:00;CHF;1;Unemployment Rate;3.4%;3.5%;3.4%;;;
2016.03.08 02:00:00;EUR;1;German Industrial Production m/m;-1.2%;0.6%;3.3%;;-0.3%;
2016.03.08 02:45:00;EUR;1;French Gov Budget Balance;-70.5B;;-9.2B;;;
2016.03.08 02:45:00;EUR;1;French Trade Balance;-3.9B;-3.7B;-3.7B;;-3.7B;
2016.03.08 03:15:00;CHF;1;CPI m/m;-0.4%;-0.1%;0.2%;;;
2016.03.08 04:15:00;GBP;3;BOE Gov Carney Speaks;;;;;;
2016.03.08 05:00:00;EUR;1;Revised GDP q/q;0.3%;0.3%;0.3%;;;
2016.03.08 00:00:00;EUR;2;ECOFIN Meetings (All Day);;;;;;
2016.03.08 06:00:00;USD;1;NFIB Small Business Index;93.9;94.5;92.9;;;
2016.03.08 08:13:00;CAD;1;Housing Starts;166K;181K;213K;;165K;
2016.03.08 08:30:00;CAD;2;Building Permits m/m;11.3%;-2.2%;-9.8%;;7.7%;
2016.03.08 12:00:00;GBP;2;MPC Member Weale Speaks;;;;;;
2016.03.08 18:30:00;AUD;2;Westpac Consumer Sentiment;4.2%;;-2.2%;;;
2016.03.08 18:50:00;JPY;1;M2 Money Stock y/y;3.2%;3.2%;3.1%;;;
2016.03.08 19:30:00;AUD;2;Home Loans m/m;2.6%;-2.7%;-3.9%;;2.7%;
2016.03.09 00:59:00;JPY;1;Prelim Machine Tool Orders y/y;-17.2%;;-22.6%;;;
2016.03.09 04:30:00;GBP;3;Manufacturing Production m/m;-0.2%;0.2%;0.7%;;-0.3%;
2016.03.09 04:30:00;GBP;1;Industrial Production m/m;-1.1%;0.6%;0.3%;;;
2016.03.09 09:37:00;GBP;1;NIESR GDP Estimate;0.4%;;0.3%;;;
2016.03.09 10:00:00;CAD;3;BOC Rate Statement;;;;;;
2016.03.09 10:00:00;CAD;3;Overnight Rate;0.50%;0.50%;0.50%;;;
2016.03.09 10:00:00;USD;1;Final Wholesale Inventories m/m;-0.1%;-0.2%;0.3%;;0.0%;
2016.03.09 10:30:00;USD;3;Crude Oil Inventories;10.4M;3.0M;3.9M;;;
2016.03.09 13:01:00;USD;1;10-y Bond Auction;1.73|2.6;;1.90|2.5;;;
2016.03.09 15:00:00;NZD;3;Official Cash Rate;2.50%;2.50%;2.25%;;;
2016.03.09 15:00:00;NZD;3;RBNZ Rate Statement;;;;;;
2016.03.09 15:00:00;NZD;2;RBNZ Monetary Policy Statement;;;;;;
2016.03.09 15:05:00;NZD;3;RBNZ Press Conference;;;;;;
2016.03.09 18:10:00;NZD;3;RBNZ Gov Wheeler Speaks;;;;;;
2016.03.09 18:50:00;JPY;1;PPI y/y;-3.1%;-3.4%;-3.4%;;-3.2%;
2016.03.09 19:00:00;AUD;1;MI Inflation Expectations;3.6%;;3.4%;;;
2016.03.09 19:01:00;GBP;1;RICS House Price Balance;49%;52%;50%;;48%;
2016.03.09 20:30:00;CNY;3;CPI y/y;1.8%;1.8%;2.3%;;;
2016.03.09 20:30:00;CNY;2;PPI y/y;-5.3%;-4.9%;-4.9%;;;
2016.03.10 01:30:00;EUR;1;French Final Private Payrolls q/q;0.2%;0.2%;0.2%;;;
2016.03.10 02:00:00;EUR;1;German Trade Balance;19.4B;19.2B;18.9B;;20.3B;
2016.03.10 02:45:00;EUR;1;French Industrial Production m/m;-1.6%;0.8%;1.3%;;-0.6%;
2016.03.10 04:00:00;EUR;1;Italian Quarterly Unemployment Rate;11.7%;11.5%;11.5%;;11.5%;
2016.03.10 07:45:00;EUR;3;Main Refinancing Rate;0.05%;0.05%;0.00%;;;
2016.03.10 07:45:00;EUR;3;Monetary Policy Statement;;;;;;
2016.03.10 08:30:00;CAD;2;NHPI m/m;0.1%;0.2%;0.1%;;;
2016.03.10 08:30:00;CAD;1;Capacity Utilization Rate;82.0%;81.9%;81.1%;;81.6%;
2016.03.10 08:30:00;EUR;3;ECB Press Conference;;;;;;
2016.03.10 08:30:00;USD;3;Unemployment Claims;278K;272K;259K;;277K;
2016.03.10 10:30:00;USD;1;Natural Gas Storage;-48B;-51B;-57B;;;
2016.03.10 13:01:00;USD;1;30-y Bond Auction;2.50|2.1;;2.72|2.3;;;
2016.03.10 14:00:00;USD;1;Federal Budget Balance;55.2B;-198.3B;-192.6B;;;
2016.03.10 16:15:00;CAD;2;BOC Gov Poloz Speaks;;;;;;
2016.03.10 16:30:00;NZD;1;BusinessNZ Manufacturing Index;57.9;;56.0;;58.0;
2016.03.10 16:45:00;NZD;1;FPI m/m;2.0%;;-0.6%;;;
2016.03.10 18:50:00;JPY;2;BSI Manufacturing Index;3.8;4.2;-7.9;;;
2016.03.11 02:00:00;EUR;1;German Final CPI m/m;0.4%;0.4%;0.4%;;;
2016.03.11 02:00:00;EUR;1;German WPI m/m;-0.4%;0.2%;-0.5%;;;
2016.03.11 02:18:00;CNY;1;Foreign Direct Investment ytd/y;3.2%;;2.7%;;;
2016.03.11 04:00:00;EUR;1;Italian Industrial Production m/m;-0.7%;0.9%;1.9%;;-0.6%;
2016.03.11 04:30:00;GBP;2;Goods Trade Balance;-9.9B;-10.3B;-10.3B;;;
2016.03.11 04:30:00;GBP;1;Construction Output m/m;1.5%;-1.3%;-0.2%;;2.1%;
2016.03.11 04:30:00;GBP;1;Consumer Inflation Expectations;2.0%;;1.8%;;;
2016.03.11 06:30:00;CNY;1;M2 Money Supply y/y;14.0%;13.8%;13.3%;;;
2016.03.11 06:30:00;CNY;1;New Loans;2510B;1200B;727B;;;
2016.03.11 08:30:00;CAD;3;Employment Change;-5.7K;10.2K;-2.3K;;;
2016.03.11 08:30:00;CAD;3;Unemployment Rate;7.2%;7.2%;7.3%;;;
2016.03.11 08:30:00;USD;2;Import Prices m/m;-1.1%;-0.7%;-0.3%;;-1.0%;
2016.03.12 00:30:00;CNY;3;Industrial Production y/y;5.9%;5.6%;5.4%;;;
2016.03.12 00:30:00;CNY;2;Fixed Asset Investment ytd/y;10.0%;9.5%;10.2%;;;
2016.03.12 00:30:00;CNY;1;Retail Sales y/y;11.1%;10.9%;10.2%;;;
2016.03.13 03:00:00;CAD;0;Daylight Saving Time Shift;;;;;;
2016.03.13 03:00:00;USD;0;Daylight Saving Time Shift;;;;;;
2016.03.13 17:30:00;NZD;1;BusinessNZ Services Index;55.4;;56.9;;54.9;
2016.03.13 19:50:00;JPY;1;Core Machinery Orders m/m;4.2%;2.0%;15.0%;;;
2016.03.14 06:00:00;EUR;1;Industrial Production m/m;-1.0%;1.7%;2.1%;;-0.5%;
2016.03.14 15:00:00;NZD;3;RBNZ Gov Wheeler Speaks;;;;;;
2016.03.14 20:30:00;AUD;3;Monetary Policy Meeting Minutes;;;;;;
2016.03.14 20:30:00;AUD;1;New Motor Vehicle Sales m/m;0.5%;;-0.1%;;0.4%;
2016.03.14 23:35:00;JPY;3;BOJ Policy Rate;-0.10%;;-0.10%;;;
2016.03.14 23:35:00;JPY;3;Monetary Policy Statement;;;;;;
2016.03.15 00:30:00;JPY;1;Revised Industrial Production m/m;3.7%;3.7%;3.7%;;;
2016.03.15 00:30:00;JPY;1;Tertiary Industry Activity m/m;-0.6%;0.4%;1.5%;;;
2016.03.15 02:32:00;JPY;3;BOJ Press Conference;;;;;;
2016.03.15 03:45:00;EUR;1;French Final CPI m/m;0.2%;0.2%;0.3%;;;
2016.03.15 06:00:00;EUR;1;Final Employment Change q/q;0.3%;0.2%;0.3%;;;
2016.03.15 08:30:00;USD;3;Core Retail Sales m/m;0.1%;-0.2%;-0.1%;;-0.4%;
2016.03.15 08:30:00;USD;3;PPI m/m;0.1%;-0.2%;-0.2%;;;
2016.03.15 08:30:00;USD;3;Retail Sales m/m;0.2%;-0.1%;-0.1%;;-0.4%;
2016.03.15 08:30:00;USD;2;Core PPI m/m;0.4%;0.1%;0.0%;;;
2016.03.15 08:30:00;USD;2;Empire State Manufacturing Index;-16.6;-10.3;0.6;;;
2016.03.15 10:00:00;USD;1;Business Inventories m/m;0.1%;0.0%;0.1%;;;
2016.03.15 10:00:00;USD;1;NAHB Housing Market Index;58;59;58;;;
2016.03.15 10:09:00;NZD;3;GDT Price Index;1.4%;;-2.9%;;;
2016.03.15 16:00:00;USD;1;TIC Long-Term Purchases;-29.4B;3.2B;-12.0B;;;
2016.03.15 17:45:00;NZD;2;Current Account;-4.75B;-2.97B;-2.61B;;-4.74B;
2016.03.15 19:30:00;AUD;1;MI Leading Index m/m;0.0%;;-0.2%;;0.1%;
2016.03.16 05:30:00;GBP;3;Average Earnings Index 3m/y;1.9%;2.0%;2.1%;;;
2016.03.16 05:30:00;GBP;3;Claimant Count Change;-14.8K;-8.8K;-18.0K;;-28.4K;
2016.03.16 05:30:00;GBP;2;Unemployment Rate;5.1%;5.1%;5.1%;;;
2016.03.16 06:32:00;EUR;1;German 10-y Bond Auction;0.26|1.2;;0.30|1.4;;;
2016.03.16 08:30:00;CAD;3;Manufacturing Sales m/m;1.2%;0.4%;2.3%;;1.4%;
2016.03.16 08:30:00;CAD;2;Foreign Securities Purchases;-1.41B;10.20B;13.51B;;-1.40B;
2016.03.16 08:30:00;GBP;3;Annual Budget Release;;;;;;
2016.03.16 08:30:00;USD;3;Building Permits;1.20M;1.20M;1.17M;;;
2016.03.16 08:30:00;USD;3;Core CPI m/m;0.3%;0.2%;0.3%;;;
2016.03.16 08:30:00;USD;3;CPI m/m;0.0%;-0.2%;-0.2%;;;
2016.03.16 08:30:00;USD;3;CPI y/y;1.4%;0.9%;1.0%;;;
2016.03.16 08:30:00;USD;2;Housing Starts;1.10M;1.15M;1.18M;;1.12M;
2016.03.16 09:15:00;USD;2;Capacity Utilization Rate;77.1%;76.9%;76.7%;;;
2016.03.16 09:15:00;USD;2;Industrial Production m/m;0.9%;-0.2%;-0.5%;;0.8%;
2016.03.16 09:30:00;GBP;1;CB Leading Index m/m;0.4%;;0.2%;;0.3%;
2016.03.16 10:30:00;USD;3;Crude Oil Inventories;3.9M;2.9M;1.3M;;;
2016.03.16 14:00:00;USD;3;Federal Funds Rate;0.50%;0.50%;0.50%;;;
2016.03.16 14:00:00;USD;3;FOMC Economic Projections;;;;;;
2016.03.16 14:00:00;USD;3;FOMC Statement;;;;;;
2016.03.16 14:30:00;USD;3;FOMC Press Conference;;;;;;
2016.03.16 17:45:00;NZD;3;GDP q/q;0.9%;0.7%;0.9%;;;
2016.03.16 18:05:00;AUD;2;RBA Deputy Gov Debelle Speaks;;;;;;
2016.03.16 19:50:00;JPY;1;Trade Balance;0.12T;0.24T;0.17T;;0.07T;
2016.03.16 20:30:00;AUD;3;Employment Change;-7.9K;11.6K;0.3K;;-7.4K;
2016.03.16 20:30:00;AUD;3;Unemployment Rate;6.0%;6.0%;5.8%;;;
2016.03.16 20:30:00;AUD;1;RBA Bulletin;;;;;;
2016.03.17 02:30:00;JPY;3;BOJ Gov Kuroda Speaks;;;;;;
2016.03.17 02:45:00;CHF;1;SECO Economic Forecasts;;;;;;
2016.03.17 04:15:00;CHF;2;PPI m/m;-0.4%;0.2%;-0.6%;;;
2016.03.17 04:30:00;CHF;3;Libor Rate;-0.75%;-0.75%;-0.75%;;;
2016.03.17 04:30:00;CHF;3;SNB Monetary Policy Assessment;;;;;;
2016.03.17 05:02:00;EUR;1;Italian Trade Balance;6.02B;4.33B;0.04B;;;
2016.03.17 05:43:00;EUR;1;Spanish 10-y Bond Auction;1.69|1.9;;1.48|2.0;;;
2016.03.17 06:00:00;EUR;2;Final CPI y/y;-0.2%;-0.2%;-0.2%;;;
2016.03.17 06:00:00;EUR;1;Final Core CPI y/y;0.7%;0.7%;0.8%;;;
2016.03.17 06:00:00;EUR;1;Trade Balance;21.0B;20.2B;21.2B;;22.5B;
2016.03.17 08:00:00;GBP;3;Monetary Policy Summary;;;;;;
2016.03.17 08:00:00;GBP;3;MPC Official Bank Rate Votes;0-0-9;0-0-9;0-0-9;;;
2016.03.17 08:00:00;GBP;3;Official Bank Rate;0.50%;0.50%;0.50%;;;
2016.03.17 08:00:00;GBP;2;Asset Purchase Facility;375B;375B;375B;;;
2016.03.17 08:00:00;GBP;2;MPC Asset Purchase Facility Votes;0-0-9;0-0-9;0-0-9;;;
2016.03.17 08:30:00;CAD;2;Wholesale Sales m/m;2.0%;0.3%;0.0%;;1.8%;
2016.03.17 08:30:00;USD;3;Philly Fed Manufacturing Index;-2.8;-1.4;12.4;;;
2016.03.17 08:30:00;USD;3;Unemployment Claims;259K;267K;265K;;258K;
2016.03.17 08:30:00;USD;2;Current Account;-124B;-117B;-125B;;-130B;
2016.03.17 10:00:00;USD;2;JOLTS Job Openings;5.61M;5.57M;5.54M;;5.28M;
2016.03.17 10:00:00;USD;1;CB Leading Index m/m;-0.2%;0.2%;0.1%;;;
2016.03.17 10:30:00;USD;1;Natural Gas Storage;-57B;-9B;-1B;;;
2016.03.17 19:50:00;JPY;2;Monetary Policy Meeting Minutes;;;;;;
2016.03.18 03:00:00;EUR;1;German PPI m/m;-0.7%;-0.2%;-0.5%;;;
2016.03.18 08:00:00;GBP;1;BOE Quarterly Bulletin;;;;;;
2016.03.18 08:30:00;CAD;3;Core CPI m/m;0.3%;0.5%;0.5%;;;
2016.03.18 08:30:00;CAD;3;Core Retail Sales m/m;-1.6%;0.6%;1.2%;;-1.7%;
2016.03.18 08:30:00;CAD;2;CPI m/m;0.2%;0.3%;0.2%;;;
2016.03.18 08:30:00;CAD;2;Retail Sales m/m;-2.2%;0.7%;2.1%;;-2.1%;
2016.03.18 09:00:00;USD;2;FOMC Member Dudley Speaks;;;;;;
2016.03.18 10:00:00;USD;3;Prelim UoM Consumer Sentiment;90.7;92.1;90.0;;91.7;
2016.03.18 10:00:00;USD;1;Prelim UoM Inflation Expectations;2.5%;;2.7%;;;
2016.03.18 11:00:00;USD;2;FOMC Member Rosengren Speaks;;;;;;
2016.03.18 14:00:00;USD;2;FOMC Member Bullard Speaks;;;;;;
2016.03.20 17:03:00;NZD;1;Westpac Consumer Sentiment;110.7;;109.6;;;
2016.03.20 17:45:00;NZD;1;Visitor Arrivals m/m;2.9%;;-1.6%;;2.7%;
2016.03.20 00:00:00;JPY;0;Bank Holiday (All Day);;;;;;
2016.03.20 20:01:00;GBP;1;Rightmove HPI m/m;2.9%;;1.3%;;;
2016.03.20 22:00:00;NZD;1;Credit Card Spending y/y;8.9%;;7.3%;;8.3%;
2016.03.21 05:00:00;EUR;1;Current Account;25.5B;26.3B;25.4B;;28.6B;
2016.03.21 07:00:00;EUR;1;German Buba Monthly Report;;;;;;
2016.03.21 07:00:00;GBP;1;CBI Industrial Order Expectations;-17;-13;-14;;;
2016.03.21 10:00:00;USD;2;Existing Home Sales;5.47M;5.32M;5.08M;;;
2016.03.21 10:30:00;AUD;1;CB Leading Index m/m;-0.2%;;-0.4%;;;
2016.03.21 11:00:00;EUR;1;Consumer Confidence;-9;-8;-10;;;
2016.03.21 20:30:00;AUD;2;HPI q/q;2.0%;0.1%;0.2%;;;
2016.03.21 20:45:00;AUD;2;RBA Assist Gov Edey Speaks;;;;;;
2016.03.21 22:00:00;JPY;1;Flash Manufacturing PMI;50.2;50.6;49.1;;50.1;
2016.03.22 00:30:00;JPY;1;All Industries Activity m/m;-0.9%;1.9%;2.0%;;;
2016.03.22 01:15:00;AUD;3;RBA Gov Stevens Speaks;;;;;;
2016.03.22 03:00:00;CHF;1;Trade Balance;3.51B;2.88B;4.07B;;;
2016.03.22 04:00:00;EUR;2;French Flash Manufacturing PMI;50.3;50.2;49.6;;50.2;
2016.03.22 04:00:00;EUR;2;French Flash Services PMI;49.8;49.5;51.2;;49.2;
2016.03.22 04:30:00;EUR;2;German Flash Manufacturing PMI;50.2;50.9;50.4;;50.5;
2016.03.22 04:30:00;EUR;2;German Flash Services PMI;55.1;55.1;55.5;;55.3;
2016.03.22 05:00:00;EUR;3;German ifo Business Climate;105.7;106.1;106.7;;;
2016.03.22 05:00:00;EUR;2;Flash Manufacturing PMI;51.0;51.4;51.4;;51.2;
2016.03.22 05:00:00;EUR;2;Flash Services PMI;53.0;53.5;54.0;;53.3;
2016.03.22 05:30:00;GBP;3;CPI y/y;0.3%;0.4%;0.3%;;;
2016.03.22 05:30:00;GBP;2;PPI Input m/m;-0.7%;0.4%;0.1%;;-1.1%;
2016.03.22 05:30:00;GBP;2;Public Sector Net Borrowing;-11.8B;5.4B;6.5B;;-14.4B;
2016.03.22 05:30:00;GBP;2;RPI y/y;1.3%;1.3%;1.3%;;;
2016.03.22 05:30:00;GBP;1;Core CPI y/y;1.2%;1.2%;1.2%;;;
2016.03.22 05:30:00;GBP;1;ONS HPI y/y;6.7%;6.9%;7.9%;;;
2016.03.22 05:30:00;GBP;1;PPI Output m/m;-0.1%;0.0%;0.1%;;;
2016.03.22 06:00:00;EUR;3;German ZEW Economic Sentiment;1.0;6.3;4.3;;;
2016.03.22 06:00:00;EUR;2;ZEW Economic Sentiment;13.6;8.2;10.6;;;
2016.03.22 09:00:00;USD;1;HPI m/m;0.4%;0.5%;0.5%;;0.5%;
2016.03.22 09:30:00;GBP;2;MPC Member Forbes Speaks;;;;;;
2016.03.22 09:45:00;USD;1;Flash Manufacturing PMI;51.0;51.6;51.4;;;
2016.03.22 09:59:00;USD;1;Richmond Manufacturing Index;-4;-1;22;;;
2016.03.22 16:00:00;CAD;2;Annual Budget Release;;;;;;
2016.03.23 06:00:00;CHF;1;Credit Suisse Economic Expectations;-5.9;;2.5;;;
2016.03.23 06:32:00;EUR;1;German 30-y Bond Auction;0.77|1.6;;0.94|1.2;;;
2016.03.23 08:40:00;EUR;2;German Buba President Weidmann Speaks;;;;;;
2016.03.23 09:00:00;USD;2;FOMC Member Bullard Speaks;;;;;;
2016.03.23 09:58:00;EUR;1;Belgian NBB Business Climate;-6.6;-6.0;-4.2;;;
2016.03.23 10:00:00;CHF;1;SNB Quarterly Bulletin;;;;;;
2016.03.23 10:00:00;USD;2;New Home Sales;494K;512K;512K;;502K;
2016.03.23 10:30:00;USD;3;Crude Oil Inventories;1.3M;2.5M;9.4M;;;
2016.03.23 17:45:00;NZD;3;Trade Balance;8M;75M;339M;;13M;
2016.03.23 19:50:00;JPY;1;BOJ Summary of Opinions;;;;;;
2016.03.24 03:00:00;EUR;1;German GfK Consumer Climate;9.5;9.5;9.4;;;
2016.03.24 03:00:00;EUR;1;German Import Prices m/m;-1.5%;-0.3%;-0.6%;;;
2016.03.24 05:00:00;EUR;1;ECB Economic Bulletin;;;;;;
2016.03.24 05:30:00;GBP;3;Retail Sales m/m;2.3%;-0.7%;-0.4%;;;
2016.03.24 05:30:00;GBP;1;High Street Lending;47.5K;47.8K;45.9K;;46.9K;
2016.03.24 06:00:00;EUR;1;Italian Retail Sales m/m;-0.1%;0.0%;0.0%;;;
2016.03.24 06:30:00;EUR;2;Long Term Refinancing Operation;18.3B;24.3B;7.3B;;;
2016.03.24 07:00:00;GBP;1;CBI Realized Sales;10;12;7;;;
2016.03.24 08:15:00;USD;2;FOMC Member Bullard Speaks;;;;;;
2016.03.24 08:30:00;USD;3;Core Durable Goods Orders m/m;1.8%;-0.2%;-1.0%;;1.7%;
2016.03.24 08:30:00;USD;3;Unemployment Claims;265K;267K;265K;;259K;
2016.03.24 08:30:00;USD;2;Durable Goods Orders m/m;4.9%;-3.0%;-2.8%;;4.7%;
2016.03.24 09:45:00;USD;1;Flash Services PMI;49.8;51.3;51.0;;49.7;
2016.03.24 10:30:00;USD;1;Natural Gas Storage;-1B;20B;15B;;;
2016.03.24 00:00:00;NZD;0;Bank Holiday (All Day);;;;;;
2016.03.24 00:00:00;AUD;0;Bank Holiday (All Day);;;;;;
2016.03.24 19:30:00;JPY;2;Tokyo Core CPI y/y;-0.1%;-0.2%;-0.3%;;;
2016.03.24 19:30:00;JPY;1;National Core CPI y/y;0.0%;0.1%;0.0%;;;
2016.03.24 19:50:00;JPY;1;SPPI y/y;0.2%;0.2%;0.2%;;0.3%;
2016.03.25 01:00:00;JPY;1;BOJ Core CPI y/y;1.1%;1.1%;1.1%;;;
2016.03.25 00:00:00;CHF;0;Bank Holiday (All Day);;;;;;
2016.03.25 00:00:00;EUR;0;German Bank Holiday (All Day);;;;;;
2016.03.25 00:00:00;GBP;0;Bank Holiday (All Day);;;;;;
2016.03.25 00:00:00;CAD;0;Bank Holiday (All Day);;;;;;
2016.03.25 08:30:00;USD;3;Final GDP q/q;1.0%;1.0%;1.4%;;;
2016.03.25 08:30:00;USD;1;Final GDP Price Index q/q;0.9%;0.9%;0.9%;;;
2016.03.26 21:00:00;CHF;0;Daylight Saving Time Shift;;;;;;
2016.03.26 21:00:00;EUR;0;Daylight Saving Time Shift;;;;;;
2016.03.26 21:00:00;GBP;0;Daylight Saving Time Shift;;;;;;
2016.03.27 00:00:00;NZD;0;Bank Holiday (All Day);;;;;;
2016.03.27 00:00:00;AUD;0;Bank Holiday (All Day);;;;;;
2016.03.28 00:00:00;CHF;0;Bank Holiday (All Day);;;;;;
2016.03.28 00:00:00;EUR;0;French Bank Holiday (All Day);;;;;;
2016.03.28 00:00:00;EUR;0;Italian Bank Holiday (All Day);;;;;;
2016.03.28 00:00:00;EUR;0;German Bank Holiday (All Day);;;;;;
2016.03.28 00:00:00;GBP;0;Bank Holiday (All Day);;;;;;
2016.03.28 08:30:00;USD;2;Core PCE Price Index m/m;0.3%;0.2%;0.1%;;;
2016.03.28 08:30:00;USD;2;Personal Spending m/m;0.5%;0.2%;0.1%;;0.1%;
2016.03.28 08:30:00;USD;1;Goods Trade Balance;-62.2B;-62.3B;-62.9B;;-62.4B;
2016.03.28 08:30:00;USD;1;Personal Income m/m;0.5%;0.1%;0.2%;;;
2016.03.28 10:00:00;USD;2;Pending Home Sales m/m;-2.5%;1.2%;3.5%;;-3.0%;
2016.03.28 19:30:00;JPY;2;Household Spending y/y;-3.1%;-1.8%;1.2%;;;
2016.03.28 19:30:00;JPY;1;Unemployment Rate;3.2%;3.2%;3.3%;;;
2016.03.28 19:50:00;JPY;2;Retail Sales y/y;-0.1%;1.6%;0.5%;;-0.2%;
2016.03.29 04:00:00;EUR;2;M3 Money Supply y/y;5.0%;5.0%;5.0%;;;
2016.03.29 04:00:00;EUR;1;Private Loans y/y;1.4%;1.4%;1.6%;;;
2016.03.29 06:00:00;GBP;1;FPC Statement;;;;;;
2016.03.29 08:30:00;CAD;2;RMPI m/m;-0.4%;-0.8%;-2.6%;;;
2016.03.29 08:30:00;CAD;1;IPPI m/m;0.5%;-0.2%;-1.1%;;;
2016.03.29 09:00:00;USD;1;S&P/CS Composite-20 HPI y/y;5.7%;5.7%;5.7%;;5.6%;
2016.03.29 10:00:00;USD;3;CB Consumer Confidence;92.2;93.9;96.2;;94.0;
2016.03.29 12:20:00;USD;3;Fed Chair Yellen Speaks;;;;;;
2016.03.29 17:45:00;NZD;1;Building Consents m/m;-8.2%;;10.8%;;-7.8%;
2016.03.29 19:50:00;JPY;1;Prelim Industrial Production m/m;3.7%;-5.8%;-6.2%;;;
2016.03.30 02:00:00;CHF;1;UBS Consumption Indicator;1.66;;1.53;;1.45;
2016.03.30 00:00:00;EUR;2;German Prelim CPI m/m (All Day);0.4%;0.6%;0.8%;;;
2016.03.30 03:00:00;CHF;2;KOF Economic Barometer;102.4;101.9;102.5;;102.6;
2016.03.30 05:20:00;EUR;1;Italian 10-y Bond Auction;1.50|1.3;;1.24|1.4;;;
2016.03.30 08:15:00;USD;3;ADP Non-Farm Employment Change;214K;195K;200K;;205K;
2016.03.30 10:30:00;USD;3;Crude Oil Inventories;9.4M;3.1M;2.3M;;;
2016.03.30 14:35:00;CAD;1;Gov Council Member Patterson Speaks;;;;;;
2016.03.30 19:05:00;GBP;1;GfK Consumer Confidence;0;-1;0;;;
2016.03.30 20:00:00;AUD;1;HIA New Home Sales m/m;3.1%;;-5.3%;;;
2016.03.30 20:00:00;NZD;2;ANZ Business Confidence;7.1;;3.2;;;
2016.03.30 20:30:00;AUD;1;Private Sector Credit m/m;0.5%;0.5%;0.6%;;;
2016.03.31 01:00:00;JPY;1;Housing Starts y/y;0.2%;-2.2%;7.8%;;;
2016.03.31 02:00:00;EUR;2;German Retail Sales m/m;0.7%;0.3%;-0.4%;;-0.1%;
2016.03.31 02:45:00;EUR;1;French Consumer Spending m/m;0.6%;0.1%;0.6%;;1.0%;
2016.03.31 02:45:00;EUR;1;French Prelim CPI m/m;0.2%;0.5%;0.7%;;0.3%;
2016.03.31 03:00:00;EUR;2;Spanish Flash CPI y/y;-0.8%;-0.6%;-0.8%;;;
2016.03.31 03:00:00;GBP;3;BOE Gov Carney Speaks;;;;;;
2016.03.31 03:55:00;EUR;2;German Unemployment Change;-10K;-6K;0K;;-9K;
2016.03.31 04:30:00;GBP;3;Current Account;-17.5B;-21.1B;-32.7B;;-20.1B;
2016.03.31 04:30:00;GBP;2;Final GDP q/q;0.5%;0.5%;0.6%;;;
2016.03.31 04:30:00;GBP;2;Net Lending to Individuals m/m;5.3B;5.1B;4.9B;;5.4B;
2016.03.31 04:30:00;GBP;1;Index of Services 3m/3m;0.7%;0.8%;0.9%;;0.8%;
2016.03.31 04:30:00;GBP;1;M4 Money Supply m/m;0.0%;0.1%;0.9%;;0.1%;
2016.03.31 04:30:00;GBP;1;Mortgage Approvals;75K;74K;74K;;74K;
2016.03.31 04:30:00;GBP;1;Revised Business Investment q/q;-2.1%;-2.0%;-2.0%;;;
2016.03.31 05:00:00;EUR;2;Core CPI Flash Estimate y/y;0.7%;0.9%;1.0%;;0.8%;
2016.03.31 05:00:00;EUR;2;CPI Flash Estimate y/y;-0.2%;-0.1%;-0.1%;;;
2016.03.31 05:00:00;EUR;1;Italian Prelim CPI m/m;-0.2%;0.1%;0.2%;;;
2016.03.31 07:30:00;USD;1;Challenger Job Cuts y/y;21.8%;;31.7%;;;
2016.03.31 08:30:00;CAD;3;GDP m/m;0.2%;0.3%;0.6%;;;
2016.03.31 08:30:00;USD;3;Unemployment Claims;265K;266K;276K;;;
2016.03.31 09:45:00;USD;2;Chicago PMI;47.6;50.5;53.6;;;
2016.03.31 10:30:00;USD;1;Natural Gas Storage;15B;-20B;-25B;;;
2016.03.31 12:30:00;CHF;2;Gov Board Member Maechler Speaks;;;;;;
2016.03.31 17:00:00;USD;2;FOMC Member Dudley Speaks;;;;;;
2016.03.31 18:30:00;AUD;1;AIG Manufacturing Index;53.5;;58.1;;;
2016.03.31 19:50:00;JPY;2;Tankan Manufacturing Index;12;8;6;;;
2016.03.31 19:50:00;JPY;2;Tankan Non-Manufacturing Index;25;24;22;;;
2016.03.31 20:52:00;CNY;2;Non-Manufacturing PMI;52.7;;53.8;;;
2016.03.31 21:00:00;CNY;3;Manufacturing PMI;49.0;49.3;50.2;;;
2016.03.31 21:45:00;CNY;3;Caixin Manufacturing PMI;48.0;48.3;49.7;;;
2016.03.31 22:00:00;JPY;1;Final Manufacturing PMI;49.1;49.1;49.1;;;
