2016.06.01 01:45:00;CHF;1;GDP q/q;0.4%;0.3%;0.1%;;;
2016.06.01 02:00:00;GBP;1;Nationwide HPI m/m;0.2%;0.3%;0.2%;;;
2016.06.01 02:30:00;AUD;1;Commodity Prices y/y;-9.4%;;-10.0%;;;
2016.06.01 03:15:00;CHF;1;Retail Sales y/y;-1.3%;-0.8%;-1.9%;;-1.6%;
2016.06.01 03:15:00;EUR;2;Spanish Manufacturing PMI;53.5;52.6;51.8;;;
2016.06.01 03:30:00;CHF;1;Manufacturing PMI;54.7;54.2;55.8;;;
2016.06.01 03:45:00;EUR;1;Italian Manufacturing PMI;53.9;53.5;52.4;;;
2016.06.01 03:50:00;EUR;1;French Final Manufacturing PMI;48.3;48.3;48.4;;;
2016.06.01 03:55:00;EUR;1;German Final Manufacturing PMI;52.4;52.5;52.1;;;
2016.06.01 04:00:00;EUR;1;Final Manufacturing PMI;51.5;51.5;51.5;;;
2016.06.01 04:30:00;GBP;3;Final Manufacturing PMI;49.2;49.6;50.1;;49.4;
2016.06.01 04:30:00;GBP;2;Net Lending to Individuals m/m;9.3B;5.3B;1.6B;;9.2B;
2016.06.01 04:30:00;GBP;1;M4 Money Supply m/m;-0.4%;0.2%;-0.1%;;;
2016.06.01 04:30:00;GBP;1;Mortgage Approvals;71K;68K;66K;;70K;
2016.06.01 09:30:00;CAD;1;Manufacturing PMI;52.2;;52.1;;;
2016.06.01 09:45:00;USD;1;Final Manufacturing PMI;50.5;50.5;50.7;;;
2016.06.01 10:00:00;USD;3;ISM Manufacturing PMI;50.8;50.5;51.3;;;
2016.06.01 10:00:00;USD;1;Construction Spending m/m;0.3%;0.5%;-1.8%;;1.5%;
2016.06.01 10:00:00;USD;1;ISM Manufacturing Prices;59.0;58.0;63.5;;;
2016.06.01 00:00:00;USD;1;Wards Total Vehicle Sales (All Day);17.3M;17.3M;17.4M;;17.5M;
2016.06.01 10:43:00;NZD;3;GDT Price Index;2.6%;;3.4%;;;
2016.06.01 00:00:00;USD;1;Total Vehicle Sales (All Day);17.4M;17.2M;17.4M;;;
2016.06.01 14:00:00;USD;1;Beige Book;;;;;;
2016.06.01 19:50:00;JPY;1;Monetary Base y/y;26.8%;27.2%;25.5%;;;
2016.06.01 21:30:00;AUD;3;Goods Trade Balance;-2.16B;-2.11B;-1.58B;;-1.97B;
2016.06.01 21:30:00;AUD;3;Retail Sales m/m;0.4%;0.3%;0.2%;;;
2016.06.01 23:45:00;JPY;1;10-y Bond Auction;-0.10|3.4;;-0.09|4.1;;;
2016.06.02 01:00:00;JPY;1;Consumer Confidence;40.8;40.4;40.9;;;
2016.06.02 00:00:00;EUR;0;Italian Bank Holiday (All Day);;;;;;
2016.06.02 03:00:00;EUR;2;Spanish Unemployment Change;-83.6K;-110.0K;-119.8K;;;
2016.06.02 04:30:00;GBP;3;Construction PMI;52.0;51.9;51.2;;;
2016.06.02 04:47:00;EUR;1;Spanish 10-y Bond Auction;1.59|4.3;;1.50|1.5;;;
2016.06.02 04:58:00;EUR;1;French 10-y Bond Auction;0.57|1.7;;0.49|1.8;;;
2016.06.02 05:00:00;EUR;1;PPI m/m;0.3%;0.1%;-0.3%;;;
2016.06.02 00:00:00;All;3;OPEC Meetings (All Day);;;;;;
2016.06.02 07:30:00;USD;1;Challenger Job Cuts y/y;5.8%;;-26.5%;;;
2016.06.02 07:45:00;EUR;3;Main Refinancing Rate;0.00%;0.00%;0.00%;;;
2016.06.02 07:45:00;EUR;3;Monetary Policy Statement;;;;;;
2016.06.02 08:15:00;USD;3;ADP Non-Farm Employment Change;156K;174K;173K;;166K;
2016.06.02 08:30:00;EUR;3;ECB Press Conference;;;;;;
2016.06.02 08:30:00;USD;3;Unemployment Claims;268K;270K;267K;;;
2016.06.02 08:35:00;USD;2;FOMC Member Powell Speaks;;;;;;
2016.06.02 09:00:00;GBP;3;BOE Gov Carney Speaks;;;;;;
2016.06.02 10:30:00;USD;1;Natural Gas Storage;71B;83B;82B;;;
2016.06.02 11:00:00;USD;3;Crude Oil Inventories;-4.2M;-2.7M;-1.4M;;;
2016.06.02 11:45:00;CAD;2;Gov Council Member Schembri Speaks;;;;;;
2016.06.02 19:30:00;AUD;1;AIG Services Index;49.7;;51.5;;;
2016.06.02 20:00:00;JPY;1;Average Cash Earnings y/y;1.4%;0.9%;0.3%;;1.5%;
2016.06.02 21:00:00;NZD;1;ANZ Commodity Prices m/m;-0.8%;;1.0%;;;
2016.06.02 21:45:00;CNY;2;Caixin Services PMI;51.8;52.0;51.2;;;
2016.06.03 03:15:00;EUR;1;Spanish Services PMI;55.1;55.6;55.4;;;
2016.06.03 03:45:00;EUR;1;Italian Services PMI;52.1;52.3;49.8;;;
2016.06.03 03:50:00;EUR;1;French Final Services PMI;51.8;51.8;51.6;;;
2016.06.03 03:55:00;EUR;1;German Final Services PMI;55.2;55.2;55.2;;;
2016.06.03 04:00:00;EUR;1;Final Services PMI;53.1;53.1;53.3;;;
2016.06.03 04:30:00;GBP;3;Final Services PMI;52.3;52.5;53.5;;;
2016.06.03 05:00:00;EUR;1;Retail Sales m/m;-0.5%;0.4%;0.0%;;-0.6%;
2016.06.03 08:30:00;CAD;3;Trade Balance;-3.4B;-2.5B;-2.9B;;-3.2B;
2016.06.03 08:30:00;CAD;2;Labor Productivity q/q;0.1%;0.4%;0.4%;;0.0%;
2016.06.03 08:30:00;USD;3;Average Hourly Earnings m/m;0.3%;0.2%;0.2%;;0.4%;
2016.06.03 08:30:00;USD;3;Non-Farm Employment Change;160K;159K;38K;;123K;
2016.06.03 08:30:00;USD;3;Unemployment Rate;5.0%;4.9%;4.7%;;;
2016.06.03 08:30:00;USD;2;Trade Balance;-40.4B;-41.2B;-37.4B;;-35.5B;
2016.06.03 09:45:00;USD;1;Final Services PMI;51.2;51.2;51.3;;;
2016.06.03 10:00:00;USD;3;ISM Services PMI;55.7;55.4;52.9;;;
2016.06.03 10:00:00;USD;2;Factory Orders m/m;1.1%;1.8%;1.9%;;1.5%;
2016.06.03 12:30:00;USD;2;FOMC Member Brainard Speaks;;;;;;
2016.06.04 03:00:00;USD;2;FOMC Member Mester Speaks;;;;;;
2016.06.04 12:55:00;CAD;3;BOC Gov Poloz Speaks;;;;;;
2016.06.05 00:00:00;CHF;2;Unconditional Basic Income Vote (All Day);;Reject;Reject;;;
2016.06.05 00:00:00;NZD;0;Bank Holiday (All Day);;;;;;
2016.06.05 21:00:00;AUD;1;MI Inflation Gauge m/m;0.1%;;-0.2%;;;
2016.06.05 21:30:00;AUD;1;ANZ Job Advertisements m/m;-0.8%;;2.4%;;-0.6%;
2016.06.06 02:00:00;EUR;2;German Factory Orders m/m;1.9%;-0.4%;-2.0%;;2.6%;
2016.06.06 04:10:00;EUR;1;Retail PMI;47.9;;50.6;;;
2016.06.06 04:30:00;EUR;1;Sentix Investor Confidence;6.2;7.1;9.9;;;
2016.06.06 10:00:00;USD;1;Labor Market Conditions Index m/m;-0.9;;-4.8;;-3.4;
2016.06.06 12:30:00;USD;3;Fed Chair Yellen Speaks;;;;;;
2016.06.06 19:01:00;GBP;1;BRC Retail Sales Monitor y/y;-0.9%;;0.5%;;;
2016.06.06 19:29:00;AUD;1;AIG Construction Index;50.8;;46.7;;;
2016.06.06 23:45:00;JPY;1;30-y Bond Auction;0.32|3.0;;0.31|3.4;;;
2016.06.07 00:30:00;AUD;3;Cash Rate;1.75%;1.75%;1.75%;;;
2016.06.07 00:30:00;AUD;3;RBA Rate Statement;;;;;;
2016.06.07 01:00:00;JPY;1;Leading Indicators;98.4%;100.8%;100.5%;;99.3%;
2016.06.07 02:00:00;EUR;1;German Industrial Production m/m;-1.3%;0.8%;0.8%;;-1.1%;
2016.06.07 02:45:00;EUR;1;French Gov Budget Balance;-27.5B;;-56.5B;;;
2016.06.07 02:45:00;EUR;1;French Trade Balance;-4.4B;-4.2B;-5.2B;;-4.2B;
2016.06.07 03:00:00;CHF;2;Foreign Currency Reserves;588B;;602B;;;
2016.06.07 03:30:00;GBP;2;Halifax HPI m/m;-0.8%;0.3%;0.6%;;;
2016.06.07 05:00:00;EUR;1;Revised GDP q/q;0.5%;0.5%;0.6%;;;
2016.06.07 05:35:00;GBP;1;30-y Bond Auction;2.35|2.1;;2.10|1.4;;;
2016.06.07 08:30:00;USD;2;Revised Nonfarm Productivity q/q;-1.0%;-0.6%;-0.6%;;;
2016.06.07 08:30:00;USD;1;Revised Unit Labor Costs q/q;4.1%;4.0%;4.5%;;;
2016.06.07 09:59:00;USD;1;RCM/TIPP Economic Optimism;48.7;49.1;48.2;;;
2016.06.07 10:00:00;CAD;2;Ivey PMI;53.1;54.2;49.4;;;
2016.06.07 15:00:00;USD;1;Consumer Credit m/m;29.7B;19.1B;13.4B;;28.4B;
2016.06.07 18:45:00;NZD;1;Manufacturing Sales q/q;-1.9%;;-2.6%;;-2.3%;
2016.06.07 19:50:00;JPY;2;Current Account;1.89T;2.04T;1.63T;;;
2016.06.07 19:50:00;JPY;2;Final GDP q/q;0.4%;0.5%;0.5%;;;
2016.06.07 19:50:00;JPY;1;Bank Lending y/y;2.2%;;2.2%;;;
2016.06.07 19:50:00;JPY;1;Final GDP Price Index y/y;0.9%;0.9%;0.9%;;;
2016.06.07 21:30:00;AUD;1;Home Loans m/m;-0.9%;2.6%;1.7%;;-0.7%;
2016.06.07 23:08:00;CNY;1;USD-Denominated Trade Balance;45.6B;55.8B;50.0B;;;
2016.06.07 23:13:00;CNY;3;Trade Balance;298B;358B;325B;;;
2016.06.08 01:00:00;JPY;1;Economy Watchers Sentiment;43.5;43.4;43.0;;;
2016.06.08 03:15:00;CHF;1;CPI m/m;0.3%;0.2%;0.1%;;;
2016.06.08 04:30:00;GBP;3;Manufacturing Production m/m;0.1%;0.0%;2.3%;;;
2016.06.08 04:30:00;GBP;1;Industrial Production m/m;0.3%;0.0%;2.0%;;;
2016.06.08 08:13:00;CAD;1;Housing Starts;192K;190K;189K;;191K;
2016.06.08 08:30:00;CAD;2;Building Permits m/m;-7.0%;1.6%;-0.3%;;-6.3%;
2016.06.08 09:49:00;GBP;1;NIESR GDP Estimate;0.3%;;0.5%;;0.4%;
2016.06.08 10:00:00;USD;2;JOLTS Job Openings;5.76M;5.67M;5.79M;;5.67M;
2016.06.08 10:30:00;USD;3;Crude Oil Inventories;-1.4M;-3.2M;-3.2M;;;
2016.06.08 13:01:00;USD;1;10-y Bond Auction;1.71|2.7;;1.70|2.7;;;
2016.06.08 17:00:00;NZD;3;Official Cash Rate;2.25%;2.25%;2.25%;;;
2016.06.08 17:00:00;NZD;3;RBNZ Rate Statement;;;;;;
2016.06.08 17:00:00;NZD;2;RBNZ Monetary Policy Statement;;;;;;
2016.06.08 19:00:00;NZD;3;RBNZ Press Conference;;;;;;
2016.06.08 19:01:00;GBP;1;RICS House Price Balance;41%;36%;19%;;39%;
2016.06.08 19:50:00;JPY;1;Core Machinery Orders m/m;5.5%;-3.2%;-11.0%;;;
2016.06.08 19:50:00;JPY;1;M2 Money Stock y/y;3.3%;3.3%;3.4%;;3.4%;
2016.06.08 00:00:00;CNY;0;Bank Holiday (All Day);;;;;;
2016.06.08 21:10:00;NZD;3;RBNZ Gov Wheeler Speaks;;;;;;
2016.06.08 21:30:00;CNY;2;CPI y/y;2.3%;2.3%;2.0%;;;
2016.06.08 21:30:00;CNY;2;PPI y/y;-3.4%;-3.1%;-2.8%;;;
2016.06.09 01:30:00;EUR;1;French Final Private Payrolls q/q;0.2%;0.2%;0.3%;;;
2016.06.09 01:45:00;CHF;1;Unemployment Rate;3.5%;3.5%;3.5%;;;
2016.06.09 01:58:00;JPY;1;Prelim Machine Tool Orders y/y;-26.4%;;-25.0%;;-26.3%;
2016.06.09 02:00:00;EUR;1;German Trade Balance;23.6B;21.4B;24.0B;;23.7B;
2016.06.09 03:00:00;EUR;3;ECB President Draghi Speaks;;;;;;
2016.06.09 04:00:00;EUR;1;Italian Quarterly Unemployment Rate;11.5%;11.6%;11.6%;;11.6%;
2016.06.09 04:30:00;GBP;2;Goods Trade Balance;-11.2B;-11.1B;-10.5B;;-10.6B;
2016.06.09 08:30:00;CAD;2;NHPI m/m;0.2%;0.3%;0.3%;;;
2016.06.09 08:30:00;CAD;1;Capacity Utilization Rate;81.1%;81.4%;81.4%;;80.9%;
2016.06.09 08:30:00;USD;3;Unemployment Claims;267K;269K;264K;;268K;
2016.06.09 10:00:00;USD;1;Final Wholesale Inventories m/m;0.1%;0.1%;0.6%;;0.2%;
2016.06.09 10:30:00;CAD;1;BOC Financial System Review;;;;;;
2016.06.09 10:30:00;USD;1;Natural Gas Storage;82B;80B;65B;;;
2016.06.09 11:15:00;CAD;3;BOC Gov Poloz Speaks;;;;;;
2016.06.09 13:01:00;USD;1;30-y Bond Auction;2.62|2.2;;2.48|2.4;;;
2016.06.09 19:50:00;JPY;1;PPI y/y;-4.2%;-4.2%;-4.2%;;;
2016.06.09 00:00:00;CNY;0;Bank Holiday (All Day);;;;;;
2016.06.10 00:30:00;JPY;1;Tertiary Industry Activity m/m;-0.7%;0.7%;1.4%;;-0.5%;
2016.06.10 02:00:00;EUR;1;German Final CPI m/m;0.3%;0.3%;0.3%;;;
2016.06.10 02:00:00;EUR;1;German WPI m/m;0.3%;0.2%;0.9%;;;
2016.06.10 02:45:00;EUR;1;French Industrial Production m/m;-0.3%;0.5%;1.2%;;-0.4%;
2016.06.10 03:00:00;EUR;2;German Buba President Weidmann Speaks;;;;;;
2016.06.10 04:00:00;EUR;1;Italian Industrial Production m/m;0.0%;0.3%;0.5%;;;
2016.06.10 04:30:00;GBP;1;Construction Output m/m;-3.6%;1.5%;2.5%;;;
2016.06.10 04:30:00;GBP;1;Consumer Inflation Expectations;1.8%;;2.0%;;;
2016.06.10 08:30:00;CAD;3;Employment Change;-2.1K;3.1K;13.8K;;;
2016.06.10 08:30:00;CAD;3;Unemployment Rate;7.1%;7.1%;6.9%;;;
2016.06.10 10:00:00;USD;3;Prelim UoM Consumer Sentiment;95.8;94.1;94.3;;94.7;
2016.06.10 10:00:00;USD;1;Prelim UoM Inflation Expectations;2.7%;;2.4%;;2.4%;
2016.06.10 14:00:00;USD;1;Federal Budget Balance;106.5B;-56.2B;-52.5B;;;
2016.06.12 04:33:00;CNY;1;Foreign Direct Investment ytd/y;4.8%;;3.8%;;;
2016.06.12 00:00:00;AUD;0;Bank Holiday (All Day);;;;;;
2016.06.12 19:50:00;JPY;1;BSI Manufacturing Index;-7.9;-2.1;-11.1;;;
2016.06.12 22:00:00;CNY;3;Industrial Production y/y;6.0%;6.1%;6.0%;;;
2016.06.12 22:00:00;CNY;2;Fixed Asset Investment ytd/y;10.5%;10.5%;9.6%;;;
2016.06.12 22:00:00;CNY;1;Retail Sales y/y;10.1%;10.1%;10.0%;;;
2016.06.13 03:00:00;EUR;2;German Buba President Weidmann Speaks;;;;;;
2016.06.13 09:30:00;GBP;1;CB Leading Index m/m;0.0%;;0.0%;;;
2016.06.13 18:45:00;NZD;1;FPI m/m;0.3%;;-0.5%;;;
2016.06.13 21:30:00;AUD;2;NAB Business Confidence;5;;3;;;
2016.06.14 00:30:00;JPY;1;Revised Industrial Production m/m;0.3%;0.4%;0.5%;;;
2016.06.14 03:15:00;CHF;2;PPI m/m;0.3%;0.1%;0.4%;;;
2016.06.14 04:30:00;GBP;3;CPI y/y;0.3%;0.4%;0.3%;;;
2016.06.14 04:30:00;GBP;2;PPI Input m/m;0.9%;0.9%;2.6%;;;
2016.06.14 04:30:00;GBP;2;RPI y/y;1.3%;1.5%;1.4%;;;
2016.06.14 04:30:00;GBP;1;Core CPI y/y;1.2%;1.3%;1.2%;;;
2016.06.14 04:30:00;GBP;1;HPI y/y;8.5%;;8.2%;;;
2016.06.14 04:30:00;GBP;1;PPI Output m/m;0.4%;0.3%;0.1%;;0.3%;
2016.06.14 05:00:00;EUR;1;Final Employment Change q/q;0.3%;0.2%;0.3%;;;
2016.06.14 05:00:00;EUR;1;Industrial Production m/m;-0.8%;0.7%;1.1%;;-0.7%;
2016.06.14 05:55:00;USD;1;NFIB Small Business Index;93.6;93.8;93.8;;;
2016.06.14 08:30:00;USD;3;Core Retail Sales m/m;0.8%;0.4%;0.4%;;;
2016.06.14 08:30:00;USD;3;Retail Sales m/m;1.3%;0.4%;0.5%;;;
2016.06.14 08:30:00;USD;2;Import Prices m/m;0.3%;0.8%;1.4%;;0.7%;
2016.06.14 10:00:00;USD;1;Business Inventories m/m;0.4%;0.2%;0.1%;;0.3%;
2016.06.14 18:45:00;NZD;2;Current Account;-2.61B;0.97B;1.31B;;-2.89B;
2016.06.14 20:30:00;AUD;1;Westpac Consumer Sentiment;8.5%;;-1.0%;;;
2016.06.15 02:45:00;EUR;1;French Final CPI m/m;0.4%;0.4%;0.4%;;;
2016.06.15 04:02:00;CNY;1;M2 Money Supply y/y;12.8%;12.6%;11.8%;;;
2016.06.15 04:02:00;CNY;1;New Loans;556B;750B;986B;;;
2016.06.15 04:30:00;GBP;3;Average Earnings Index 3m/y;2.0%;1.7%;2.0%;;;
2016.06.15 04:30:00;GBP;3;Claimant Count Change;-2.4K;-0.1K;-0.4K;;6.4K;
2016.06.15 04:30:00;GBP;2;Unemployment Rate;5.1%;5.1%;5.0%;;;
2016.06.15 05:00:00;EUR;1;Trade Balance;22.3B;21.6B;28.0B;;23.7B;
2016.06.15 05:33:00;EUR;1;German 10-y Bond Auction;0.14|1.3;;0.01|1.1;;;
2016.06.15 08:30:00;CAD;3;Manufacturing Sales m/m;-0.9%;0.7%;1.0%;;;
2016.06.15 08:30:00;USD;3;PPI m/m;0.2%;0.3%;0.4%;;;
2016.06.15 08:30:00;USD;2;Core PPI m/m;0.1%;0.1%;0.3%;;;
2016.06.15 08:30:00;USD;2;Empire State Manufacturing Index;-9.0;-3.4;6.0;;;
2016.06.15 09:15:00;USD;2;Capacity Utilization Rate;75.4%;75.2%;74.9%;;75.3%;
2016.06.15 09:15:00;USD;2;Industrial Production m/m;0.7%;-0.2%;-0.4%;;0.6%;
2016.06.15 10:00:00;EUR;2;German Buba President Weidmann Speaks;;;;;;
2016.06.15 10:12:00;NZD;3;GDT Price Index;3.4%;;0.0%;;;
2016.06.15 10:30:00;USD;3;Crude Oil Inventories;-3.2M;0.3M;-0.9M;;;
2016.06.15 14:00:00;USD;3;Federal Funds Rate;0.50%;0.50%;0.50%;;;
2016.06.15 14:00:00;USD;3;FOMC Economic Projections;;;;;;
2016.06.15 14:00:00;USD;3;FOMC Statement;;;;;;
2016.06.15 14:30:00;USD;3;FOMC Press Conference;;;;;;
2016.06.15 16:00:00;USD;1;TIC Long-Term Purchases;78.1B;30.2B;-79.6B;;;
2016.06.15 18:45:00;NZD;3;GDP q/q;0.9%;0.5%;0.7%;;;
2016.06.15 19:55:00;CAD;3;BOC Gov Poloz Speaks;;;;;;
2016.06.15 21:00:00;AUD;1;MI Inflation Expectations;3.2%;;3.5%;;;
2016.06.15 21:30:00;AUD;3;Employment Change;10.8K;14.9K;17.9K;;0.8K;
2016.06.15 21:30:00;AUD;3;Unemployment Rate;5.7%;5.7%;5.7%;;;
2016.06.15 21:30:00;AUD;1;New Motor Vehicle Sales m/m;-2.5%;;-1.1%;;-2.8%;
2016.06.15 21:30:00;AUD;1;RBA Bulletin;;;;;;
2016.06.15 22:45:00;JPY;3;BOJ Policy Rate;-0.10%;;-0.10%;;;
2016.06.15 22:45:00;JPY;3;Monetary Policy Statement;;;;;;
2016.06.16 00:30:00;CHF;2;SNB Financial Stability Report;;;;;;
2016.06.16 01:45:00;CHF;1;SECO Economic Forecasts;;;;;;
2016.06.16 02:30:00;JPY;3;BOJ Press Conference;;;;;;
2016.06.16 03:30:00;CHF;3;Libor Rate;-0.75%;-0.75%;-0.75%;;;
2016.06.16 03:30:00;CHF;3;SNB Monetary Policy Assessment;;;;;;
2016.06.16 04:00:00;CHF;3;SNB Press Conference;;;;;;
2016.06.16 04:00:00;EUR;1;ECB Economic Bulletin;;;;;;
2016.06.16 04:30:00;GBP;3;Retail Sales m/m;1.3%;0.3%;0.9%;;1.9%;
2016.06.16 04:43:00;EUR;1;Spanish 10-y Bond Auction;1.50|1.5;;1.59|1.6;;;
2016.06.16 05:00:00;EUR;2;Final CPI y/y;-0.1%;-0.1%;-0.1%;;;
2016.06.16 05:00:00;EUR;1;Final Core CPI y/y;0.8%;0.8%;0.8%;;;
2016.06.16 00:00:00;EUR;2;Eurogroup Meetings (All Day);;;;;;
2016.06.16 07:00:00;GBP;3;Monetary Policy Summary;;;;;;
2016.06.16 07:00:00;GBP;3;MPC Official Bank Rate Votes;0-0-9;0-0-9;0-0-9;;;
2016.06.16 07:00:00;GBP;3;Official Bank Rate;0.50%;0.50%;0.50%;;;
2016.06.16 07:00:00;GBP;2;Asset Purchase Facility;375B;375B;375B;;;
2016.06.16 07:00:00;GBP;2;MPC Asset Purchase Facility Votes;0-0-9;0-0-9;0-0-9;;;
2016.06.16 08:30:00;CAD;2;Foreign Securities Purchases;17.17B;14.70B;15.52B;;17.05B;
2016.06.16 08:30:00;USD;3;Core CPI m/m;0.2%;0.2%;0.2%;;;
2016.06.16 08:30:00;USD;3;CPI m/m;0.4%;0.3%;0.2%;;;
2016.06.16 08:30:00;USD;3;CPI y/y;1.1%;1.0%;1.0%;;;
2016.06.16 08:30:00;USD;3;Philly Fed Manufacturing Index;-1.8;1.1;4.7;;;
2016.06.16 08:30:00;USD;3;Unemployment Claims;264K;267K;277K;;;
2016.06.16 08:30:00;USD;2;Current Account;-125B;-125B;-125B;;-113B;
2016.06.16 10:00:00;USD;1;NAHB Housing Market Index;58;59;60;;;
2016.06.16 10:30:00;USD;1;Natural Gas Storage;65B;66B;69B;;;
2016.06.16 18:30:00;NZD;1;BusinessNZ Manufacturing Index;56.5;;57.1;;56.6;
2016.06.17 04:00:00;EUR;1;Current Account;27.3B;24.7B;36.2B;;26.3B;
2016.06.17 04:04:00;EUR;1;Italian Trade Balance;5.37B;5.95B;4.52B;;5.23B;
2016.06.17 00:00:00;EUR;2;ECOFIN Meetings (All Day);;;;;;
2016.06.17 08:30:00;CAD;3;Core CPI m/m;0.2%;0.3%;0.3%;;;
2016.06.17 08:30:00;CAD;2;CPI m/m;0.3%;0.5%;0.4%;;;
2016.06.17 08:30:00;USD;3;Building Permits;1.12M;1.15M;1.14M;;1.13M;
2016.06.17 08:30:00;USD;2;Housing Starts;1.17M;1.15M;1.16M;;;
2016.06.17 11:00:00;EUR;2;ECB President Draghi Speaks;;;;;;
2016.06.17 13:10:00;CAD;2;Gov Council Member Wilkins Speaks;;;;;;
2016.06.19 17:57:00;NZD;1;Westpac Consumer Sentiment;109.6;;106.0;;;
2016.06.19 18:30:00;NZD;1;BusinessNZ Services Index;57.7;;56.9;;58.1;
2016.06.19 19:01:00;GBP;1;Rightmove HPI m/m;0.4%;;0.8%;;;
2016.06.19 19:50:00;JPY;1;Trade Balance;0.43T;0.13T;0.27T;;0.40T;
2016.06.20 02:00:00;EUR;1;German PPI m/m;0.1%;0.4%;0.4%;;;
2016.06.20 06:00:00;EUR;1;German Buba Monthly Report;;;;;;
2016.06.20 08:30:00;CAD;2;Wholesale Sales m/m;-1.0%;0.2%;0.1%;;-0.8%;
2016.06.20 10:30:00;AUD;1;CB Leading Index m/m;0.1%;;0.5%;;;
2016.06.20 19:25:00;AUD;2;RBA Deputy Gov Debelle Speaks;;;;;;
2016.06.20 19:50:00;JPY;1;Monetary Policy Meeting Minutes;;;;;;
2016.06.20 21:30:00;AUD;3;Monetary Policy Meeting Minutes;;;;;;
2016.06.20 21:30:00;AUD;2;HPI q/q;0.2%;0.8%;-0.2%;;;
2016.06.21 00:30:00;JPY;1;All Industries Activity m/m;0.1%;1.3%;1.3%;;0.2%;
2016.06.21 02:00:00;CHF;1;Trade Balance;2.50B;2.88B;3.79B;;2.51B;
2016.06.21 04:10:00;EUR;3;German Constitutional Court Ruling;;;;;;
2016.06.21 04:30:00;GBP;2;Public Sector Net Borrowing;6.6B;9.5B;9.1B;;7.6B;
2016.06.21 05:00:00;EUR;3;German ZEW Economic Sentiment;6.4;5.1;19.2;;;
2016.06.21 05:00:00;EUR;2;ZEW Economic Sentiment;16.8;15.3;20.2;;;
2016.06.21 06:00:00;GBP;1;CBI Industrial Order Expectations;-8;-10;-2;;;
2016.06.21 09:00:00;EUR;3;ECB President Draghi Speaks;;;;;;
2016.06.21 10:00:00;USD;3;Fed Chair Yellen Testifies;;;;;;
2016.06.21 10:00:00;USD;1;Fed Monetary Policy Report;;;;;;
2016.06.21 14:30:00;USD;2;FOMC Member Powell Speaks;;;;;;
2016.06.21 18:45:00;NZD;1;Visitor Arrivals m/m;-1.1%;;0.1%;;;
2016.06.21 20:30:00;AUD;1;MI Leading Index m/m;0.2%;;0.2%;;0.1%;
2016.06.21 23:00:00;NZD;1;Credit Card Spending y/y;9.1%;;5.9%;;;
2016.06.22 05:00:00;CHF;1;Credit Suisse Economic Expectations;17.5;;19.4;;;
2016.06.22 05:36:00;EUR;1;German 30-y Bond Auction;0.88|1.4;;0.65|2.0;;;
2016.06.22 08:30:00;CAD;3;Core Retail Sales m/m;-0.3%;0.7%;1.3%;;-0.1%;
2016.06.22 08:30:00;CAD;2;Retail Sales m/m;-1.0%;0.8%;0.9%;;-0.8%;
2016.06.22 09:00:00;CHF;1;SNB Quarterly Bulletin;;;;;;
2016.06.22 09:00:00;USD;1;HPI m/m;0.7%;0.6%;0.2%;;;
2016.06.22 09:16:00;CNY;1;CB Leading Index m/m;0.1%;;0.2%;;-0.1%;
2016.06.22 10:00:00;EUR;1;Consumer Confidence;-7;-7;-7;;;
2016.06.22 10:00:00;USD;3;Fed Chair Yellen Testifies;;;;;;
2016.06.22 10:00:00;USD;2;Existing Home Sales;5.45M;5.53M;5.53M;;5.43M;
2016.06.22 10:30:00;USD;3;Crude Oil Inventories;-0.9M;-1.3M;-0.9M;;;
2016.06.22 22:00:00;JPY;1;Flash Manufacturing PMI;47.6;48.2;47.8;;47.7;
2016.06.23 03:00:00;EUR;2;French Flash Manufacturing PMI;48.3;48.8;47.9;;48.4;
2016.06.23 03:00:00;EUR;2;French Flash Services PMI;51.8;51.5;49.9;;51.6;
2016.06.23 03:30:00;EUR;2;German Flash Manufacturing PMI;52.4;52.1;54.4;;52.1;
2016.06.23 03:30:00;EUR;2;German Flash Services PMI;55.2;55.0;53.2;;;
2016.06.23 04:00:00;EUR;2;Flash Manufacturing PMI;51.5;51.4;52.6;;;
2016.06.23 04:00:00;EUR;2;Flash Services PMI;53.1;53.2;52.4;;53.3;
2016.06.23 04:15:00;AUD;2;RBA Deputy Gov Debelle Speaks;;;;;;
2016.06.23 00:00:00;GBP;3;EU Membership Vote (All Day);;;Leave;;;
2016.06.23 05:30:00;EUR;2;Long Term Refinancing Operation;7.3B;;6.7B;;;
2016.06.23 08:30:00;USD;3;Unemployment Claims;277K;271K;259K;;;
2016.06.23 09:00:00;EUR;1;Belgian NBB Business Climate;-2.8;-2.9;0.7;;;
2016.06.23 09:45:00;USD;1;Flash Manufacturing PMI;50.5;50.5;51.4;;50.7;
2016.06.23 10:00:00;USD;2;New Home Sales;619K;561K;551K;;586K;
2016.06.23 10:00:00;USD;1;CB Leading Index m/m;0.6%;0.2%;-0.2%;;;
2016.06.23 10:30:00;USD;1;Natural Gas Storage;69B;59B;62B;;;
2016.06.23 19:50:00;JPY;1;BOJ Summary of Opinions;;;;;;
2016.06.23 19:50:00;JPY;1;SPPI y/y;0.2%;0.1%;0.2%;;0.3%;
2016.06.24 03:46:00;GBP;3;BOE Gov Carney Speaks;;;;;;
2016.06.24 04:00:00;EUR;3;German ifo Business Climate;107.7;107.6;108.7;;107.8;
2016.06.24 04:00:00;EUR;1;Italian Retail Sales m/m;-0.6%;0.2%;0.1%;;;
2016.06.24 04:30:00;GBP;1;High Street Lending;40.1K;37.9K;42.2K;;40.0K;
2016.06.24 05:30:00;EUR;2;Long Term Refinancing Operation;6.7B;;399.3B;;;
2016.06.24 00:00:00;All;3;G7 Meetings (All Day);;;;;;
2016.06.24 08:30:00;USD;3;Core Durable Goods Orders m/m;0.4%;0.1%;-0.3%;;0.5%;
2016.06.24 08:30:00;USD;2;Durable Goods Orders m/m;3.4%;-0.5%;-2.2%;;-0.8%;
2016.06.24 10:00:00;USD;2;Revised UoM Consumer Sentiment;94.3;94.2;93.5;;;
2016.06.24 10:00:00;USD;1;Revised UoM Inflation Expectations;2.4%;;2.6%;;;
2016.06.26 00:00:00;EUR;3;Spanish Parliamentary Election (All Day);;;;;;
2016.06.26 18:45:00;NZD;2;Trade Balance;292M;185M;358M;;326M;
2016.06.27 04:00:00;EUR;2;M3 Money Supply y/y;4.6%;4.8%;4.9%;;;
2016.06.27 04:00:00;EUR;1;Private Loans y/y;1.5%;1.6%;1.6%;;;
2016.06.27 08:30:00;USD;1;Goods Trade Balance;-57.5B;-59.5B;-60.6B;;;
2016.06.27 09:45:00;USD;1;Flash Services PMI;51.2;52.0;51.3;;51.3;
2016.06.28 02:00:00;EUR;1;German Import Prices m/m;-0.1%;0.6%;0.9%;;;
2016.06.28 06:00:00;GBP;1;CBI Realized Sales;7;9;4;;;
2016.06.28 00:00:00;EUR;3;EU Economic Summit (Day 1);;;;;;
2016.06.28 08:30:00;USD;3;Final GDP q/q;0.8%;1.0%;1.1%;;;
2016.06.28 08:30:00;USD;1;Final GDP Price Index q/q;0.6%;0.6%;0.4%;;;
2016.06.28 09:00:00;USD;1;S&P/CS Composite-20 HPI y/y;5.4%;5.5%;5.4%;;5.5%;
2016.06.28 09:59:00;USD;1;Richmond Manufacturing Index;-1;2;-7;;;
2016.06.28 10:00:00;USD;3;CB Consumer Confidence;92.6;93.2;98.0;;92.4;
2016.06.28 12:00:00;CHF;2;Gov Board Member Zurbrugg Speaks;;;;;;
2016.06.28 19:00:00;USD;3;FOMC Member Powell Speaks;;;;;;
2016.06.28 19:50:00;JPY;2;Retail Sales y/y;-0.8%;-1.6%;-1.9%;;-0.9%;
2016.06.28 21:00:00;AUD;1;HIA New Home Sales m/m;-4.7%;;-4.4%;;;
2016.06.28 22:00:00;NZD;2;RBNZ Statement of Intent;;;;;;
2016.06.29 02:00:00;CHF;1;UBS Consumption Indicator;1.47;;1.35;;1.24;
2016.06.29 02:00:00;EUR;1;German GfK Consumer Climate;9.8;9.8;10.1;;;
2016.06.29 02:00:00;GBP;1;Nationwide HPI m/m;0.2%;0.1%;0.2%;;;
2016.06.29 00:00:00;EUR;0;Italian Bank Holiday (All Day);;;;;;
2016.06.29 00:00:00;EUR;2;German Prelim CPI m/m (All Day);0.3%;0.1%;0.1%;;;
2016.06.29 03:00:00;EUR;2;Spanish Flash CPI y/y;-1.0%;-1.0%;-0.8%;;;
2016.06.29 04:30:00;GBP;2;Net Lending to Individuals m/m;1.6B;2.9B;4.3B;;;
2016.06.29 04:30:00;GBP;1;M4 Money Supply m/m;-0.1%;0.1%;1.2%;;;
2016.06.29 04:30:00;GBP;1;Mortgage Approvals;66K;65K;67K;;;
2016.06.29 00:00:00;EUR;3;EU Economic Summit (Day 2);;;;;;
2016.06.29 08:30:00;USD;2;Core PCE Price Index m/m;0.2%;0.2%;0.2%;;;
2016.06.29 08:30:00;USD;2;Personal Spending m/m;1.0%;0.4%;0.4%;;1.1%;
2016.06.29 08:30:00;USD;1;Personal Income m/m;0.4%;0.3%;0.2%;;0.5%;
2016.06.29 10:00:00;USD;2;Pending Home Sales m/m;5.1%;-0.9%;-3.7%;;3.9%;
2016.06.29 10:30:00;USD;3;Crude Oil Inventories;-0.9M;-2.3M;-4.1M;;;
2016.06.29 16:30:00;USD;2;Bank Stress Test Results;;;;;;
2016.06.29 18:45:00;NZD;1;Building Consents m/m;6.6%;;-0.9%;;6.8%;
2016.06.29 19:05:00;GBP;1;GfK Consumer Confidence;-1;-2;-1;;;
2016.06.29 19:50:00;JPY;1;Prelim Industrial Production m/m;0.3%;-0.1%;-2.3%;;0.5%;
2016.06.29 21:00:00;NZD;2;ANZ Business Confidence;11.3;;20.2;;;
2016.06.29 21:30:00;AUD;1;Private Sector Credit m/m;0.5%;0.5%;0.4%;;;
2016.06.30 01:06:00;JPY;1;Housing Starts y/y;9.0%;4.9%;9.8%;;;
2016.06.30 02:00:00;EUR;2;German Retail Sales m/m;-0.9%;0.7%;0.9%;;-0.3%;
2016.06.30 02:45:00;EUR;1;French Consumer Spending m/m;-0.1%;-0.1%;-0.7%;;;
2016.06.30 02:45:00;EUR;1;French Prelim CPI m/m;0.4%;0.2%;0.2%;;;
2016.06.30 03:00:00;CHF;2;KOF Economic Barometer;102.9;102.7;102.4;;101.8;
2016.06.30 03:55:00;EUR;2;German Unemployment Change;-11K;-5K;-6K;;;
2016.06.30 04:30:00;GBP;3;Current Account;-32.7B;-27.3B;-32.6B;;-34.0B;
2016.06.30 04:30:00;GBP;3;Final GDP q/q;0.4%;0.4%;0.4%;;;
2016.06.30 04:30:00;GBP;1;Index of Services 3m/3m;0.6%;0.4%;0.5%;;;
2016.06.30 04:30:00;GBP;1;Revised Business Investment q/q;-0.5%;-0.4%;-0.6%;;;
2016.06.30 05:00:00;EUR;2;Core CPI Flash Estimate y/y;0.8%;0.8%;0.9%;;;
2016.06.30 05:00:00;EUR;2;CPI Flash Estimate y/y;-0.1%;0.0%;0.1%;;;
2016.06.30 05:00:00;EUR;1;Italian Prelim CPI m/m;0.3%;0.2%;0.1%;;;
2016.06.30 05:22:00;EUR;1;Italian 10-y Bond Auction;1.42|1.4;;1.35|1.5;;;
2016.06.30 08:30:00;CAD;3;GDP m/m;-0.2%;0.1%;0.1%;;;
2016.06.30 08:30:00;CAD;2;RMPI m/m;0.7%;4.9%;6.7%;;;
2016.06.30 08:30:00;CAD;1;IPPI m/m;-0.5%;0.4%;1.1%;;;
2016.06.30 08:30:00;USD;3;Unemployment Claims;259K;267K;268K;;258K;
2016.06.30 09:45:00;USD;2;Chicago PMI;49.3;50.6;56.8;;;
2016.06.30 10:30:00;USD;1;Natural Gas Storage;62B;48B;37B;;;
2016.06.30 11:00:00;GBP;3;BOE Gov Carney Speaks;;;;;;
2016.06.30 13:30:00;USD;3;FOMC Member Bullard Speaks;;;;;;
2016.06.30 19:30:00;AUD;1;AIG Manufacturing Index;51.0;;51.8;;;
2016.06.30 19:30:00;JPY;2;Household Spending y/y;-0.4%;-1.3%;-1.1%;;;
2016.06.30 19:30:00;JPY;2;Tokyo Core CPI y/y;-0.5%;-0.5%;-0.5%;;;
2016.06.30 19:30:00;JPY;1;National Core CPI y/y;-0.3%;-0.4%;-0.4%;;;
2016.06.30 19:30:00;JPY;1;Unemployment Rate;3.2%;3.2%;3.2%;;;
2016.06.30 19:50:00;JPY;2;Tankan Manufacturing Index;6;4;6;;;
2016.06.30 19:50:00;JPY;2;Tankan Non-Manufacturing Index;22;19;19;;;
2016.06.30 21:00:00;CNY;3;Manufacturing PMI;50.1;50.0;50.0;;;
2016.06.30 21:00:00;CNY;2;Non-Manufacturing PMI;53.1;;53.7;;;
2016.06.30 21:45:00;CNY;3;Caixin Manufacturing PMI;49.2;49.1;48.6;;;
2016.06.30 22:00:00;JPY;1;Final Manufacturing PMI;47.8;47.9;48.1;;;
