2016.02.01 00:30:00;AUD;1;Commodity Prices y/y;-23.3%;;-25.8%;;-22.7%;
2016.02.01 03:15:00;EUR;2;Spanish Manufacturing PMI;53.0;52.5;55.4;;;
2016.02.01 03:30:00;CHF;1;Manufacturing PMI;52.1;51.0;50.0;;;
2016.02.01 03:45:00;EUR;1;Italian Manufacturing PMI;55.6;54.9;53.2;;;
2016.02.01 03:50:00;EUR;1;French Final Manufacturing PMI;50.0;50.0;50.0;;;
2016.02.01 03:55:00;EUR;1;German Final Manufacturing PMI;52.1;52.1;52.3;;;
2016.02.01 04:00:00;EUR;1;Final Manufacturing PMI;52.3;52.3;52.3;;;
2016.02.01 04:30:00;GBP;3;Final Manufacturing PMI;51.9;51.8;52.9;;52.1;
2016.02.01 04:30:00;GBP;2;Net Lending to Individuals m/m;5.3B;4.9B;4.4B;;5.2B;
2016.02.01 04:30:00;GBP;1;M4 Money Supply m/m;0.4%;0.3%;-0.2%;;;
2016.02.01 04:30:00;GBP;1;Mortgage Approvals;70K;70K;71K;;;
2016.02.01 08:30:00;USD;2;Core PCE Price Index m/m;0.1%;0.1%;0.0%;;0.2%;
2016.02.01 08:30:00;USD;2;Personal Spending m/m;0.3%;0.1%;0.0%;;0.5%;
2016.02.01 08:30:00;USD;1;Personal Income m/m;0.3%;0.2%;0.3%;;;
2016.02.01 09:30:00;CAD;1;Manufacturing PMI;47.5;;49.3;;;
2016.02.01 09:45:00;USD;1;Final Manufacturing PMI;52.7;52.7;52.4;;;
2016.02.01 10:00:00;USD;3;ISM Manufacturing PMI;48.2;48.6;48.2;;;
2016.02.01 10:00:00;USD;1;Construction Spending m/m;-0.4%;0.6%;0.1%;;-0.6%;
2016.02.01 10:00:00;USD;1;ISM Manufacturing Prices;33.5;34.7;33.5;;;
2016.02.01 11:00:00;EUR;3;ECB President Draghi Speaks;;;;;;
2016.02.01 13:00:00;USD;2;FOMC Member Fischer Speaks;;;;;;
2016.02.01 14:00:00;USD;1;Loan Officer Survey;;;;;;
2016.02.01 18:50:00;JPY;1;Monetary Base y/y;29.5%;28.3%;28.9%;;;
2016.02.01 19:00:00;NZD;1;ANZ Commodity Prices m/m;-1.8%;;-2.3%;;;
2016.02.01 22:30:00;AUD;3;Cash Rate;2.00%;2.00%;2.00%;;;
2016.02.01 22:30:00;AUD;3;RBA Rate Statement;;;;;;
2016.02.01 22:45:00;JPY;1;10-y Bond Auction;0.25|3.3;;0.08|3.1;;;
2016.02.02 03:00:00;EUR;2;Spanish Unemployment Change;-55.8K;71.2K;57.2K;;;
2016.02.02 03:15:00;CHF;1;Retail Sales y/y;-2.1%;-1.3%;-1.6%;;-1.7%;
2016.02.02 03:55:00;EUR;2;German Unemployment Change;-14K;-7K;-20K;;-16K;
2016.02.02 04:00:00;EUR;1;Italian Monthly Unemployment Rate;11.3%;11.2%;11.4%;;11.4%;
2016.02.02 04:30:00;GBP;3;Construction PMI;57.8;57.6;55.0;;;
2016.02.02 05:00:00;EUR;2;Unemployment Rate;10.5%;10.5%;10.4%;;;
2016.02.02 05:00:00;EUR;1;PPI m/m;-0.2%;-0.4%;-0.8%;;;
2016.02.02 05:30:00;CHF;3;SNB Chairman Jordan Speaks;;;;;;
2016.02.02 08:53:00;NZD;3;GDT Price Index;-1.4%;;-7.4%;;;
2016.02.02 10:00:00;USD;1;RCM/TIPP Economic Optimism;47.3;47.8;47.8;;;
2016.02.02 10:15:00;USD;1;Wards Total Vehicle Sales;17.2M;17.3M;17.5M;;;
2016.02.02 00:00:00;USD;1;Total Vehicle Sales (All Day);17.3M;17.4M;17.6M;;;
2016.02.02 13:00:00;USD;2;FOMC Member George Speaks;;;;;;
2016.02.02 16:45:00;NZD;3;Employment Change q/q;-0.4%;0.8%;0.9%;;-0.5%;
2016.02.02 16:45:00;NZD;3;Unemployment Rate;6.0%;6.1%;5.3%;;;
2016.02.02 16:45:00;NZD;1;Labor Cost Index q/q;0.4%;0.5%;0.4%;;;
2016.02.02 17:30:00;AUD;1;AIG Services Index;46.3;;48.4;;;
2016.02.02 18:50:00;JPY;2;Monetary Policy Meeting Minutes;;;;;;
2016.02.02 19:00:00;NZD;3;RBNZ Gov Wheeler Speaks;;;;;;
2016.02.02 19:01:00;GBP;1;BRC Shop Price Index y/y;-2.0%;;-1.8%;;;
2016.02.02 19:30:00;AUD;3;Building Approvals m/m;-12.7%;4.8%;9.2%;;-12.4%;
2016.02.02 19:30:00;AUD;3;Goods Trade Balance;-2.91B;-2.45B;-3.54B;;-2.73B;
2016.02.02 20:45:00;CNY;2;Caixin Services PMI;50.2;50.5;52.4;;;
2016.02.02 21:30:00;JPY;3;BOJ Gov Kuroda Speaks;;;;;;
2016.02.03 00:00:00;JPY;1;Consumer Confidence;42.7;43.8;42.5;;;
2016.02.03 03:15:00;EUR;1;Spanish Services PMI;55.1;54.6;54.6;;;
2016.02.03 03:45:00;EUR;1;Italian Services PMI;55.3;54.2;53.6;;;
2016.02.03 03:50:00;EUR;1;French Final Services PMI;50.6;50.6;50.3;;;
2016.02.03 03:55:00;EUR;1;German Final Services PMI;55.4;55.4;55.0;;;
2016.02.03 04:00:00;EUR;1;Final Services PMI;53.6;53.6;53.6;;;
2016.02.03 04:30:00;GBP;3;Final Services PMI;55.5;55.4;55.6;;;
2016.02.03 05:00:00;EUR;1;Italian Prelim CPI m/m;0.0%;-0.1%;-0.2%;;;
2016.02.03 05:00:00;EUR;1;Retail Sales m/m;-0.3%;0.4%;0.3%;;;
2016.02.03 08:15:00;USD;3;ADP Non-Farm Employment Change;257K;193K;205K;;267K;
2016.02.03 09:45:00;USD;1;Final Services PMI;53.7;53.7;53.2;;;
2016.02.03 10:00:00;USD;3;ISM Services PMI;55.3;55.1;53.5;;;
2016.02.03 10:30:00;USD;3;Crude Oil Inventories;8.4M;3.7M;7.8M;;;
2016.02.03 17:30:00;NZD;2;RBNZ Assist Gov McDermott Speaks;;;;;;
2016.02.03 19:30:00;AUD;2;NAB Quarterly Business Confidence;0;;4;;1;
2016.02.04 01:45:00;CHF;1;SECO Consumer Climate;-18;-15;-14;;;
2016.02.04 02:15:00;USD;2;FOMC Member Rosengren Speaks;;;;;;
2016.02.04 03:00:00;EUR;3;ECB President Draghi Speaks;;;;;;
2016.02.04 03:30:00;GBP;2;Halifax HPI m/m;1.7%;0.2%;1.7%;;2.0%;
2016.02.04 04:00:00;EUR;1;ECB Economic Bulletin;;;;;;
2016.02.04 04:10:00;EUR;1;Retail PMI;49.0;;48.9;;;
2016.02.04 04:45:00;EUR;1;Spanish 10-y Bond Auction;1.46|2.6;;1.69|1.9;;;
2016.02.04 05:00:00;EUR;2;EU Economic Forecasts;;;;;;
2016.02.04 05:01:00;EUR;1;French 10-y Bond Auction;0.86|1.4;;0.67|4.1;;;
2016.02.04 07:00:00;GBP;3;BOE Monetary Policy Report;;;;;;
2016.02.04 07:00:00;GBP;3;Monetary Policy Summary;;;;;;
2016.02.04 07:00:00;GBP;3;MPC Official Bank Rate Votes;1-0-8;1-0-8;0-0-9;;;
2016.02.04 07:00:00;GBP;3;Official Bank Rate;0.50%;0.50%;0.50%;;;
2016.02.04 07:00:00;GBP;2;Asset Purchase Facility;375B;375B;375B;;;
2016.02.04 07:00:00;GBP;2;BOE Inflation Letter;;;;;;
2016.02.04 07:00:00;GBP;2;MPC Asset Purchase Facility Votes;0-0-9;0-0-9;0-0-9;;;
2016.02.04 07:30:00;GBP;3;BOE Gov Carney Speaks;;;;;;
2016.02.04 07:30:00;USD;1;Challenger Job Cuts y/y;-27.6%;;41.6%;;;
2016.02.04 08:30:00;USD;3;Unemployment Claims;278K;279K;285K;;277K;
2016.02.04 08:30:00;USD;2;Prelim Nonfarm Productivity q/q;1.6%;-1.5%;-3.0%;;2.2%;
2016.02.04 08:30:00;USD;2;Prelim Unit Labor Costs q/q;1.4%;3.9%;4.5%;;1.8%;
2016.02.04 10:00:00;USD;2;Factory Orders m/m;-0.2%;-2.5%;-2.9%;;-0.7%;
2016.02.04 10:30:00;USD;1;Natural Gas Storage;-211B;-170B;-152B;;;
2016.02.04 17:00:00;USD;2;FOMC Member Mester Speaks;;;;;;
2016.02.04 17:30:00;AUD;1;AIG Construction Index;46.8;;46.3;;;
2016.02.04 19:30:00;AUD;3;RBA Monetary Policy Statement;;;;;;
2016.02.04 19:30:00;AUD;3;Retail Sales m/m;0.4%;0.5%;0.0%;;;
2016.02.05 00:00:00;JPY;1;Leading Indicators;103.9%;102.8%;102.0%;;103.5%;
2016.02.05 02:00:00;EUR;2;German Factory Orders m/m;1.5%;-0.3%;-0.7%;;;
2016.02.05 02:45:00;EUR;1;French Trade Balance;-4.6B;-4.5B;-3.9B;;-4.5B;
2016.02.05 03:00:00;CHF;2;Foreign Currency Reserves;560B;;575B;;;
2016.02.05 08:30:00;CAD;3;Employment Change;22.8K;5.2K;-5.7K;;;
2016.02.05 08:30:00;CAD;3;Trade Balance;-2.0B;-2.2B;-0.6B;;-1.6B;
2016.02.05 08:30:00;CAD;3;Unemployment Rate;7.1%;7.1%;7.2%;;;
2016.02.05 08:30:00;USD;3;Average Hourly Earnings m/m;0.0%;0.3%;0.5%;;;
2016.02.05 08:30:00;USD;3;Non-Farm Employment Change;292K;189K;151K;;262K;
2016.02.05 08:30:00;USD;3;Unemployment Rate;5.0%;5.0%;4.9%;;;
2016.02.05 08:30:00;USD;2;Trade Balance;-42.4B;-42.9B;-43.4B;;-42.2B;
2016.02.05 10:00:00;CAD;2;Ivey PMI;49.9;50.3;66.0;;;
2016.02.05 12:25:00;CAD;1;Housing Starts;173K;185K;166K;;;
2016.02.05 12:30:00;USD;1;President Obama Speaks;;;;;;
2016.02.05 15:00:00;USD;1;Consumer Credit m/m;14.0B;16.1B;21.3B;;;
2016.02.07 00:00:00;NZD;0;Bank Holiday (All Day);;;;;;
2016.02.07 18:50:00;JPY;2;Current Account;1.42T;1.59T;1.64T;;;
2016.02.07 18:50:00;JPY;1;Bank Lending y/y;2.2%;;2.3%;;;
2016.02.07 18:50:00;JPY;1;BOJ Summary of Opinions;;;;;;
2016.02.07 19:00:00;JPY;1;Average Cash Earnings y/y;0.0%;0.7%;0.1%;;;
2016.02.07 00:00:00;CNY;0;Bank Holiday (All Day);;;;;;
2016.02.07 19:30:00;AUD;1;ANZ Job Advertisements m/m;-0.1%;;1.0%;;;
2016.02.08 00:00:00;JPY;1;Economy Watchers Sentiment;48.7;48.5;46.6;;;
2016.02.08 04:30:00;EUR;1;Sentix Investor Confidence;9.6;7.2;6.0;;;
2016.02.08 08:30:00;CAD;2;Building Permits m/m;-19.6%;5.6%;11.3%;;-19.9%;
2016.02.08 10:00:00;USD;1;Labor Market Conditions Index m/m;2.9;;0.4;;2.3;
2016.02.08 12:05:00;CAD;2;Gov Council Member Lane Speaks;;;;;;
2016.02.08 18:50:00;JPY;1;M2 Money Stock y/y;3.0%;3.1%;3.2%;;3.1%;
2016.02.08 00:00:00;CNY;0;Bank Holiday (All Day);;;;;;
2016.02.08 19:01:00;GBP;1;BRC Retail Sales Monitor y/y;0.1%;;2.6%;;;
2016.02.08 19:30:00;AUD;2;NAB Business Confidence;3;;2;;2;
2016.02.08 22:45:00;JPY;2;30-y Bond Auction;1.22|3.7;;1.07|3.0;;;
2016.02.09 00:59:00;JPY;1;Prelim Machine Tool Orders y/y;-25.8%;;-17.2%;;-25.7%;
2016.02.09 01:45:00;CHF;1;Unemployment Rate;3.4%;3.5%;3.4%;;;
2016.02.09 02:00:00;EUR;1;German Industrial Production m/m;-0.3%;0.2%;-1.2%;;-0.1%;
2016.02.09 02:00:00;EUR;1;German Trade Balance;19.7B;19.4B;19.4B;;;
2016.02.09 02:45:00;EUR;1;French Gov Budget Balance;-82.8B;;-70.5B;;;
2016.02.09 04:30:00;GBP;2;Goods Trade Balance;-10.6B;-10.4B;-9.9B;;-11.5B;
2016.02.09 04:30:00;GBP;2;MPC Member Cunliffe Speaks;;;;;;
2016.02.09 06:00:00;USD;1;NFIB Small Business Index;95.2;94.6;93.9;;;
2016.02.09 10:00:00;USD;2;JOLTS Job Openings;5.43M;5.41M;5.61M;;5.35M;
2016.02.09 10:00:00;USD;1;Final Wholesale Inventories m/m;-0.3%;-0.1%;-0.1%;;-0.4%;
2016.02.09 18:18:00;AUD;2;Westpac Consumer Sentiment;-3.5%;;4.2%;;;
2016.02.09 18:50:00;JPY;1;PPI y/y;-3.4%;-2.8%;-3.1%;;-3.5%;
2016.02.09 19:00:00;AUD;1;HIA New Home Sales m/m;-2.7%;;6.0%;;;
2016.02.09 00:00:00;CNY;0;Bank Holiday (All Day);;;;;;
2016.02.10 02:45:00;EUR;1;French Industrial Production m/m;-0.9%;0.2%;-1.6%;;;
2016.02.10 04:00:00;EUR;1;Italian Industrial Production m/m;-0.5%;0.3%;-0.7%;;;
2016.02.10 04:30:00;GBP;3;Manufacturing Production m/m;-0.4%;0.0%;-0.2%;;-0.3%;
2016.02.10 04:30:00;GBP;1;Industrial Production m/m;-0.7%;-0.1%;-1.1%;;-0.8%;
2016.02.10 10:00:00;GBP;1;NIESR GDP Estimate;0.6%;;0.4%;;0.5%;
2016.02.10 10:00:00;USD;3;Fed Chair Yellen Testifies;;;;;;
2016.02.10 10:30:00;USD;3;Crude Oil Inventories;7.8M;3.1M;-0.8M;;;
2016.02.10 13:01:00;USD;1;10-y Bond Auction;2.09|2.8;;1.73|2.6;;;
2016.02.10 14:00:00;USD;1;Federal Budget Balance;-14.4B;10.3B;55.2B;;;
2016.02.10 16:30:00;NZD;1;BusinessNZ Manufacturing Index;56.7;;57.9;;57.0;
2016.02.10 19:00:00;AUD;1;MI Inflation Expectations;3.6%;;3.6%;;;
2016.02.10 00:00:00;JPY;0;Bank Holiday (All Day);;;;;;
2016.02.10 19:01:00;GBP;1;RICS House Price Balance;50%;52%;49%;;49%;
2016.02.10 00:00:00;CNY;0;Bank Holiday (All Day);;;;;;
2016.02.11 03:15:00;CHF;1;CPI m/m;-0.4%;-0.3%;-0.4%;;;
2016.02.11 00:00:00;EUR;2;Eurogroup Meetings (All Day);;;;;;
2016.02.11 05:34:00;GBP;1;30-y Bond Auction;2.49|1.4;;2.21|2.1;;;
2016.02.11 08:30:00;CAD;2;NHPI m/m;0.2%;0.3%;0.1%;;;
2016.02.11 08:30:00;USD;3;Unemployment Claims;285K;287K;269K;;;
2016.02.11 10:00:00;USD;3;Fed Chair Yellen Testifies;;;;;;
2016.02.11 10:00:00;USD;1;Fed Monetary Policy Report;;;;;;
2016.02.11 10:30:00;USD;1;Natural Gas Storage;-152B;-82B;-70B;;;
2016.02.11 13:01:00;USD;1;30-y Bond Auction;2.91|2.3;;2.50|2.1;;;
2016.02.11 16:45:00;NZD;1;FPI m/m;-0.8%;;2.0%;;;
2016.02.11 17:30:00;AUD;3;RBA Gov Stevens Speaks;;;;;;
2016.02.11 00:00:00;CNY;0;Bank Holiday (All Day);;;;;;
2016.02.11 19:30:00;AUD;2;Home Loans m/m;1.8%;2.9%;2.6%;;1.9%;
2016.02.12 02:00:00;EUR;3;German Prelim GDP q/q;0.3%;0.3%;0.3%;;;
2016.02.12 02:00:00;EUR;1;German Final CPI m/m;-0.8%;-0.8%;-0.8%;;;
2016.02.12 02:00:00;EUR;1;German WPI m/m;-0.8%;0.2%;-0.4%;;;
2016.02.12 02:45:00;EUR;1;French Prelim Private Payrolls q/q;0.1%;0.1%;0.2%;;0.0%;
2016.02.12 04:00:00;EUR;1;Italian Prelim GDP q/q;0.2%;0.3%;0.1%;;;
2016.02.12 04:30:00;GBP;1;Construction Output m/m;-0.5%;2.1%;1.5%;;-1.1%;
2016.02.12 05:00:00;EUR;2;Flash GDP q/q;0.3%;0.3%;0.3%;;;
2016.02.12 05:00:00;EUR;1;Industrial Production m/m;-0.7%;0.3%;-1.0%;;-0.5%;
2016.02.12 00:00:00;EUR;2;ECOFIN Meetings (All Day);;;;;;
2016.02.12 08:30:00;USD;3;Core Retail Sales m/m;-0.1%;0.0%;0.1%;;0.1%;
2016.02.12 08:30:00;USD;3;Retail Sales m/m;-0.1%;0.1%;0.2%;;0.2%;
2016.02.12 08:30:00;USD;2;Import Prices m/m;-1.2%;-1.4%;-1.1%;;-1.1%;
2016.02.12 10:00:00;USD;3;Prelim UoM Consumer Sentiment;93.3;92.6;90.7;;92.0;
2016.02.12 10:00:00;USD;2;FOMC Member Dudley Speaks;;;;;;
2016.02.12 10:00:00;USD;1;Business Inventories m/m;-0.2%;0.1%;0.1%;;-0.1%;
2016.02.12 10:00:00;USD;1;Prelim UoM Inflation Expectations;2.4%;;2.5%;;2.5%;
2016.02.14 16:30:00;NZD;1;BusinessNZ Services Index;58.9;;55.4;;58.2;
2016.02.14 18:50:00;JPY;3;Prelim GDP q/q;-0.2%;-0.3%;-0.4%;;0.3%;
2016.02.14 18:50:00;JPY;1;Prelim GDP Price Index y/y;2.0%;1.6%;1.5%;;1.8%;
2016.02.14 19:01:00;GBP;1;Rightmove HPI m/m;0.5%;;2.9%;;;
2016.02.14 19:30:00;AUD;1;New Motor Vehicle Sales m/m;-0.5%;;0.5%;;-0.1%;
2016.02.14 21:06:00;CNY;3;Trade Balance;382B;389B;406B;;;
2016.02.14 21:30:00;CNY;1;USD-Denominated Trade Balance;60.1B;60.6B;63.3B;;;
2016.02.14 23:30:00;JPY;1;Revised Industrial Production m/m;-1.4%;-1.3%;-1.7%;;;
2016.02.14 23:34:00;JPY;1;Tertiary Industry Activity m/m;-0.8%;0.1%;-0.6%;;-0.9%;
2016.02.15 04:47:00;CNY;1;Foreign Direct Investment ytd/y;6.4%;;3.2%;;;
2016.02.15 05:00:00;EUR;1;Trade Balance;22.7B;22.4B;21.0B;;22.6B;
2016.02.15 06:00:00;EUR;1;German Buba Monthly Report;;;;;;
2016.02.15 00:00:00;CAD;0;Bank Holiday (All Day);;;;;;
2016.02.15 00:00:00;USD;0;Bank Holiday (All Day);;;;;;
2016.02.15 09:00:00;EUR;3;ECB President Draghi Speaks;;;;;;
2016.02.15 16:45:00;NZD;3;Retail Sales q/q;1.6%;1.4%;1.2%;;1.5%;
2016.02.15 16:47:00;NZD;2;Core Retail Sales q/q;1.0%;1.1%;1.4%;;1.1%;
2016.02.15 19:30:00;AUD;3;Monetary Policy Meeting Minutes;;;;;;
2016.02.15 21:00:00;CNY;1;M2 Money Supply y/y;13.3%;13.5%;14.0%;;;
2016.02.15 21:00:00;CNY;1;New Loans;598B;1900B;2510B;;;
2016.02.15 21:00:00;NZD;3;Inflation Expectations q/q;1.85%;;1.63%;;;
2016.02.16 04:00:00;EUR;1;Italian Trade Balance;4.41B;3.87B;6.02B;;4.40B;
2016.02.16 04:30:00;GBP;3;CPI y/y;0.2%;0.3%;0.3%;;;
2016.02.16 04:30:00;GBP;2;PPI Input m/m;-0.8%;-1.2%;-0.7%;;-0.3%;
2016.02.16 04:30:00;GBP;2;RPI y/y;1.2%;1.4%;1.3%;;;
2016.02.16 04:30:00;GBP;1;Core CPI y/y;1.4%;1.3%;1.2%;;;
2016.02.16 04:30:00;GBP;1;ONS HPI y/y;7.7%;7.9%;6.7%;;;
2016.02.16 04:30:00;GBP;1;PPI Output m/m;-0.2%;-0.2%;-0.1%;;-0.3%;
2016.02.16 05:00:00;EUR;3;German ZEW Economic Sentiment;10.2;0.1;1.0;;;
2016.02.16 05:00:00;EUR;2;ZEW Economic Sentiment;22.7;10.3;13.6;;;
2016.02.16 08:30:00;CAD;3;Manufacturing Sales m/m;1.0%;0.9%;1.2%;;1.2%;
2016.02.16 08:30:00;USD;2;Empire State Manufacturing Index;-19.4;-10.5;-16.6;;;
2016.02.16 09:12:00;NZD;3;GDT Price Index;-7.4%;;-2.8%;;;
2016.02.16 10:00:00;USD;1;NAHB Housing Market Index;60;60;58;;61;
2016.02.16 16:00:00;USD;1;TIC Long-Term Purchases;31.4B;30.2B;-29.4B;;;
2016.02.16 18:30:00;AUD;1;MI Leading Index m/m;-0.3%;;0.0%;;;
2016.02.16 18:50:00;JPY;1;Core Machinery Orders m/m;-14.4%;4.6%;4.2%;;;
2016.02.16 19:30:00;USD;2;FOMC Member Rosengren Speaks;;;;;;
2016.02.17 04:30:00;GBP;3;Average Earnings Index 3m/y;2.0%;1.9%;1.9%;;2.1%;
2016.02.17 04:30:00;GBP;3;Claimant Count Change;-4.3K;-2.9K;-14.8K;;-15.2K;
2016.02.17 04:30:00;GBP;2;Unemployment Rate;5.1%;5.0%;5.1%;;;
2016.02.17 05:00:00;CHF;1;Credit Suisse Economic Expectations;-3.0;;-5.9;;;
2016.02.17 05:33:00;EUR;1;German 10-y Bond Auction;0.59|1.1;;0.26|1.2;;;
2016.02.17 08:30:00;CAD;2;Foreign Securities Purchases;2.58B;-6.05B;-1.41B;;2.94B;
2016.02.17 08:30:00;USD;3;Building Permits;1.23M;1.21M;1.20M;;1.20M;
2016.02.17 08:30:00;USD;3;PPI m/m;-0.2%;-0.2%;0.1%;;;
2016.02.17 08:30:00;USD;2;Core PPI m/m;0.1%;0.1%;0.4%;;;
2016.02.17 08:30:00;USD;2;Housing Starts;1.15M;1.16M;1.10M;;1.14M;
2016.02.17 09:15:00;USD;2;Capacity Utilization Rate;76.5%;76.7%;77.1%;;76.4%;
2016.02.17 09:15:00;USD;2;Industrial Production m/m;-0.4%;0.3%;0.9%;;-0.7%;
2016.02.17 14:00:00;USD;3;FOMC Meeting Minutes;;;;;;
2016.02.17 16:45:00;NZD;3;PPI Input q/q;1.6%;-1.0%;-1.2%;;;
2016.02.17 16:45:00;NZD;1;PPI Output q/q;1.3%;-0.6%;-0.8%;;;
2016.02.17 18:50:00;JPY;1;Trade Balance;0.04T;0.06T;0.12T;;0.02T;
2016.02.17 19:30:00;AUD;3;Employment Change;-1.0K;12.9K;-7.9K;;-0.8K;
2016.02.17 19:30:00;AUD;3;Unemployment Rate;5.8%;5.8%;6.0%;;;
2016.02.17 19:30:00;USD;2;FOMC Member Bullard Speaks;;;;;;
2016.02.17 20:00:00;AUD;2;RBA Assist Gov Edey Speaks;;;;;;
2016.02.17 20:30:00;CNY;2;CPI y/y;1.6%;1.9%;1.8%;;;
2016.02.17 20:30:00;CNY;2;PPI y/y;-5.9%;-5.5%;-5.3%;;;
2016.02.18 02:00:00;CHF;1;Trade Balance;2.54B;2.67B;3.51B;;2.59B;
2016.02.18 02:45:00;EUR;1;French Final CPI m/m;-1.0%;-1.0%;-1.0%;;;
2016.02.18 03:55:00;GBP;2;MPC Member Cunliffe Speaks;;;;;;
2016.02.18 04:00:00;EUR;1;Current Account;26.4B;22.3B;25.5B;;26.9B;
2016.02.18 07:30:00;EUR;2;ECB Monetary Policy Meeting Accounts;;;;;;
2016.02.18 08:30:00;CAD;2;Wholesale Sales m/m;1.8%;0.1%;2.0%;;1.9%;
2016.02.18 08:30:00;USD;3;Philly Fed Manufacturing Index;-3.5;-2.9;-2.8;;;
2016.02.18 08:30:00;USD;3;Unemployment Claims;269K;275K;262K;;;
2016.02.18 10:00:00;USD;2;Mortgage Delinquencies;4.99%;;4.77%;;;
2016.02.18 10:00:00;USD;1;CB Leading Index m/m;-0.2%;-0.1%;-0.2%;;-0.3%;
2016.02.18 10:30:00;USD;1;Natural Gas Storage;-70B;-154B;-158B;;;
2016.02.18 11:00:00;USD;3;Crude Oil Inventories;-0.8M;3.2M;2.1M;;;
2016.02.18 23:30:00;JPY;1;All Industries Activity m/m;-1.0%;-0.3%;-0.9%;;-1.1%;
2016.02.19 02:00:00;EUR;1;German PPI m/m;-0.5%;-0.3%;-0.7%;;;
2016.02.19 04:30:00;GBP;3;Retail Sales m/m;-1.0%;0.8%;2.3%;;-1.4%;
2016.02.19 04:30:00;GBP;2;Public Sector Net Borrowing;6.9B;-13.8B;-11.8B;;7.5B;
2016.02.19 08:30:00;CAD;3;Core CPI m/m;-0.4%;0.2%;0.3%;;;
2016.02.19 08:30:00;CAD;3;Core Retail Sales m/m;1.1%;-0.5%;-1.6%;;1.0%;
2016.02.19 08:30:00;CAD;2;CPI m/m;-0.5%;0.0%;0.2%;;;
2016.02.19 08:30:00;CAD;2;Retail Sales m/m;1.7%;-0.7%;-2.2%;;;
2016.02.19 08:30:00;USD;3;Core CPI m/m;0.1%;0.2%;0.3%;;;
2016.02.19 08:30:00;USD;3;CPI m/m;-0.1%;-0.1%;0.0%;;;
2016.02.19 08:30:00;USD;3;CPI y/y;0.7%;1.3%;1.4%;;;
2016.02.19 08:30:00;USD;2;FOMC Member Mester Speaks;;;;;;
2016.02.19 09:30:00;GBP;1;CB Leading Index m/m;0.3%;;0.4%;;;
2016.02.19 10:00:00;EUR;1;Consumer Confidence;-6;-7;-9;;;
2016.02.21 17:10:00;AUD;2;RBA Deputy Gov Debelle Speaks;;;;;;
2016.02.21 21:00:00;JPY;1;Flash Manufacturing PMI;52.4;52.0;50.2;;52.3;
2016.02.21 21:00:00;NZD;1;Credit Card Spending y/y;7.4%;;8.9%;;;
2016.02.22 03:00:00;EUR;2;French Flash Manufacturing PMI;50.0;49.9;50.3;;;
2016.02.22 03:00:00;EUR;2;French Flash Services PMI;50.6;50.4;49.8;;50.3;
2016.02.22 03:15:00;CHF;2;PPI m/m;-0.4%;-0.2%;-0.4%;;;
2016.02.22 03:30:00;EUR;2;German Flash Manufacturing PMI;52.1;52.1;50.2;;52.3;
2016.02.22 03:30:00;EUR;2;German Flash Services PMI;55.4;54.8;55.1;;55.0;
2016.02.22 04:00:00;EUR;2;Flash Manufacturing PMI;52.3;52.1;51.0;;;
2016.02.22 04:00:00;EUR;2;Flash Services PMI;53.6;53.4;53.0;;;
2016.02.22 06:00:00;GBP;1;CBI Industrial Order Expectations;-15;-11;-17;;;
2016.02.22 09:45:00;USD;1;Flash Manufacturing PMI;52.7;52.3;51.0;;52.4;
2016.02.22 10:30:00;AUD;1;CB Leading Index m/m;0.3%;;-0.2%;;;
2016.02.23 02:00:00;EUR;1;German Final GDP q/q;0.3%;0.3%;0.3%;;;
2016.02.23 04:00:00;EUR;3;German ifo Business Climate;107.3;107.0;105.7;;;
2016.02.23 05:00:00;GBP;3;Monetary Policy Report Hearings;;;;;;
2016.02.23 06:15:00;CHF;3;SNB Chairman Jordan Speaks;;;;;;
2016.02.23 09:00:00;EUR;1;Belgian NBB Business Climate;-3.0;-3.5;-6.6;;;
2016.02.23 09:00:00;USD;1;S&P/CS Composite-20 HPI y/y;5.8%;5.8%;5.7%;;5.7%;
2016.02.23 10:00:00;USD;3;CB Consumer Confidence;98.1;97.4;92.2;;97.8;
2016.02.23 10:00:00;USD;2;Existing Home Sales;5.46M;5.37M;5.47M;;5.45M;
2016.02.23 10:00:00;USD;1;Richmond Manufacturing Index;2;2;-4;;;
2016.02.23 12:00:00;GBP;2;MPC Member Haldane Speaks;;;;;;
2016.02.23 18:50:00;JPY;1;SPPI y/y;0.4%;0.3%;0.2%;;;
2016.02.23 19:30:00;AUD;2;Construction Work Done q/q;-3.6%;-2.1%;-3.6%;;-1.8%;
2016.02.23 19:30:00;AUD;2;Wage Price Index q/q;0.6%;0.6%;0.5%;;;
2016.02.23 20:30:00;USD;2;FOMC Member Fischer Speaks;;;;;;
2016.02.24 02:00:00;CHF;1;UBS Consumption Indicator;1.62;;1.66;;1.61;
2016.02.24 04:30:00;GBP;1;High Street Lending;44.0K;45.2K;47.5K;;43.7K;
2016.02.24 05:33:00;EUR;1;German 30-y Bond Auction;1.18|1.2;;0.77|1.6;;;
2016.02.24 06:00:00;GBP;1;CBI Realized Sales;16;16;10;;;
2016.02.24 09:45:00;USD;1;Flash Services PMI;53.7;53.4;49.8;;53.2;
2016.02.24 10:00:00;USD;2;New Home Sales;544K;522K;494K;;;
2016.02.24 10:30:00;USD;3;Crude Oil Inventories;2.1M;2.0M;3.5M;;;
2016.02.24 12:50:00;CAD;2;Gov Council Member Schembri Speaks;;;;;;
2016.02.24 13:10:00;GBP;2;MPC Member Cunliffe Speaks;;;;;;
2016.02.24 16:45:00;NZD;1;Visitor Arrivals m/m;-1.3%;;2.9%;;;
2016.02.24 19:00:00;USD;2;FOMC Member Bullard Speaks;;;;;;
2016.02.24 19:30:00;AUD;3;Private Capital Expenditure q/q;-9.2%;-3.1%;0.8%;;-8.4%;
2016.02.25 02:00:00;EUR;1;German GfK Consumer Climate;9.4;9.2;9.5;;;
2016.02.25 04:00:00;EUR;2;M3 Money Supply y/y;4.7%;4.7%;5.0%;;;
2016.02.25 04:00:00;EUR;1;Private Loans y/y;1.4%;1.5%;1.4%;;;
2016.02.25 04:30:00;GBP;3;Second Estimate GDP q/q;0.5%;0.5%;0.5%;;;
2016.02.25 04:30:00;GBP;2;Prelim Business Investment q/q;2.2%;0.6%;-2.1%;;;
2016.02.25 04:30:00;GBP;1;Index of Services 3m/3m;0.6%;0.7%;0.7%;;;
2016.02.25 05:00:00;EUR;2;Final CPI y/y;0.4%;0.4%;0.3%;;;
2016.02.25 05:00:00;EUR;1;Final Core CPI y/y;1.0%;1.0%;1.0%;;;
2016.02.25 05:00:00;EUR;1;Italian Retail Sales m/m;0.3%;0.5%;-0.1%;;0.2%;
2016.02.25 08:30:00;CAD;1;Corporate Profits q/q;-5.4%;;-3.1%;;;
2016.02.25 08:30:00;USD;3;Core Durable Goods Orders m/m;-1.2%;0.2%;1.8%;;-1.0%;
2016.02.25 08:30:00;USD;3;Unemployment Claims;262K;271K;272K;;;
2016.02.25 08:30:00;USD;2;Durable Goods Orders m/m;-5.1%;3.0%;4.9%;;-5.0%;
2016.02.25 09:02:00;USD;1;HPI m/m;0.5%;0.5%;0.4%;;0.6%;
2016.02.25 10:30:00;USD;1;Natural Gas Storage;-158B;-125B;-117B;;;
2016.02.25 16:45:00;NZD;2;Trade Balance;-53M;-250M;8M;;-38M;
2016.02.25 18:30:00;JPY;2;Tokyo Core CPI y/y;-0.1%;0.0%;-0.1%;;;
2016.02.25 18:30:00;JPY;1;National Core CPI y/y;0.1%;-0.2%;0.0%;;;
2016.02.25 19:05:00;GBP;1;GfK Consumer Confidence;4;3;0;;;
2016.02.25 22:15:00;GBP;3;BOE Gov Carney Speaks;;;;;;
2016.02.26 00:00:00;JPY;1;BOJ Core CPI y/y;1.3%;1.2%;1.1%;;;
2016.02.26 00:00:00;EUR;2;German Prelim CPI m/m (All Day);-0.8%;0.6%;0.4%;;;
2016.02.26 02:45:00;EUR;1;French Consumer Spending m/m;0.7%;0.6%;0.6%;;1.0%;
2016.02.26 02:45:00;EUR;1;French Prelim CPI m/m;-1.0%;0.4%;0.2%;;;
2016.02.26 02:45:00;EUR;1;French Prelim GDP q/q;0.3%;0.2%;0.3%;;;
2016.02.26 03:00:00;EUR;2;Spanish Flash CPI y/y;-0.3%;-0.5%;-0.8%;;;
2016.02.26 00:00:00;All;3;G20 Meetings (Day 1);;;;;;
2016.02.26 05:20:00;EUR;1;Italian 10-y Bond Auction;1.44|1.4;;1.50|1.3;;;
2016.02.26 08:30:00;USD;3;Prelim GDP q/q;0.7%;0.4%;1.0%;;;
2016.02.26 08:30:00;USD;2;Goods Trade Balance;-61.5B;-61.1B;-62.2B;;;
2016.02.26 08:30:00;USD;1;Prelim GDP Price Index q/q;0.8%;0.8%;0.9%;;;
2016.02.26 10:00:00;USD;2;Core PCE Price Index m/m;0.0%;0.1%;0.3%;;0.1%;
2016.02.26 10:00:00;USD;2;Personal Spending m/m;0.0%;0.3%;0.5%;;0.1%;
2016.02.26 10:00:00;USD;2;Revised UoM Consumer Sentiment;90.7;91.1;91.7;;;
2016.02.26 10:00:00;USD;1;Personal Income m/m;0.3%;0.4%;0.5%;;;
2016.02.26 10:00:00;USD;1;Revised UoM Inflation Expectations;2.5%;;2.5%;;;
2016.02.26 10:15:00;USD;2;FOMC Member Powell Speaks;;;;;;
2016.02.26 13:30:00;USD;2;FOMC Member Brainard Speaks;;;;;;
2016.02.27 00:00:00;All;2;G20 Meetings (Day 2);;;;;;
2016.02.28 16:30:00;NZD;2;ANZ Business Confidence;23.0;;7.1;;;
2016.02.28 16:45:00;NZD;1;Building Consents m/m;2.3%;;-8.2%;;;
2016.02.28 18:50:00;JPY;2;Retail Sales y/y;-1.1%;0.2%;-0.1%;;;
2016.02.28 18:50:00;JPY;1;Prelim Industrial Production m/m;-1.4%;3.2%;3.7%;;-1.7%;
2016.02.28 19:00:00;AUD;1;MI Inflation Gauge m/m;0.4%;;-0.2%;;;
2016.02.28 19:30:00;AUD;2;Company Operating Profits q/q;1.3%;-1.7%;-2.8%;;1.4%;
2016.02.28 19:30:00;AUD;1;Private Sector Credit m/m;0.5%;0.5%;0.5%;;;
2016.02.29 00:00:00;JPY;1;Housing Starts y/y;-1.3%;-0.2%;0.2%;;;
2016.02.29 02:00:00;EUR;2;German Retail Sales m/m;-0.2%;0.3%;0.7%;;0.6%;
2016.02.29 02:00:00;EUR;1;German Import Prices m/m;-1.2%;-0.9%;-1.5%;;;
2016.02.29 03:00:00;CHF;2;KOF Economic Barometer;100.3;99.1;102.4;;100.4;
2016.02.29 04:30:00;GBP;2;Net Lending to Individuals m/m;4.4B;5.2B;5.3B;;4.3B;
2016.02.29 04:30:00;GBP;1;M4 Money Supply m/m;-0.2%;0.3%;0.0%;;;
2016.02.29 04:30:00;GBP;1;Mortgage Approvals;71K;74K;75K;;;
2016.02.29 05:00:00;EUR;2;Core CPI Flash Estimate y/y;1.0%;0.9%;0.7%;;;
2016.02.29 05:00:00;EUR;2;CPI Flash Estimate y/y;0.4%;0.0%;-0.2%;;0.3%;
2016.02.29 05:00:00;EUR;1;Italian Prelim CPI m/m;-0.2%;0.1%;-0.2%;;;
2016.02.29 08:30:00;CAD;2;Current Account;-16.2B;-16.8B;-15.4B;;-15.3B;
2016.02.29 08:30:00;CAD;2;RMPI m/m;-5.0%;-3.2%;-0.4%;;-5.2%;
2016.02.29 08:30:00;CAD;1;IPPI m/m;-0.2%;0.1%;0.5%;;-0.3%;
2016.02.29 09:45:00;USD;2;Chicago PMI;55.6;52.1;47.6;;;
2016.02.29 10:00:00;USD;2;Pending Home Sales m/m;0.1%;0.6%;-2.5%;;0.9%;
2016.02.29 16:45:00;NZD;1;Overseas Trade Index q/q;-3.7%;-1.9%;-2.0%;;-3.8%;
2016.02.29 17:30:00;AUD;1;AIG Manufacturing Index;51.5;;53.5;;;
2016.02.29 18:30:00;JPY;2;Household Spending y/y;-4.4%;-2.5%;-3.1%;;;
2016.02.29 18:30:00;JPY;1;Unemployment Rate;3.3%;3.3%;3.2%;;;
2016.02.29 18:50:00;JPY;1;Capital Spending q/y;11.2%;8.8%;8.5%;;;
2016.02.29 19:30:00;AUD;3;Building Approvals m/m;9.2%;-2.9%;-7.5%;;8.6%;
2016.02.29 19:30:00;AUD;2;Current Account;-18.1B;-19.8B;-21.1B;;-18.8B;
2016.02.29 20:00:00;CNY;3;Manufacturing PMI;49.4;49.4;49.0;;;
2016.02.29 20:00:00;CNY;2;Non-Manufacturing PMI;53.5;;52.7;;;
2016.02.29 20:45:00;CNY;3;Caixin Manufacturing PMI;48.4;48.4;48.0;;;
2016.02.29 21:00:00;JPY;1;Final Manufacturing PMI;50.2;50.2;50.1;;;
2016.02.29 22:30:00;AUD;3;Cash Rate;2.00%;2.00%;2.00%;;;
2016.02.29 22:30:00;AUD;3;RBA Rate Statement;;;;;;
2016.02.29 22:45:00;JPY;1;10-y Bond Auction;0.08|3.1;;-0.02|3.2;;;
2016.02.29 23:30:00;USD;2;FOMC Member Dudley Speaks;;;;;;
