2017.08.01 00:30:00;AUD;3;RBA Rate Statement;;;;;;
2017.08.01 00:30:00;AUD;2;Cash Rate;1.50%;1.50%;1.50%;;;
2017.08.01 01:00:00;JPY;1;BOJ Core CPI y/y;0.3%;0.2%;0.3%;;;
2017.08.01 02:00:00;GBP;1;Nationwide HPI m/m;1.1%;-0.1%;0.3%;;;
2017.08.01 00:00:00;CHF;0;Bank Holiday (All Day);;;;;;
2017.08.01 02:30:00;AUD;1;Commodity Prices y/y;25.0%;;17.1%;;23.7%;
2017.08.01 03:15:00;EUR;2;Spanish Manufacturing PMI;54.7;54.9;54.0;;;
2017.08.01 03:45:00;EUR;1;Italian Manufacturing PMI;55.2;55.2;55.1;;;
2017.08.01 03:50:00;EUR;1;French Final Manufacturing PMI;55.4;55.4;54.9;;;
2017.08.01 03:55:00;EUR;1;German Final Manufacturing PMI;58.3;58.3;58.1;;;
2017.08.01 03:55:00;EUR;1;German Unemployment Change;7K;-4K;-9K;;6K;
2017.08.01 04:00:00;EUR;1;Final Manufacturing PMI;56.8;56.8;56.6;;;
2017.08.01 04:30:00;GBP;3;Final Manufacturing PMI;54.3;54.4;55.1;;54.2;
2017.08.01 05:00:00;EUR;2;Prelim Flash GDP q/q;0.5%;0.6%;0.6%;;0.6%;
2017.08.01 05:38:00;GBP;1;10-y Bond Auction;1.38|2.3;;1.27|2.6;;;
2017.08.01 08:30:00;USD;2;Core PCE Price Index m/m;0.1%;0.1%;0.1%;;;
2017.08.01 08:30:00;USD;2;Personal Spending m/m;0.1%;0.1%;0.1%;;0.2%;
2017.08.01 08:30:00;USD;1;Personal Income m/m;0.4%;0.4%;0.0%;;0.3%;
2017.08.01 09:30:00;CAD;1;Manufacturing PMI;54.7;;55.5;;;
2017.08.01 09:45:00;USD;1;Final Manufacturing PMI;53.2;53.2;53.3;;;
2017.08.01 10:00:00;USD;3;ISM Manufacturing PMI;57.8;56.4;56.3;;;
2017.08.01 10:00:00;USD;1;Construction Spending m/m;0.0%;0.4%;-1.3%;;0.3%;
2017.08.01 10:00:00;USD;1;ISM Manufacturing Prices;55.0;56.5;62.0;;;
2017.08.01 00:00:00;USD;1;Wards Total Vehicle Sales (All Day);16.4M;16.8M;16.7M;;16.6M;
2017.08.01 10:18:00;NZD;2;GDT Price Index;0.2%;;-1.6%;;;
2017.08.01 00:00:00;USD;1;Total Vehicle Sales (All Day);16.5M;16.8M;16.7M;;;
2017.08.01 18:45:00;NZD;3;Employment Change q/q;1.2%;0.7%;-0.2%;;1.1%;
2017.08.01 18:45:00;NZD;3;Unemployment Rate;4.9%;4.8%;4.8%;;;
2017.08.01 18:45:00;NZD;1;Labor Cost Index q/q;0.4%;0.5%;0.4%;;;
2017.08.01 19:01:00;GBP;1;BRC Shop Price Index y/y;-0.3%;;-0.4%;;;
2017.08.01 19:50:00;JPY;1;Monetary Base y/y;17.0%;16.6%;15.6%;;;
2017.08.01 21:30:00;AUD;2;Building Approvals m/m;-5.6%;1.2%;10.9%;;-5.4%;
2017.08.02 01:00:00;JPY;1;Consumer Confidence;43.3;43.5;43.8;;;
2017.08.02 01:45:00;CHF;1;SECO Consumer Climate;-8;-3;-3;;;
2017.08.02 03:00:00;EUR;2;Spanish Unemployment Change;-98.3K;-66.5K;-26.9K;;;
2017.08.02 03:15:00;CHF;1;Retail Sales y/y;-0.3%;1.3%;1.5%;;-0.8%;
2017.08.02 03:30:00;CHF;1;Manufacturing PMI;60.1;58.9;60.9;;;
2017.08.02 04:30:00;GBP;3;Construction PMI;54.8;54.3;51.9;;;
2017.08.02 05:00:00;EUR;1;PPI m/m;-0.4%;-0.1%;-0.1%;;-0.3%;
2017.08.02 05:34:00;EUR;1;German 10-y Bond Auction;0.59|1.4;;0.49|1.5;;;
2017.08.02 08:15:00;USD;3;ADP Non-Farm Employment Change;158K;187K;178K;;191K;
2017.08.02 10:30:00;USD;3;Crude Oil Inventories;-7.2M;-3.2M;-1.5M;;;
2017.08.02 19:30:00;AUD;1;AIG Services Index;54.8;;56.4;;;
2017.08.02 20:58:00;NZD;1;ANZ Commodity Prices m/m;2.1%;;-0.8%;;;
2017.08.02 21:30:00;AUD;3;Goods Trade Balance;2.47B;1.78B;0.86B;;2.02B;
2017.08.02 21:45:00;CNY;1;Caixin Services PMI;51.6;51.9;51.5;;;
2017.08.03 03:15:00;EUR;1;Spanish Services PMI;58.3;58.4;57.6;;;
2017.08.03 03:45:00;EUR;1;Italian Services PMI;53.6;54.2;56.3;;;
2017.08.03 03:50:00;EUR;1;French Final Services PMI;55.9;55.9;56.0;;;
2017.08.03 03:55:00;EUR;1;German Final Services PMI;53.5;53.5;53.1;;;
2017.08.03 04:00:00;EUR;1;ECB Economic Bulletin;;;;;;
2017.08.03 04:00:00;EUR;1;Final Services PMI;55.4;55.4;55.4;;;
2017.08.03 04:30:00;GBP;3;Final Services PMI;53.4;53.6;53.8;;;
2017.08.03 04:45:00;EUR;1;Spanish 10-y Bond Auction;1.65|1.2;;1.27|1.9;;;
2017.08.03 05:00:00;EUR;1;Retail Sales m/m;0.4%;0.0%;0.5%;;;
2017.08.03 05:06:00;EUR;1;French 10-y Bond Auction;0.82|2.0;;0.75|2.1;;;
2017.08.03 07:00:00;GBP;3;BOE Monetary Policy Report;;;;;;
2017.08.03 07:00:00;GBP;3;Monetary Policy Summary;;;;;;
2017.08.03 07:00:00;GBP;3;MPC Official Bank Rate Votes;3-0-5;2-0-6;2-0-6;;;
2017.08.03 07:00:00;GBP;3;Official Bank Rate;0.25%;0.25%;0.25%;;;
2017.08.03 07:00:00;GBP;2;Asset Purchase Facility;435B;435B;435B;;;
2017.08.03 07:00:00;GBP;2;MPC Asset Purchase Facility Votes;0-0-8;0-0-8;0-0-8;;;
2017.08.03 07:30:00;GBP;3;BOE Gov Carney Speaks;;;;;;
2017.08.03 07:30:00;USD;1;Challenger Job Cuts y/y;-19.3%;;-37.6%;;;
2017.08.03 08:30:00;USD;3;Unemployment Claims;244K;242K;240K;;245K;
2017.08.03 09:45:00;USD;1;Final Services PMI;54.2;54.2;54.7;;;
2017.08.03 10:00:00;USD;3;ISM Services PMI;57.4;56.9;53.9;;;
2017.08.03 10:00:00;USD;2;Factory Orders m/m;-0.8%;2.9%;3.0%;;-0.3%;
2017.08.03 10:30:00;USD;1;Natural Gas Storage;17B;23B;20B;;;
2017.08.03 20:00:00;JPY;1;Average Cash Earnings y/y;0.7%;0.5%;-0.4%;;0.6%;
2017.08.03 21:30:00;AUD;3;RBA Monetary Policy Statement;;;;;;
2017.08.03 21:30:00;AUD;3;Retail Sales m/m;0.6%;0.2%;0.3%;;;
2017.08.04 02:00:00;EUR;1;German Factory Orders m/m;1.0%;0.6%;1.0%;;1.1%;
2017.08.04 04:00:00;EUR;1;Italian Retail Sales m/m;-0.1%;0.1%;0.6%;;0.0%;
2017.08.04 04:10:00;EUR;1;Retail PMI;53.2;;51.0;;;
2017.08.04 08:30:00;CAD;3;Employment Change;45.3K;13.1K;10.9K;;;
2017.08.04 08:30:00;CAD;3;Trade Balance;-1.1B;-1.3B;-3.6B;;-1.4B;
2017.08.04 08:30:00;CAD;3;Unemployment Rate;6.5%;6.5%;6.3%;;;
2017.08.04 08:30:00;USD;3;Average Hourly Earnings m/m;0.2%;0.3%;0.3%;;;
2017.08.04 08:30:00;USD;3;Non-Farm Employment Change;222K;182K;209K;;231K;
2017.08.04 08:30:00;USD;3;Unemployment Rate;4.4%;4.3%;4.3%;;;
2017.08.04 08:30:00;USD;1;Trade Balance;-46.5B;-43.9B;-43.6B;;-46.4B;
2017.08.04 10:00:00;CAD;2;Ivey PMI;61.6;59.2;60.0;;;
2017.08.06 00:00:00;AUD;0;Bank Holiday (All Day);;;;;;
2017.08.06 19:30:00;AUD;1;AIG Construction Index;56.0;;60.5;;;
2017.08.06 21:30:00;AUD;1;ANZ Job Advertisements m/m;2.7%;;1.5%;;;
2017.08.06 23:00:00;NZD;3;Inflation Expectations q/q;2.17%;;2.09%;;;
2017.08.07 01:00:00;JPY;1;Leading Indicators;104.7%;106.2%;106.3%;;104.6%;
2017.08.07 02:00:00;EUR;1;German Industrial Production m/m;1.2%;0.2%;-1.1%;;;
2017.08.07 03:00:00;CHF;1;Foreign Currency Reserves;693B;;714B;;694B;
2017.08.07 03:15:00;CHF;2;CPI m/m;-0.1%;-0.3%;-0.3%;;;
2017.08.07 03:30:00;GBP;2;Halifax HPI m/m;-1.0%;0.3%;0.4%;;-0.9%;
2017.08.07 04:30:00;EUR;1;Sentix Investor Confidence;28.3;27.8;27.7;;;
2017.08.07 00:00:00;CAD;0;Bank Holiday (All Day);;;;;;
2017.08.07 13:25:00;USD;2;FOMC Member Kashkari Speaks;;;;;;
2017.08.07 15:00:00;USD;1;Consumer Credit m/m;18.4B;15.6B;12.4B;;18.3B;
2017.08.07 19:01:00;GBP;1;BRC Retail Sales Monitor y/y;1.2%;;0.9%;;;
2017.08.07 19:50:00;JPY;1;Bank Lending y/y;3.3%;3.3%;3.3%;;;
2017.08.07 19:50:00;JPY;1;Current Account;1.40T;1.51T;1.52T;;;
2017.08.07 21:30:00;AUD;2;NAB Business Confidence;9;;12;;8;
2017.08.07 22:19:00;CNY;2;Trade Balance;294B;294B;321B;;;
2017.08.07 22:48:00;CNY;1;USD-Denominated Trade Balance;42.8B;45.4B;46.7B;;;
2017.08.07 23:45:00;JPY;1;30-y Bond Auction;0.88|3.6;;0.88|3.9;;;
2017.08.08 01:05:00;JPY;1;Economy Watchers Sentiment;50.0;50.1;49.7;;;
2017.08.08 01:45:00;CHF;1;Unemployment Rate;3.2%;3.2%;3.2%;;;
2017.08.08 02:00:00;EUR;1;German Trade Balance;20.3B;20.8B;21.2B;;;
2017.08.08 02:45:00;EUR;1;French Gov Budget Balance;-66.4B;;-62.3B;;;
2017.08.08 02:45:00;EUR;1;French Trade Balance;-4.9B;-5.1B;-4.7B;;-4.4B;
2017.08.08 06:00:00;USD;1;NFIB Small Business Index;103.6;103.6;105.2;;;
2017.08.08 10:00:00;USD;2;JOLTS Job Openings;5.67M;5.74M;6.16M;;5.70M;
2017.08.08 10:00:00;USD;1;RCM/TIPP Economic Optimism;50.2;50.6;52.2;;;
2017.08.08 18:35:00;AUD;2;RBA Assist Gov Kent Speaks;;;;;;
2017.08.08 19:50:00;JPY;1;M2 Money Stock y/y;3.9%;3.9%;4.0%;;;
2017.08.08 20:30:00;AUD;1;Westpac Consumer Sentiment;0.4%;;-1.2%;;;
2017.08.08 21:30:00;AUD;1;Home Loans m/m;1.0%;1.5%;0.5%;;1.1%;
2017.08.08 21:32:00;CNY;2;CPI y/y;1.5%;1.5%;1.4%;;;
2017.08.08 21:32:00;CNY;2;PPI y/y;5.5%;5.6%;5.5%;;;
2017.08.09 01:57:00;JPY;1;Prelim Machine Tool Orders y/y;31.1%;;26.3%;;;
2017.08.09 04:00:00;EUR;1;Italian Industrial Production m/m;0.7%;0.2%;1.1%;;;
2017.08.09 08:13:00;CAD;1;Housing Starts;213K;204K;222K;;;
2017.08.09 08:30:00;CAD;2;Building Permits m/m;8.9%;-1.8%;2.5%;;10.7%;
2017.08.09 08:30:00;USD;2;Prelim Nonfarm Productivity q/q;-0.6%;0.7%;0.9%;;0.0%;
2017.08.09 08:30:00;USD;2;Prelim Unit Labor Costs q/q;3.0%;1.1%;0.6%;;2.2%;
2017.08.09 10:00:00;USD;1;Final Wholesale Inventories m/m;0.6%;0.6%;0.7%;;;
2017.08.09 10:30:00;USD;3;Crude Oil Inventories;-1.5M;-2.6M;-6.5M;;;
2017.08.09 13:01:00;USD;1;10-y Bond Auction;2.33|2.4;;2.25|2.2;;;
2017.08.09 17:00:00;NZD;3;Official Cash Rate;1.75%;1.75%;1.75%;;;
2017.08.09 17:00:00;NZD;3;RBNZ Rate Statement;;;;;;
2017.08.09 17:00:00;NZD;2;RBNZ Monetary Policy Statement;;;;;;
2017.08.09 18:00:00;NZD;3;RBNZ Press Conference;;;;;;
2017.08.09 19:01:00;GBP;1;RICS House Price Balance;7%;9%;1%;;;
2017.08.09 19:50:00;JPY;1;Core Machinery Orders m/m;-3.6%;3.6%;-1.9%;;;
2017.08.09 19:50:00;JPY;1;PPI y/y;2.1%;2.4%;2.6%;;2.2%;
2017.08.09 21:00:00;AUD;1;MI Inflation Expectations;4.4%;;4.2%;;;
2017.08.09 21:10:00;NZD;2;RBNZ Gov Wheeler Speaks;;;;;;
2017.08.10 00:30:00;JPY;1;Tertiary Industry Activity m/m;-0.1%;0.2%;0.0%;;;
2017.08.10 02:45:00;EUR;1;French Industrial Production m/m;1.9%;-0.6%;-1.1%;;;
2017.08.10 04:00:00;EUR;1;Italian Trade Balance;4.34B;3.87B;4.50B;;;
2017.08.10 04:30:00;GBP;3;Manufacturing Production m/m;-0.2%;0.0%;0.0%;;-0.1%;
2017.08.10 04:30:00;GBP;2;Goods Trade Balance;-11.9B;-11.0B;-12.7B;;-11.3B;
2017.08.10 04:30:00;GBP;1;Construction Output m/m;-1.2%;1.4%;-0.1%;;-0.4%;
2017.08.10 04:30:00;GBP;1;Industrial Production m/m;-0.1%;0.1%;0.5%;;0.0%;
2017.08.10 07:35:00;GBP;1;NIESR GDP Estimate;0.3%;;0.2%;;;
2017.08.10 08:30:00;CAD;2;NHPI m/m;0.7%;0.5%;0.2%;;;
2017.08.10 08:30:00;USD;3;PPI m/m;0.1%;0.1%;-0.1%;;;
2017.08.10 08:30:00;USD;3;Unemployment Claims;240K;240K;244K;;241K;
2017.08.10 08:30:00;USD;2;Core PPI m/m;0.1%;0.2%;-0.1%;;;
2017.08.10 10:00:00;USD;2;FOMC Member Dudley Speaks;;;;;;
2017.08.10 10:30:00;USD;1;Natural Gas Storage;20B;38B;28B;;;
2017.08.10 13:01:00;USD;1;30-y Bond Auction;2.94|2.3;;2.82|2.3;;;
2017.08.10 14:00:00;USD;1;Federal Budget Balance;-90.2B;-60.9B;-42.9B;;;
2017.08.10 18:30:00;NZD;2;BusinessNZ Manufacturing Index;56.2;;55.4;;56.0;
2017.08.10 18:45:00;NZD;1;FPI m/m;0.2%;;-0.2%;;;
2017.08.10 19:30:00;AUD;3;RBA Gov Lowe Speaks;;;;;;
2017.08.10 00:00:00;JPY;0;Bank Holiday (All Day);;;;;;
2017.08.11 02:00:00;EUR;1;German Final CPI m/m;0.4%;0.4%;0.4%;;;
2017.08.11 02:00:00;EUR;1;German WPI m/m;0.0%;0.3%;-0.1%;;;
2017.08.11 02:45:00;EUR;1;French Final CPI m/m;-0.3%;-0.3%;-0.3%;;;
2017.08.11 02:45:00;EUR;1;French Prelim Private Payrolls q/q;0.3%;0.4%;0.5%;;0.4%;
2017.08.11 08:30:00;USD;3;Core CPI m/m;0.1%;0.2%;0.1%;;;
2017.08.11 08:30:00;USD;3;CPI m/m;0.0%;0.2%;0.1%;;;
2017.08.11 08:30:00;USD;3;CPI y/y;1.6%;1.8%;1.7%;;;
2017.08.11 09:40:00;USD;2;FOMC Member Kaplan Speaks;;;;;;
2017.08.11 11:30:00;USD;2;FOMC Member Kashkari Speaks;;;;;;
2017.08.13 18:30:00;NZD;1;BusinessNZ Services Index;58.6;;56.0;;58.3;
2017.08.13 18:45:00;NZD;3;Retail Sales q/q;1.5%;0.7%;2.0%;;1.6%;
2017.08.13 18:45:00;NZD;2;Core Retail Sales q/q;1.2%;0.8%;2.1%;;1.5%;
2017.08.13 19:35:00;AUD;2;RBA Assist Gov Kent Speaks;;;;;;
2017.08.13 19:50:00;JPY;2;Prelim GDP q/q;0.5%;0.6%;1.0%;;0.3%;
2017.08.13 19:50:00;JPY;1;Prelim GDP Price Index y/y;-0.8%;-0.5%;-0.4%;;;
2017.08.13 22:00:00;CNY;3;Industrial Production y/y;7.6%;7.1%;6.4%;;;
2017.08.13 22:00:00;CNY;2;Fixed Asset Investment ytd/y;8.6%;8.6%;8.3%;;;
2017.08.13 22:00:00;CNY;1;Retail Sales y/y;11.0%;10.9%;10.4%;;;
2017.08.14 05:00:00;EUR;1;Industrial Production m/m;1.3%;-0.4%;-0.6%;;1.2%;
2017.08.14 21:30:00;AUD;3;Monetary Policy Meeting Minutes;;;;;;
2017.08.14 21:30:00;AUD;1;New Motor Vehicle Sales m/m;1.2%;;-2.0%;;1.1%;
2017.08.15 00:30:00;JPY;1;Revised Industrial Production m/m;1.6%;1.6%;2.2%;;;
2017.08.15 02:00:00;EUR;2;German Prelim GDP q/q;0.6%;0.7%;0.6%;;0.7%;
2017.08.15 00:00:00;EUR;0;French Bank Holiday (All Day);;;;;;
2017.08.15 00:00:00;EUR;0;Italian Bank Holiday (All Day);;;;;;
2017.08.15 03:15:00;CHF;2;PPI m/m;-0.1%;0.0%;0.0%;;;
2017.08.15 04:00:00;CNY;1;M2 Money Supply y/y;9.4%;9.5%;9.2%;;;
2017.08.15 04:00:00;CNY;1;New Loans;1540B;810B;826B;;;
2017.08.15 04:30:00;GBP;3;CPI y/y;2.6%;2.7%;2.6%;;;
2017.08.15 04:30:00;GBP;2;PPI Input m/m;-0.4%;0.4%;0.0%;;-0.3%;
2017.08.15 04:30:00;GBP;2;RPI y/y;3.5%;3.5%;3.6%;;;
2017.08.15 04:30:00;GBP;1;Core CPI y/y;2.4%;2.5%;2.4%;;;
2017.08.15 04:30:00;GBP;1;HPI y/y;4.7%;4.3%;4.9%;;5.0%;
2017.08.15 04:30:00;GBP;1;PPI Output m/m;0.0%;0.0%;0.1%;;;
2017.08.15 08:30:00;USD;3;Core Retail Sales m/m;-0.2%;0.3%;0.5%;;0.1%;
2017.08.15 08:30:00;USD;3;Retail Sales m/m;-0.2%;0.3%;0.6%;;0.3%;
2017.08.15 08:30:00;USD;2;Empire State Manufacturing Index;9.8;10.1;25.2;;;
2017.08.15 08:30:00;USD;2;Import Prices m/m;-0.2%;0.1%;0.1%;;;
2017.08.15 09:30:00;GBP;1;CB Leading Index m/m;-0.1%;;-0.1%;;;
2017.08.15 10:00:00;USD;1;Business Inventories m/m;0.3%;0.4%;0.5%;;;
2017.08.15 10:00:00;USD;1;NAHB Housing Market Index;64;64;68;;;
2017.08.15 10:10:00;NZD;2;GDT Price Index;-1.6%;;-0.4%;;;
2017.08.15 16:00:00;USD;1;TIC Long-Term Purchases;91.9B;28.3B;34.4B;;;
2017.08.15 20:30:00;AUD;1;MI Leading Index m/m;-0.1%;;0.1%;;-0.2%;
2017.08.15 21:30:00;AUD;2;Wage Price Index q/q;0.5%;0.5%;0.5%;;0.6%;
2017.08.16 04:00:00;EUR;1;Italian Prelim GDP q/q;0.2%;0.4%;0.4%;;;
2017.08.16 04:30:00;GBP;3;Average Earnings Index 3m/y;1.8%;1.8%;2.1%;;1.9%;
2017.08.16 04:30:00;GBP;2;Claimant Count Change;5.9K;3.2K;-4.2K;;3.5K;
2017.08.16 04:30:00;GBP;2;Unemployment Rate;4.5%;4.5%;4.4%;;;
2017.08.16 05:00:00;EUR;2;Flash GDP q/q;0.6%;0.6%;0.6%;;;
2017.08.16 08:30:00;CAD;2;Foreign Securities Purchases;29.46B;23.45B;-0.92B;;29.44B;
2017.08.16 08:30:00;USD;3;Building Permits;1.25M;1.25M;1.22M;;1.28M;
2017.08.16 08:30:00;USD;2;Housing Starts;1.22M;1.22M;1.16M;;1.21M;
2017.08.16 10:30:00;USD;3;Crude Oil Inventories;-6.5M;-3.0M;-8.9M;;;
2017.08.16 14:00:00;USD;3;FOMC Meeting Minutes;;;;;;
2017.08.16 18:45:00;NZD;3;PPI Input q/q;0.8%;0.9%;1.4%;;;
2017.08.16 18:45:00;NZD;1;PPI Output q/q;1.4%;0.7%;1.3%;;;
2017.08.16 19:50:00;JPY;1;Trade Balance;0.08T;0.20T;0.34T;;0.09T;
2017.08.16 21:30:00;AUD;3;Employment Change;14.0K;19.8K;27.9K;;20.0K;
2017.08.16 21:30:00;AUD;3;Unemployment Rate;5.6%;5.6%;5.6%;;5.7%;
2017.08.17 04:20:00;AUD;2;RBA Assist Gov Ellis Speaks;;;;;;
2017.08.17 04:30:00;GBP;3;Retail Sales m/m;0.6%;0.2%;0.3%;;0.3%;
2017.08.17 05:00:00;EUR;2;Final CPI y/y;1.3%;1.3%;1.3%;;;
2017.08.17 05:00:00;EUR;1;Final Core CPI y/y;1.2%;1.2%;1.2%;;;
2017.08.17 05:00:00;EUR;1;Trade Balance;19.7B;20.4B;22.3B;;19.0B;
2017.08.17 07:30:00;EUR;2;ECB Monetary Policy Meeting Accounts;;;;;;
2017.08.17 08:30:00;CAD;2;Manufacturing Sales m/m;1.1%;-1.0%;-1.8%;;1.3%;
2017.08.17 08:30:00;USD;3;Unemployment Claims;244K;240K;232K;;;
2017.08.17 08:30:00;USD;2;Philly Fed Manufacturing Index;19.5;18.3;18.9;;;
2017.08.17 08:47:00;USD;2;Capacity Utilization Rate;76.6%;76.7%;76.7%;;76.7%;
2017.08.17 08:47:00;USD;2;Industrial Production m/m;0.4%;0.3%;0.2%;;;
2017.08.17 10:00:00;USD;1;CB Leading Index m/m;0.6%;0.3%;0.3%;;;
2017.08.17 10:30:00;USD;1;Natural Gas Storage;28B;47B;53B;;;
2017.08.17 12:30:00;USD;2;FOMC Member Kaplan Speaks;;;;;;
2017.08.18 02:00:00;EUR;1;German PPI m/m;0.0%;0.0%;0.2%;;;
2017.08.18 04:00:00;EUR;1;Current Account;30.1B;27.3B;21.2B;;30.5B;
2017.08.18 08:30:00;CAD;3;CPI m/m;-0.1%;0.0%;0.0%;;;
2017.08.18 08:30:00;CAD;2;Common CPI y/y;1.4%;;1.4%;;;
2017.08.18 08:30:00;CAD;2;Median CPI y/y;1.6%;;1.7%;;;
2017.08.18 08:30:00;CAD;2;Trimmed CPI y/y;1.2%;;1.3%;;;
2017.08.18 08:30:00;CAD;1;Core CPI m/m;0.1%;;-0.1%;;;
2017.08.18 10:00:00;USD;2;Prelim UoM Consumer Sentiment;93.1;94.0;97.6;;93.4;
2017.08.18 10:00:00;USD;1;Prelim UoM Inflation Expectations;2.7%;;2.6%;;2.6%;
2017.08.18 10:15:00;USD;2;FOMC Member Kaplan Speaks;;;;;;
2017.08.20 18:45:00;NZD;1;Visitor Arrivals m/m;5.1%;;-5.3%;;4.9%;
2017.08.20 19:01:00;GBP;1;Rightmove HPI m/m;0.1%;;-0.9%;;;
2017.08.20 23:00:00;NZD;1;Credit Card Spending y/y;8.3%;;7.2%;;;
2017.08.21 00:30:00;JPY;1;All Industries Activity m/m;-0.9%;0.5%;0.4%;;-0.8%;
2017.08.21 06:00:00;EUR;1;German Buba Monthly Report;;;;;;
2017.08.21 08:30:00;CAD;2;Wholesale Sales m/m;0.9%;0.6%;-0.5%;;1.0%;
2017.08.21 10:30:00;AUD;1;CB Leading Index m/m;0.1%;;0.5%;;0.0%;
2017.08.22 02:00:00;CHF;1;Trade Balance;2.81B;2.88B;3.51B;;2.76B;
2017.08.22 04:30:00;GBP;2;Public Sector Net Borrowing;6.3B;0.0B;-0.8B;;5.7B;
2017.08.22 05:00:00;EUR;2;German ZEW Economic Sentiment;17.5;14.8;10.0;;;
2017.08.22 05:00:00;EUR;1;ZEW Economic Sentiment;35.6;34.2;29.3;;;
2017.08.22 06:00:00;GBP;1;CBI Industrial Order Expectations;10;8;13;;;
2017.08.22 08:30:00;CAD;3;Core Retail Sales m/m;-0.1%;0.0%;0.7%;;;
2017.08.22 08:30:00;CAD;2;Retail Sales m/m;0.6%;0.2%;0.1%;;0.5%;
2017.08.22 09:00:00;CNY;1;CB Leading Index m/m;1.6%;;0.9%;;1.7%;
2017.08.22 09:00:00;USD;1;HPI m/m;0.4%;0.5%;0.1%;;0.3%;
2017.08.22 09:59:00;USD;1;Richmond Manufacturing Index;14;11;14;;;
2017.08.22 20:30:00;JPY;1;Flash Manufacturing PMI;52.2;52.3;52.8;;52.1;
2017.08.23 03:00:00;EUR;2;French Flash Manufacturing PMI;55.4;54.5;55.8;;54.9;
2017.08.23 03:00:00;EUR;2;French Flash Services PMI;55.9;55.9;55.5;;56.0;
2017.08.23 03:25:00;EUR;3;ECB President Draghi Speaks;;;;;;
2017.08.23 03:30:00;EUR;2;German Flash Manufacturing PMI;58.3;57.7;59.4;;58.1;
2017.08.23 03:30:00;EUR;2;German Flash Services PMI;53.5;53.4;53.4;;53.1;
2017.08.23 04:00:00;EUR;2;Flash Manufacturing PMI;56.8;56.3;57.4;;56.6;
2017.08.23 04:00:00;EUR;2;Flash Services PMI;55.4;55.4;54.9;;;
2017.08.23 05:34:00;EUR;1;German 10-y Bond Auction;0.49|1.5;;0.41|1.3;;;
2017.08.23 09:05:00;USD;1;FOMC Member Kaplan Speaks;;;;;;
2017.08.23 09:45:00;USD;1;Flash Manufacturing PMI;53.2;53.4;52.5;;53.3;
2017.08.23 09:45:00;USD;1;Flash Services PMI;54.2;55.0;56.9;;54.7;
2017.08.23 09:56:00;EUR;1;Consumer Confidence;-2;-2;-2;;;
2017.08.23 10:00:00;USD;2;New Home Sales;610K;611K;571K;;630K;
2017.08.23 10:30:00;USD;3;Crude Oil Inventories;-8.9M;-3.3M;-3.3M;;;
2017.08.23 18:45:00;NZD;1;Trade Balance;242M;-200M;85M;;246M;
2017.08.24 04:30:00;GBP;3;Second Estimate GDP q/q;0.3%;0.3%;0.3%;;;
2017.08.24 04:30:00;GBP;2;Prelim Business Investment q/q;0.6%;0.2%;0.0%;;;
2017.08.24 04:30:00;GBP;1;High Street Lending;40.2K;40.9K;41.6K;;40.4K;
2017.08.24 04:30:00;GBP;1;Index of Services 3m/3m;0.4%;0.5%;0.5%;;0.3%;
2017.08.24 00:00:00;All;2;OPEC-JMMC Meetings (All Day);;;;;;
2017.08.24 06:00:00;GBP;1;CBI Realized Sales;22;15;-10;;;
2017.08.24 08:30:00;CAD;1;Corporate Profits q/q;-7.4%;;0.1%;;;
2017.08.24 08:30:00;USD;3;Unemployment Claims;232K;237K;234K;;;
2017.08.24 08:59:00;EUR;1;Belgian NBB Business Climate;-1.5;-1.6;-2.1;;;
2017.08.24 10:00:00;USD;2;Existing Home Sales;5.52M;5.55M;5.44M;;5.51M;
2017.08.24 10:00:00;USD;2;Mortgage Delinquencies;4.71%;;4.24%;;;
2017.08.24 10:30:00;USD;1;Natural Gas Storage;53B;44B;43B;;;
2017.08.24 00:00:00;All;2;Jackson Hole Symposium (Day 1);;;;;;
2017.08.24 19:30:00;JPY;1;National Core CPI y/y;0.4%;0.5%;0.5%;;;
2017.08.24 19:30:00;JPY;1;Tokyo Core CPI y/y;0.2%;0.3%;0.4%;;;
2017.08.24 19:50:00;JPY;1;SPPI y/y;0.8%;0.8%;0.6%;;0.7%;
2017.08.24 21:00:00;AUD;1;RBA Annual Report;;;;;;
2017.08.25 02:00:00;EUR;1;German Final GDP q/q;0.6%;0.6%;0.6%;;;
2017.08.25 02:00:00;EUR;1;German Import Prices m/m;-1.1%;0.1%;-0.4%;;;
2017.08.25 04:00:00;EUR;3;German ifo Business Climate;116.0;115.5;115.9;;;
2017.08.25 08:30:00;USD;3;Core Durable Goods Orders m/m;0.2%;0.4%;0.5%;;0.1%;
2017.08.25 08:30:00;USD;2;Durable Goods Orders m/m;6.5%;-6.0%;-6.8%;;6.4%;
2017.08.25 10:00:00;USD;3;Fed Chair Yellen Speaks;;;;;;
2017.08.25 00:00:00;All;2;Jackson Hole Symposium (Day 2);;;;;;
2017.08.25 15:00:00;EUR;3;ECB President Draghi Speaks;;;;;;
2017.08.26 00:00:00;All;2;Jackson Hole Symposium (Day 3);;;;;;
2017.08.28 00:00:00;GBP;0;Bank Holiday (All Day);;;;;;
2017.08.28 04:00:00;EUR;2;M3 Money Supply y/y;5.0%;4.9%;4.5%;;;
2017.08.28 04:00:00;EUR;1;Private Loans y/y;2.6%;2.7%;2.6%;;;
2017.08.28 08:30:00;USD;1;Goods Trade Balance;-63.9B;-64.5B;-65.1B;;-64.0B;
2017.08.28 08:30:00;USD;1;Prelim Wholesale Inventories m/m;0.6%;0.3%;0.4%;;0.7%;
2017.08.28 19:30:00;JPY;1;Household Spending y/y;2.3%;0.8%;-0.2%;;;
2017.08.28 19:30:00;JPY;1;Unemployment Rate;2.8%;2.8%;2.8%;;;
2017.08.28 21:07:00;AUD;1;HIA New Home Sales m/m;-6.9%;;-3.7%;;;
2017.08.29 01:00:00;JPY;1;BOJ Core CPI y/y;0.3%;0.2%;0.4%;;;
2017.08.29 02:00:00;EUR;1;German GfK Consumer Climate;10.8;10.8;10.9;;;
2017.08.29 02:00:00;GBP;1;Nationwide HPI m/m;0.3%;0.0%;-0.1%;;0.2%;
2017.08.29 02:45:00;EUR;1;French Consumer Spending m/m;-0.8%;0.7%;0.7%;;-0.7%;
2017.08.29 02:45:00;EUR;1;French Prelim GDP q/q;0.5%;0.5%;0.5%;;;
2017.08.29 08:30:00;CAD;2;RMPI m/m;-3.7%;-0.2%;-0.6%;;-3.6%;
2017.08.29 08:30:00;CAD;1;IPPI m/m;-1.0%;-0.7%;-1.5%;;-1.1%;
2017.08.29 09:00:00;USD;1;S&P/CS Composite-20 HPI y/y;5.7%;5.6%;5.7%;;;
2017.08.29 10:00:00;USD;3;CB Consumer Confidence;121.1;120.9;122.9;;120.0;
2017.08.29 18:45:00;NZD;1;Building Consents m/m;-1.0%;;-0.7%;;-1.3%;
2017.08.29 19:01:00;GBP;1;BRC Shop Price Index y/y;-0.4%;;-0.3%;;;
2017.08.29 19:50:00;JPY;1;Retail Sales y/y;2.1%;1.0%;1.9%;;2.2%;
2017.08.29 21:30:00;AUD;2;Building Approvals m/m;10.9%;-5.4%;-1.7%;;11.7%;
2017.08.29 21:30:00;AUD;2;Construction Work Done q/q;-0.7%;0.9%;9.3%;;0.9%;
2017.08.29 21:30:00;NZD;3;RBNZ Gov Wheeler Speaks;;;;;;
2017.08.30 02:00:00;CHF;1;UBS Consumption Indicator;1.38;;1.38;;1.30;
2017.08.30 00:00:00;EUR;2;German Prelim CPI m/m (All Day);0.4%;0.1%;0.1%;;;
2017.08.30 03:00:00;CHF;2;KOF Economic Barometer;106.8;107.0;104.1;;108.0;
2017.08.30 03:00:00;EUR;2;Spanish Flash CPI y/y;1.5%;1.7%;1.6%;;;
2017.08.30 04:00:00;CHF;1;Credit Suisse Economic Expectations;34.7;;25.0;;;
2017.08.30 04:30:00;GBP;2;Net Lending to Individuals m/m;5.6B;5.3B;4.8B;;5.5B;
2017.08.30 04:30:00;GBP;1;M4 Money Supply m/m;-0.2%;0.4%;0.5%;;-0.1%;
2017.08.30 04:30:00;GBP;1;Mortgage Approvals;65K;66K;69K;;;
2017.08.30 05:18:00;EUR;1;Italian 10-y Bond Auction;2.16|1.7;;2.09|1.6;;;
2017.08.30 08:15:00;USD;3;ADP Non-Farm Employment Change;178K;185K;237K;;201K;
2017.08.30 08:30:00;CAD;2;Current Account;-14.1B;-17.3B;-16.3B;;-12.9B;
2017.08.30 08:30:00;USD;3;Prelim GDP q/q;2.6%;2.7%;3.0%;;;
2017.08.30 08:30:00;USD;1;Prelim GDP Price Index q/q;1.0%;1.0%;1.0%;;;
2017.08.30 09:15:00;USD;2;FOMC Member Powell Speaks;;;;;;
2017.08.30 10:30:00;USD;3;Crude Oil Inventories;-3.3M;-1.8M;-5.4M;;;
2017.08.30 19:01:00;GBP;1;GfK Consumer Confidence;-12;-13;-10;;;
2017.08.30 19:50:00;JPY;1;Prelim Industrial Production m/m;1.6%;-0.4%;-0.8%;;2.2%;
2017.08.30 20:52:00;CNY;2;Manufacturing PMI;51.4;51.3;51.7;;;
2017.08.30 21:00:00;CNY;2;Non-Manufacturing PMI;54.5;;53.4;;;
2017.08.30 21:02:00;NZD;2;ANZ Business Confidence;19.4;;18.3;;;
2017.08.30 21:30:00;AUD;3;Private Capital Expenditure q/q;0.3%;0.2%;0.8%;;0.9%;
2017.08.30 21:30:00;AUD;1;Private Sector Credit m/m;0.6%;0.5%;0.5%;;;
2017.08.31 01:00:00;JPY;1;Housing Starts y/y;1.7%;-0.2%;-2.3%;;;
2017.08.31 02:00:00;EUR;2;German Retail Sales m/m;1.1%;-0.5%;-1.2%;;1.3%;
2017.08.31 02:45:00;EUR;1;French Prelim CPI m/m;-0.3%;0.5%;0.5%;;;
2017.08.31 03:25:00;GBP;2;MPC Member Saunders Speaks;;;;;;
2017.08.31 03:55:00;EUR;1;German Unemployment Change;-9K;-6K;-5K;;-8K;
2017.08.31 04:00:00;EUR;1;Italian Monthly Unemployment Rate;11.1%;11.1%;11.3%;;11.2%;
2017.08.31 05:00:00;EUR;2;Core CPI Flash Estimate y/y;1.2%;1.2%;1.2%;;;
2017.08.31 05:00:00;EUR;2;CPI Flash Estimate y/y;1.3%;1.4%;1.5%;;;
2017.08.31 05:00:00;EUR;1;Italian Prelim CPI m/m;0.1%;0.2%;0.3%;;;
2017.08.31 05:00:00;EUR;1;Unemployment Rate;9.1%;9.1%;9.1%;;;
2017.08.31 07:30:00;USD;1;Challenger Job Cuts y/y;-37.6%;;5.1%;;;
2017.08.31 08:30:00;CAD;3;GDP m/m;0.6%;0.1%;0.3%;;;
2017.08.31 08:30:00;USD;3;Unemployment Claims;234K;237K;236K;;235K;
2017.08.31 08:30:00;USD;2;Core PCE Price Index m/m;0.1%;0.1%;0.1%;;;
2017.08.31 08:30:00;USD;2;Personal Spending m/m;0.1%;0.4%;0.3%;;0.2%;
2017.08.31 08:30:00;USD;1;Personal Income m/m;0.0%;0.3%;0.4%;;;
2017.08.31 09:45:00;USD;2;Chicago PMI;58.9;58.7;58.9;;;
2017.08.31 10:00:00;USD;2;Pending Home Sales m/m;1.5%;0.4%;-0.8%;;1.3%;
2017.08.31 10:30:00;USD;1;Natural Gas Storage;43B;33B;30B;;;
2017.08.31 18:45:00;NZD;1;Overseas Trade Index q/q;5.1%;3.2%;1.5%;;3.9%;
2017.08.31 19:30:00;AUD;1;AIG Manufacturing Index;56.0;;59.8;;;
2017.08.31 19:50:00;JPY;1;Capital Spending q/y;4.5%;8.0%;1.5%;;;
2017.08.31 20:30:00;JPY;1;Final Manufacturing PMI;52.8;52.8;52.2;;;
2017.08.31 21:45:00;CNY;2;Caixin Manufacturing PMI;51.1;50.9;51.6;;;
