2017.09.01 01:00:00;JPY;1;Consumer Confidence;43.8;43.5;43.3;;;
2017.09.01 02:30:00;AUD;1;Commodity Prices y/y;17.1%;;20.1%;;21.7%;
2017.09.01 03:15:00;CHF;1;Retail Sales y/y;1.5%;1.7%;-0.7%;;1.7%;
2017.09.01 03:15:00;EUR;2;Spanish Manufacturing PMI;54.0;54.4;52.4;;;
2017.09.01 03:30:00;CHF;1;Manufacturing PMI;60.9;60.4;61.2;;;
2017.09.01 03:45:00;EUR;1;Italian Manufacturing PMI;55.1;55.3;56.3;;;
2017.09.01 03:50:00;EUR;1;French Final Manufacturing PMI;55.8;55.8;55.8;;;
2017.09.01 03:55:00;EUR;1;German Final Manufacturing PMI;59.4;59.4;59.3;;;
2017.09.01 04:00:00;EUR;1;Final Manufacturing PMI;57.4;57.4;57.4;;;
2017.09.01 04:30:00;GBP;3;Final Manufacturing PMI;55.1;55.0;56.9;;55.3;
2017.09.01 08:30:00;USD;3;Average Hourly Earnings m/m;0.3%;0.2%;0.1%;;;
2017.09.01 08:30:00;USD;3;Non-Farm Employment Change;209K;180K;156K;;189K;
2017.09.01 08:30:00;USD;3;Unemployment Rate;4.3%;4.3%;4.4%;;;
2017.09.01 09:30:00;CAD;1;Manufacturing PMI;55.5;;54.6;;;
2017.09.01 09:45:00;USD;1;Final Manufacturing PMI;52.5;52.5;52.8;;;
2017.09.01 10:00:00;USD;3;ISM Manufacturing PMI;56.3;56.5;58.8;;;
2017.09.01 10:00:00;USD;2;Revised UoM Consumer Sentiment;97.6;97.4;96.8;;;
2017.09.01 10:00:00;USD;1;Construction Spending m/m;-1.3%;0.5%;-0.6%;;-1.4%;
2017.09.01 10:00:00;USD;1;ISM Manufacturing Prices;62.0;61.9;62.0;;;
2017.09.01 10:00:00;USD;1;Revised UoM Inflation Expectations;2.6%;;2.6%;;;
2017.09.01 00:00:00;USD;1;Wards Total Vehicle Sales (All Day);16.7M;16.6M;16.0M;;;
2017.09.01 00:00:00;USD;1;Total Vehicle Sales (All Day);16.7M;16.6M;16.1M;;;
2017.09.03 00:00:00;All;2;BRICS Summit (Day 1);;;;;;
2017.09.03 19:50:00;JPY;1;Monetary Base y/y;15.6%;15.6%;16.3%;;;
2017.09.03 21:00:00;AUD;1;MI Inflation Gauge m/m;0.1%;;0.1%;;;
2017.09.03 21:30:00;AUD;2;Company Operating Profits q/q;6.0%;-3.9%;-4.5%;;5.8%;
2017.09.03 21:30:00;AUD;1;ANZ Job Advertisements m/m;1.5%;;2.0%;;1.6%;
2017.09.04 03:00:00;EUR;2;Spanish Unemployment Change;-26.9K;16.3K;46.4K;;;
2017.09.04 04:30:00;EUR;1;Sentix Investor Confidence;27.7;27.4;28.2;;;
2017.09.04 04:30:00;GBP;3;Construction PMI;51.9;52.1;51.1;;;
2017.09.04 05:00:00;EUR;1;PPI m/m;-0.1%;0.1%;0.0%;;-0.2%;
2017.09.04 00:00:00;CAD;0;Bank Holiday (All Day);;;;;;
2017.09.04 00:00:00;USD;0;Bank Holiday (All Day);;;;;;
2017.09.04 00:00:00;All;2;BRICS Summit (Day 2);;;;;;
2017.09.04 19:01:00;GBP;1;BRC Retail Sales Monitor y/y;0.9%;;1.3%;;;
2017.09.04 19:30:00;AUD;1;AIG Services Index;56.4;;53.0;;;
2017.09.04 21:00:00;NZD;1;ANZ Commodity Prices m/m;-0.8%;;-0.8%;;;
2017.09.04 21:30:00;AUD;2;Current Account;-3.1B;-7.9B;-9.6B;;-4.8B;
2017.09.04 21:45:00;CNY;1;Caixin Services PMI;51.5;51.8;52.7;;;
2017.09.04 23:45:00;JPY;1;10-y Bond Auction;0.07|4.2;;0.01|4.0;;;
2017.09.05 00:30:00;AUD;3;Cash Rate;1.50%;1.50%;1.50%;;;
2017.09.05 00:30:00;AUD;3;RBA Rate Statement;;;;;;
2017.09.05 01:45:00;CHF;1;GDP q/q;0.3%;0.5%;0.3%;;0.1%;
2017.09.05 03:15:00;CHF;2;CPI m/m;-0.3%;0.0%;0.0%;;;
2017.09.05 03:15:00;EUR;1;Spanish Services PMI;57.6;56.9;56.0;;;
2017.09.05 03:45:00;EUR;1;Italian Services PMI;56.3;55.5;55.1;;;
2017.09.05 03:50:00;EUR;1;French Final Services PMI;55.5;55.5;54.9;;;
2017.09.05 03:55:00;EUR;1;German Final Services PMI;53.4;53.4;53.5;;;
2017.09.05 04:00:00;EUR;1;Final Services PMI;54.9;54.9;54.7;;;
2017.09.05 04:30:00;GBP;3;Final Services PMI;53.8;53.5;53.2;;;
2017.09.05 05:00:00;EUR;1;Retail Sales m/m;0.5%;-0.2%;-0.3%;;0.6%;
2017.09.05 05:10:00;AUD;3;RBA Gov Lowe Speaks;;;;;;
2017.09.05 08:00:00;USD;2;FOMC Member Brainard Speaks;;;;;;
2017.09.05 10:00:00;USD;2;Factory Orders m/m;3.0%;-3.3%;-3.3%;;3.2%;
2017.09.05 00:00:00;All;2;BRICS Summit (Day 3);;;;;;
2017.09.05 10:28:00;NZD;2;GDT Price Index;-0.4%;;0.3%;;;
2017.09.05 13:10:00;USD;2;FOMC Member Kashkari Speaks;;;;;;
2017.09.05 18:05:00;USD;2;FOMC Member Kaplan Speaks;;;;;;
2017.09.05 20:00:00;JPY;1;Average Cash Earnings y/y;-0.4%;0.5%;-0.3%;;0.4%;
2017.09.05 21:30:00;AUD;3;GDP q/q;0.3%;0.8%;0.8%;;;
2017.09.06 02:00:00;EUR;1;German Factory Orders m/m;1.0%;0.2%;-0.7%;;0.9%;
2017.09.06 04:00:00;EUR;1;Italian Retail Sales m/m;0.6%;-0.2%;-0.2%;;;
2017.09.06 04:10:00;EUR;1;Retail PMI;51.0;;50.8;;;
2017.09.06 08:30:00;CAD;3;Trade Balance;-3.6B;-3.2B;-3.0B;;-3.8B;
2017.09.06 08:30:00;CAD;2;Labor Productivity q/q;1.4%;0.9%;-0.1%;;1.3%;
2017.09.06 08:30:00;USD;2;Trade Balance;-43.6B;-44.6B;-43.7B;;-43.5B;
2017.09.06 09:45:00;USD;1;Final Services PMI;56.9;56.8;56.0;;;
2017.09.06 10:00:00;CAD;3;BOC Rate Statement;;;;;;
2017.09.06 10:00:00;CAD;3;Overnight Rate;0.75%;0.75%;1.00%;;;
2017.09.06 10:00:00;USD;3;ISM Services PMI;53.9;55.8;55.3;;;
2017.09.06 14:00:00;USD;1;Beige Book;;;;;;
2017.09.06 19:30:00;AUD;1;AIG Construction Index;60.5;;55.3;;;
2017.09.06 21:30:00;AUD;3;Goods Trade Balance;0.86B;0.93B;0.46B;;0.89B;
2017.09.06 21:30:00;AUD;3;Retail Sales m/m;0.3%;0.2%;0.0%;;0.2%;
2017.09.06 23:45:00;JPY;1;30-y Bond Auction;0.88|3.9;;0.83|3.7;;;
2017.09.07 01:00:00;JPY;1;Leading Indicators;106.3%;105.1%;105.0%;;105.9%;
2017.09.07 02:00:00;EUR;1;German Industrial Production m/m;-1.1%;0.5%;0.0%;;;
2017.09.07 02:45:00;EUR;1;French Trade Balance;-4.7B;-4.5B;-6.0B;;-4.9B;
2017.09.07 03:00:00;CHF;1;Foreign Currency Reserves;714B;;717B;;715B;
2017.09.07 03:30:00;GBP;2;Halifax HPI m/m;0.4%;0.2%;1.1%;;0.7%;
2017.09.07 04:44:00;EUR;1;Spanish 10-y Bond Auction;1.27|1.9;;1.54|2.0;;;
2017.09.07 05:00:00;EUR;1;Revised GDP q/q;0.6%;0.6%;0.6%;;;
2017.09.07 05:02:00;EUR;1;French 10-y Bond Auction;0.75|2.1;;0.67|2.0;;;
2017.09.07 07:45:00;EUR;3;Main Refinancing Rate;0.00%;0.00%;0.00%;;;
2017.09.07 07:45:00;EUR;3;Monetary Policy Statement;;;;;;
2017.09.07 08:30:00;CAD;2;Building Permits m/m;2.5%;-1.5%;-3.5%;;4.4%;
2017.09.07 08:30:00;EUR;3;ECB Press Conference;;;;;;
2017.09.07 08:30:00;USD;3;Unemployment Claims;236K;245K;298K;;;
2017.09.07 08:30:00;USD;1;Revised Nonfarm Productivity q/q;0.9%;1.3%;1.5%;;;
2017.09.07 08:30:00;USD;1;Revised Unit Labor Costs q/q;0.6%;0.3%;0.2%;;;
2017.09.07 09:58:00;USD;1;RCM/TIPP Economic Optimism;52.2;53.1;53.4;;;
2017.09.07 10:00:00;CAD;2;Ivey PMI;60.0;61.3;56.3;;;
2017.09.07 10:30:00;USD;1;Natural Gas Storage;30B;63B;65B;;;
2017.09.07 11:00:00;USD;3;Crude Oil Inventories;-5.4M;4.1M;4.6M;;;
2017.09.07 18:45:00;NZD;1;Manufacturing Sales q/q;2.8%;;3.9%;;3.1%;
2017.09.07 19:00:00;USD;2;FOMC Member Dudley Speaks;;;;;;
2017.09.07 19:50:00;JPY;2;Final GDP q/q;1.0%;0.7%;0.6%;;;
2017.09.07 19:50:00;JPY;1;Bank Lending y/y;3.3%;3.3%;3.2%;;;
2017.09.07 19:50:00;JPY;1;Current Account;1.52T;1.65T;2.03T;;;
2017.09.07 19:50:00;JPY;1;Final GDP Price Index y/y;-0.4%;-0.4%;-0.4%;;;
2017.09.07 21:30:00;AUD;1;Home Loans m/m;0.5%;1.0%;2.9%;;1.2%;
2017.09.07 23:00:00;AUD;2;RBA Deputy Gov Debelle Speaks;;;;;;
2017.09.07 23:05:00;CNY;2;Trade Balance;321B;337B;287B;;;
2017.09.07 23:13:00;CNY;1;USD-Denominated Trade Balance;46.7B;48.4B;42.0B;;;
2017.09.08 01:00:00;JPY;1;Economy Watchers Sentiment;49.7;49.5;49.7;;;
2017.09.08 01:45:00;CHF;1;Unemployment Rate;3.2%;3.2%;3.2%;;;
2017.09.08 02:00:00;EUR;1;German Trade Balance;21.2B;20.3B;19.5B;;;
2017.09.08 02:45:00;EUR;1;French Gov Budget Balance;-62.3B;;-83.8B;;;
2017.09.08 02:45:00;EUR;1;French Industrial Production m/m;-1.1%;0.5%;0.5%;;;
2017.09.08 04:30:00;AUD;3;RBA Gov Lowe Speaks;;;;;;
2017.09.08 04:30:00;GBP;3;Manufacturing Production m/m;0.0%;0.3%;0.5%;;;
2017.09.08 04:30:00;GBP;2;Goods Trade Balance;-12.7B;-11.9B;-11.6B;;-11.5B;
2017.09.08 04:30:00;GBP;1;Construction Output m/m;-0.1%;-0.2%;-0.9%;;;
2017.09.08 04:30:00;GBP;1;Consumer Inflation Expectations;2.8%;;2.8%;;;
2017.09.08 04:30:00;GBP;1;Industrial Production m/m;0.5%;0.2%;0.2%;;;
2017.09.08 07:44:00;GBP;1;NIESR GDP Estimate;0.2%;;0.4%;;;
2017.09.08 08:30:00;CAD;3;Employment Change;10.9K;17.8K;22.2K;;;
2017.09.08 08:30:00;CAD;3;Unemployment Rate;6.3%;6.3%;6.2%;;;
2017.09.08 08:30:00;CAD;1;Capacity Utilization Rate;83.3%;84.9%;85.0%;;83.2%;
2017.09.08 08:45:00;USD;1;FOMC Member Harker Speaks;;;;;;
2017.09.08 10:00:00;USD;1;Final Wholesale Inventories m/m;0.4%;0.4%;0.6%;;;
2017.09.08 15:00:00;USD;1;Consumer Credit m/m;12.4B;15.1B;18.5B;;11.8B;
2017.09.08 21:28:00;CNY;2;CPI y/y;1.4%;1.7%;1.8%;;;
2017.09.08 21:28:00;CNY;2;PPI y/y;5.5%;5.7%;6.3%;;;
2017.09.10 19:50:00;JPY;1;Core Machinery Orders m/m;-1.9%;4.2%;8.0%;;;
2017.09.10 19:50:00;JPY;1;M2 Money Stock y/y;4.0%;4.1%;4.0%;;;
2017.09.11 00:30:00;JPY;1;Tertiary Industry Activity m/m;0.0%;0.1%;0.1%;;-0.2%;
2017.09.11 01:58:00;JPY;1;Prelim Machine Tool Orders y/y;26.3%;;36.3%;;28.0%;
2017.09.11 04:00:00;EUR;1;Italian Industrial Production m/m;1.1%;-0.5%;0.1%;;;
2017.09.11 08:13:00;CAD;1;Housing Starts;222K;216K;223K;;;
2017.09.11 21:30:00;AUD;2;NAB Business Confidence;12;;5;;;
2017.09.12 01:30:00;EUR;1;French Final Private Payrolls q/q;0.5%;0.5%;0.4%;;;
2017.09.12 04:00:00;EUR;1;Italian Quarterly Unemployment Rate;11.6%;11.3%;11.2%;;;
2017.09.12 04:30:00;GBP;3;CPI y/y;2.6%;2.8%;2.9%;;;
2017.09.12 04:30:00;GBP;2;PPI Input m/m;0.0%;1.2%;1.6%;;-0.2%;
2017.09.12 04:30:00;GBP;2;RPI y/y;3.6%;3.7%;3.9%;;;
2017.09.12 04:30:00;GBP;1;Core CPI y/y;2.4%;2.5%;2.7%;;;
2017.09.12 04:30:00;GBP;1;HPI y/y;4.9%;4.8%;5.1%;;5.1%;
2017.09.12 04:30:00;GBP;1;PPI Output m/m;0.1%;0.1%;0.4%;;;
2017.09.12 06:00:00;USD;1;NFIB Small Business Index;105.2;104.8;105.3;;;
2017.09.12 10:00:00;USD;2;JOLTS Job Openings;6.16M;5.96M;6.17M;;6.12M;
2017.09.12 13:01:00;USD;1;10-y Bond Auction;2.25|2.2;;2.18|2.3;;;
2017.09.12 18:45:00;NZD;1;FPI m/m;-0.2%;;0.6%;;;
2017.09.12 19:50:00;JPY;1;BSI Manufacturing Index;-2.9;4.8;9.4;;;
2017.09.12 19:50:00;JPY;1;PPI y/y;2.6%;3.0%;2.9%;;;
2017.09.12 20:30:00;AUD;1;Westpac Consumer Sentiment;-1.2%;;2.5%;;;
2017.09.13 02:00:00;EUR;1;German Final CPI m/m;0.1%;0.1%;0.1%;;;
2017.09.13 02:00:00;EUR;1;German WPI m/m;-0.1%;0.1%;0.3%;;;
2017.09.13 03:00:00;EUR;1;Final Employment Change q/q;0.4%;0.3%;0.4%;;0.5%;
2017.09.13 03:15:00;CHF;2;PPI m/m;0.0%;0.2%;0.3%;;;
2017.09.13 04:30:00;GBP;3;Average Earnings Index 3m/y;2.1%;2.3%;2.1%;;;
2017.09.13 04:30:00;GBP;2;Claimant Count Change;-4.2K;0.8K;-2.8K;;-2.9K;
2017.09.13 04:30:00;GBP;2;Unemployment Rate;4.4%;4.4%;4.3%;;;
2017.09.13 05:00:00;EUR;1;Industrial Production m/m;-0.6%;0.1%;0.1%;;;
2017.09.13 05:35:00;EUR;1;German 10-y Bond Auction;0.41|1.3;;0.39|1.6;;;
2017.09.13 05:38:00;GBP;1;10-y Bond Auction;1.27|2.6;;1.16|2.2;;;
2017.09.13 08:30:00;USD;3;PPI m/m;-0.1%;0.3%;0.2%;;;
2017.09.13 08:30:00;USD;2;Core PPI m/m;-0.1%;0.2%;0.1%;;;
2017.09.13 10:30:00;USD;3;Crude Oil Inventories;4.6M;4.1M;5.9M;;;
2017.09.13 13:01:00;USD;1;30-y Bond Auction;2.82|2.3;;2.79|2.2;;;
2017.09.13 13:59:00;USD;1;Federal Budget Balance;-42.9B;-118.6B;-107.7B;;;
2017.09.13 19:00:00;GBP;1;RICS House Price Balance;1%;0%;6%;;;
2017.09.13 19:15:00;AUD;2;RBA Deputy Gov Debelle Speaks;;;;;;
2017.09.13 21:00:00;AUD;1;MI Inflation Expectations;4.2%;;3.8%;;;
2017.09.13 21:30:00;AUD;3;Employment Change;27.9K;17.5K;54.2K;;29.3K;
2017.09.13 21:30:00;AUD;3;Unemployment Rate;5.6%;5.6%;5.6%;;;
2017.09.13 22:00:00;CNY;3;Industrial Production y/y;6.4%;6.6%;6.0%;;;
2017.09.13 22:00:00;CNY;2;Fixed Asset Investment ytd/y;8.3%;8.2%;7.8%;;;
2017.09.13 22:00:00;CNY;1;Retail Sales y/y;10.4%;10.5%;10.1%;;;
2017.09.13 00:00:00;CNY;1;Foreign Direct Investment ytd/y (Jul Data);-0.1%;;-1.2%;;;
2017.09.13 22:13:00;CNY;1;Foreign Direct Investment ytd/y;-1.2%;;-0.2%;;;
2017.09.14 00:32:00;JPY;1;Revised Industrial Production m/m;-0.8%;-0.8%;-0.8%;;;
2017.09.14 02:45:00;EUR;1;French Final CPI m/m;0.5%;0.5%;0.5%;;;
2017.09.14 03:30:00;CHF;3;Libor Rate;-0.75%;-0.75%;-0.75%;;;
2017.09.14 03:30:00;CHF;3;SNB Monetary Policy Assessment;;;;;;
2017.09.14 07:00:00;GBP;3;Monetary Policy Summary;;;;;;
2017.09.14 07:00:00;GBP;3;MPC Official Bank Rate Votes;2-0-6;2-0-7;2-0-7;;;
2017.09.14 07:00:00;GBP;3;Official Bank Rate;0.25%;0.25%;0.25%;;;
2017.09.14 07:00:00;GBP;2;Asset Purchase Facility;435B;435B;435B;;;
2017.09.14 07:00:00;GBP;2;MPC Asset Purchase Facility Votes;0-0-8;0-0-9;0-0-9;;;
2017.09.14 08:30:00;CAD;2;NHPI m/m;0.2%;0.3%;0.4%;;;
2017.09.14 08:30:00;USD;3;Core CPI m/m;0.1%;0.2%;0.2%;;;
2017.09.14 08:30:00;USD;3;CPI m/m;0.1%;0.3%;0.4%;;;
2017.09.14 08:30:00;USD;3;CPI y/y;1.7%;1.8%;1.9%;;;
2017.09.14 08:30:00;USD;3;Unemployment Claims;298K;303K;284K;;;
2017.09.14 10:30:00;USD;1;Natural Gas Storage;65B;80B;91B;;;
2017.09.14 11:30:00;EUR;2;German Buba President Weidmann Speaks;;;;;;
2017.09.14 18:30:00;NZD;2;BusinessNZ Manufacturing Index;55.4;;57.9;;55.5;
2017.09.15 04:00:00;CNY;1;M2 Money Supply y/y;9.2%;9.1%;8.9%;;;
2017.09.15 04:00:00;CNY;1;New Loans;826B;933B;1090B;;;
2017.09.15 04:50:00;GBP;2;MPC Member Vlieghe Speaks;;;;;;
2017.09.15 05:00:00;EUR;1;Trade Balance;22.3B;20.1B;18.6B;;21.7B;
2017.09.15 00:00:00;EUR;2;ECOFIN Meetings (Day 1);;;;;;
2017.09.15 00:00:00;EUR;2;Eurogroup Meetings (All Day);;;;;;
2017.09.15 07:00:00;GBP;1;BOE Quarterly Bulletin;;;;;;
2017.09.15 08:30:00;USD;3;Core Retail Sales m/m;0.5%;0.5%;0.2%;;0.4%;
2017.09.15 08:30:00;USD;3;Retail Sales m/m;0.6%;0.1%;-0.2%;;0.3%;
2017.09.15 08:30:00;USD;2;Empire State Manufacturing Index;25.2;18.2;24.4;;;
2017.09.15 09:15:00;USD;2;Capacity Utilization Rate;76.7%;76.8%;76.1%;;76.9%;
2017.09.15 09:15:00;USD;2;Industrial Production m/m;0.2%;0.1%;-0.9%;;0.4%;
2017.09.15 09:30:00;GBP;1;CB Leading Index m/m;-0.1%;;-0.1%;;-0.2%;
2017.09.15 10:00:00;USD;2;Prelim UoM Consumer Sentiment;97.6;95.1;95.3;;96.8;
2017.09.15 10:00:00;USD;1;Business Inventories m/m;0.5%;0.2%;0.2%;;;
2017.09.15 10:00:00;USD;1;Prelim UoM Inflation Expectations;2.6%;;2.7%;;;
2017.09.16 00:00:00;EUR;2;ECOFIN Meetings (Day 2);;;;;;
2017.09.17 18:30:00;NZD;1;BusinessNZ Services Index;56.0;;57.3;;;
2017.09.17 19:01:00;GBP;1;Rightmove HPI m/m;-0.9%;;-1.2%;;;
2017.09.17 00:00:00;JPY;0;Bank Holiday (All Day);;;;;;
2017.09.17 21:30:00;AUD;1;New Motor Vehicle Sales m/m;-2.0%;;0.0%;;-2.4%;
2017.09.18 04:02:00;EUR;1;Italian Trade Balance;4.50B;3.89B;6.56B;;;
2017.09.18 05:00:00;EUR;2;Final CPI y/y;1.5%;1.5%;1.5%;;;
2017.09.18 05:00:00;EUR;1;Final Core CPI y/y;1.2%;1.2%;1.2%;;;
2017.09.18 06:00:00;EUR;1;German Buba Monthly Report;;;;;;
2017.09.18 08:30:00;CAD;2;Foreign Securities Purchases;-0.92B;4.46B;23.95B;;-0.86B;
2017.09.18 10:00:00;USD;1;NAHB Housing Market Index;68;67;64;;67;
2017.09.18 10:30:00;AUD;1;CB Leading Index m/m;0.5%;;0.1%;;0.4%;
2017.09.18 11:00:00;GBP;3;BOE Gov Carney Speaks;;;;;;
2017.09.18 14:00:00;CAD;2;Gov Council Member Lane Speaks;;;;;;
2017.09.18 16:00:00;USD;1;TIC Long-Term Purchases;34.4B;42.3B;1.3B;;;
2017.09.18 17:29:00;NZD;1;Westpac Consumer Sentiment;113.4;;112.4;;;
2017.09.18 21:30:00;AUD;3;Monetary Policy Meeting Minutes;;;;;;
2017.09.18 21:30:00;AUD;2;HPI q/q;2.2%;1.2%;1.9%;;;
2017.09.19 04:00:00;EUR;1;Current Account;21.2B;22.3B;25.1B;;22.8B;
2017.09.19 05:00:00;EUR;2;German ZEW Economic Sentiment;10.0;12.3;17.0;;;
2017.09.19 05:00:00;EUR;1;ZEW Economic Sentiment;29.3;32.4;31.7;;;
2017.09.19 05:35:00;GBP;1;30-y Bond Auction;1.83|2.2;;1.87|2.0;;;
2017.09.19 08:30:00;CAD;2;Manufacturing Sales m/m;-1.8%;-1.7%;-2.6%;;-1.9%;
2017.09.19 08:30:00;USD;3;Building Permits;1.22M;1.22M;1.30M;;1.23M;
2017.09.19 08:30:00;USD;2;Current Account;-117B;-115B;-123B;;-114B;
2017.09.19 08:30:00;USD;2;Housing Starts;1.16M;1.17M;1.18M;;1.19M;
2017.09.19 08:30:00;USD;2;Import Prices m/m;0.1%;0.4%;0.6%;;-0.1%;
2017.09.19 10:33:00;NZD;2;GDT Price Index;0.3%;;0.9%;;;
2017.09.19 18:45:00;NZD;2;Current Account;0.24B;-0.82B;-0.62B;;0.22B;
2017.09.19 19:50:00;JPY;1;Trade Balance;0.34T;0.41T;0.37T;;0.36T;
2017.09.19 20:30:00;AUD;1;MI Leading Index m/m;0.1%;;-0.1%;;;
2017.09.19 23:05:00;AUD;2;RBA Assist Gov Ellis Speaks;;;;;;
2017.09.20 02:00:00;EUR;1;German PPI m/m;0.2%;0.1%;0.2%;;;
2017.09.20 04:30:00;GBP;3;Retail Sales m/m;0.3%;0.2%;1.0%;;0.6%;
2017.09.20 05:35:00;EUR;1;German 30-y Bond Auction;1.29|1.8;;1.27|1.8;;;
2017.09.20 09:00:00;CHF;1;SNB Quarterly Bulletin;;;;;;
2017.09.20 10:00:00;USD;2;Existing Home Sales;5.44M;5.46M;5.35M;;;
2017.09.20 10:30:00;USD;3;Crude Oil Inventories;5.9M;2.8M;4.6M;;;
2017.09.20 14:00:00;USD;3;Federal Funds Rate;1.25%;1.25%;1.25%;;;
2017.09.20 14:00:00;USD;3;FOMC Economic Projections;;;;;;
2017.09.20 14:00:00;USD;3;FOMC Statement;;;;;;
2017.09.20 14:30:00;USD;3;FOMC Press Conference;;;;;;
2017.09.20 18:45:00;NZD;3;GDP q/q;0.5%;0.8%;0.8%;;0.6%;
2017.09.20 18:48:00;NZD;1;Visitor Arrivals m/m;-5.3%;;-0.3%;;;
2017.09.20 21:30:00;AUD;1;RBA Bulletin;;;;;;
2017.09.20 23:00:00;NZD;1;Credit Card Spending y/y;7.2%;;6.4%;;7.1%;
2017.09.20 23:15:00;JPY;3;BOJ Policy Rate;-0.10%;-0.10%;-0.10%;;;
2017.09.20 23:15:00;JPY;3;Monetary Policy Statement;;;;;;
2017.09.21 00:30:00;JPY;1;All Industries Activity m/m;0.4%;-0.1%;-0.1%;;0.2%;
2017.09.21 01:10:00;AUD;3;RBA Gov Lowe Speaks;;;;;;
2017.09.21 01:45:00;CHF;1;SECO Economic Forecasts;;;;;;
2017.09.21 02:00:00;CHF;1;Trade Balance;3.51B;2.41B;2.17B;;3.49B;
2017.09.21 02:30:00;JPY;3;BOJ Press Conference;;;;;;
2017.09.21 04:00:00;EUR;1;ECB Economic Bulletin;;;;;;
2017.09.21 04:30:00;GBP;2;Public Sector Net Borrowing;-0.8B;6.5B;5.1B;;-1.3B;
2017.09.21 04:56:00;EUR;1;Spanish 10-y Bond Auction;1.54|2.0;;1.69|1.5;;;
2017.09.21 08:30:00;CAD;2;Wholesale Sales m/m;-0.5%;-0.7%;1.5%;;-0.6%;
2017.09.21 08:30:00;USD;3;Unemployment Claims;284K;302K;259K;;282K;
2017.09.21 08:30:00;USD;2;Philly Fed Manufacturing Index;18.9;17.3;23.8;;;
2017.09.21 09:00:00;USD;1;HPI m/m;0.1%;0.4%;0.2%;;;
2017.09.21 09:30:00;EUR;3;ECB President Draghi Speaks;;;;;;
2017.09.21 09:55:00;EUR;1;Consumer Confidence;-2;-2;-1;;;
2017.09.21 10:00:00;USD;1;CB Leading Index m/m;0.3%;0.3%;0.4%;;;
2017.09.21 10:30:00;USD;1;Natural Gas Storage;91B;93B;97B;;;
2017.09.22 03:00:00;EUR;2;French Flash Manufacturing PMI;55.8;55.6;56.0;;;
2017.09.22 03:00:00;EUR;2;French Flash Services PMI;55.5;54.8;57.1;;54.9;
2017.09.22 03:30:00;EUR;2;German Flash Manufacturing PMI;59.4;59.0;60.6;;59.3;
2017.09.22 03:30:00;EUR;2;German Flash Services PMI;53.4;53.8;55.6;;53.5;
2017.09.22 04:00:00;EUR;2;Flash Manufacturing PMI;57.4;57.2;58.2;;;
2017.09.22 04:00:00;EUR;2;Flash Services PMI;54.9;54.7;55.6;;54.7;
2017.09.22 04:30:00;EUR;3;ECB President Draghi Speaks;;;;;;
2017.09.22 00:00:00;All;2;OPEC-JMMC Meetings (All Day);;;;;;
2017.09.22 06:00:00;GBP;1;CBI Industrial Order Expectations;13;13;7;;;
2017.09.22 08:30:00;CAD;3;Core Retail Sales m/m;0.7%;0.4%;0.2%;;0.4%;
2017.09.22 08:30:00;CAD;3;CPI m/m;0.0%;0.2%;0.1%;;;
2017.09.22 08:30:00;CAD;2;Common CPI y/y;1.4%;;1.5%;;;
2017.09.22 08:30:00;CAD;2;Median CPI y/y;1.7%;;1.7%;;;
2017.09.22 08:30:00;CAD;2;Retail Sales m/m;0.1%;0.2%;0.4%;;;
2017.09.22 08:30:00;CAD;2;Trimmed CPI y/y;1.3%;;1.4%;;;
2017.09.22 08:34:00;CAD;1;Core CPI m/m;-0.1%;;0.0%;;;
2017.09.22 08:59:00;EUR;1;Belgian NBB Business Climate;-2.1;-2.0;-3.5;;;
2017.09.22 09:29:00;GBP;3;Prime Minister May Speaks;;;;;;
2017.09.22 09:45:00;USD;1;Flash Manufacturing PMI;52.5;52.9;53.0;;52.8;
2017.09.22 09:45:00;USD;1;Flash Services PMI;56.9;55.8;55.1;;56.0;
2017.09.22 00:00:00;NZD;3;Parliamentary Elections (All Day);;;;;;
2017.09.23 10:00:00;NZD;0;Daylight Saving Time Shift;;;;;;
2017.09.24 00:00:00;EUR;3;German Federal Elections (All Day);;;;;;
2017.09.24 20:30:00;JPY;1;Flash Manufacturing PMI;52.8;53.4;52.6;;52.2;
2017.09.25 01:35:00;JPY;3;BOJ Gov Kuroda Speaks;;;;;;
2017.09.25 04:00:00;EUR;2;German ifo Business Climate;115.9;116.0;115.2;;;
2017.09.25 04:30:00;GBP;1;FPC Statement;;;;;;
2017.09.25 08:30:00;USD;2;FOMC Member Dudley Speaks;;;;;;
2017.09.25 09:00:00;CNY;1;CB Leading Index m/m;0.9%;;1.1%;;1.0%;
2017.09.25 09:00:00;EUR;3;ECB President Draghi Speaks;;;;;;
2017.09.25 12:40:00;USD;2;FOMC Member Evans Speaks;;;;;;
2017.09.25 17:15:00;AUD;2;RBA Gov Bullock Speaks;;;;;;
2017.09.25 17:45:00;NZD;1;Trade Balance;85M;-825M;-1235M;;98M;
2017.09.25 18:30:00;USD;2;FOMC Member Kashkari Speaks;;;;;;
2017.09.25 19:50:00;JPY;1;Monetary Policy Meeting Minutes;;;;;;
2017.09.25 19:50:00;JPY;1;SPPI y/y;0.6%;0.7%;0.8%;;;
2017.09.25 20:00:00;NZD;2;ANZ Business Confidence;18.3;;0.0;;;
2017.09.26 02:00:00;EUR;1;German Import Prices m/m;-0.4%;0.1%;0.0%;;;
2017.09.26 04:30:00;GBP;1;High Street Lending;41.6K;41.7K;41.8K;;;
2017.09.26 09:00:00;USD;1;S&P/CS Composite-20 HPI y/y;5.7%;5.7%;5.8%;;5.6%;
2017.09.26 09:59:00;USD;1;Richmond Manufacturing Index;14;13;19;;;
2017.09.26 10:00:00;USD;3;CB Consumer Confidence;122.9;119.9;119.8;;120.4;
2017.09.26 10:00:00;USD;2;New Home Sales;571K;585K;560K;;580K;
2017.09.26 10:30:00;USD;2;FOMC Member Brainard Speaks;;;;;;
2017.09.26 12:45:00;USD;3;Fed Chair Yellen Speaks;;;;;;
2017.09.27 02:00:00;CHF;1;UBS Consumption Indicator;1.38;;1.53;;1.46;
2017.09.27 04:00:00;CHF;1;Credit Suisse Economic Expectations;25.0;;28.0;;;
2017.09.27 04:00:00;EUR;2;M3 Money Supply y/y;4.5%;4.6%;5.0%;;;
2017.09.27 04:00:00;EUR;1;Private Loans y/y;2.6%;2.7%;2.7%;;2.7%;
2017.09.27 06:00:00;GBP;1;CBI Realized Sales;-10;6;42;;;
2017.09.27 08:30:00;USD;3;Core Durable Goods Orders m/m;0.5%;0.2%;0.2%;;0.6%;
2017.09.27 08:30:00;USD;2;Durable Goods Orders m/m;-6.8%;1.0%;1.7%;;;
2017.09.27 10:00:00;USD;2;Pending Home Sales m/m;-0.8%;-0.5%;-2.6%;;;
2017.09.27 10:30:00;USD;3;Crude Oil Inventories;4.6M;2.9M;-1.8M;;;
2017.09.27 11:45:00;CAD;3;BOC Gov Poloz Speaks;;;;;;
2017.09.27 14:00:00;USD;2;FOMC Member Brainard Speaks;;;;;;
2017.09.27 15:00:00;USD;1;President Trump Speaks;;;;;;
2017.09.27 16:00:00;NZD;3;Official Cash Rate;1.75%;1.75%;1.75%;;;
2017.09.27 16:00:00;NZD;3;RBNZ Rate Statement;;;;;;
2017.09.28 02:00:00;EUR;1;German GfK Consumer Climate;10.9;11.0;10.8;;;
2017.09.28 00:00:00;EUR;2;German Prelim CPI m/m (All Day);0.1%;0.1%;0.1%;;;
2017.09.28 02:35:00;JPY;3;BOJ Gov Kuroda Speaks;;;;;;
2017.09.28 03:00:00;EUR;2;Spanish Flash CPI y/y;1.6%;1.8%;1.8%;;;
2017.09.28 04:15:00;GBP;3;BOE Gov Carney Speaks;;;;;;
2017.09.28 04:49:00;GBP;3;Prime Minister May Speaks;;;;;;
2017.09.28 05:00:00;AUD;2;RBA Deputy Gov Debelle Speaks;;;;;;
2017.09.28 05:27:00;EUR;1;Italian 10-y Bond Auction;2.09|1.6;;2.19|1.7;;;
2017.09.28 08:30:00;USD;3;Final GDP q/q;3.0%;3.0%;3.1%;;;
2017.09.28 08:30:00;USD;3;Unemployment Claims;259K;269K;272K;;260K;
2017.09.28 08:30:00;USD;1;Final GDP Price Index q/q;1.0%;1.0%;1.0%;;;
2017.09.28 08:30:00;USD;1;Goods Trade Balance;-65.1B;-65.0B;-62.9B;;-63.9B;
2017.09.28 08:30:00;USD;1;Prelim Wholesale Inventories m/m;0.4%;0.4%;1.0%;;0.6%;
2017.09.28 10:00:00;USD;2;FOMC Member Fischer Speaks;;;;;;
2017.09.28 10:30:00;USD;1;Natural Gas Storage;97B;77B;58B;;;
2017.09.28 17:45:00;NZD;1;Building Consents m/m;-0.7%;;10.2%;;1.7%;
2017.09.28 18:05:00;GBP;1;GfK Consumer Confidence;-10;-11;-9;;;
2017.09.28 19:30:00;JPY;1;Household Spending y/y;-0.2%;1.0%;0.6%;;;
2017.09.28 19:30:00;JPY;1;National Core CPI y/y;0.5%;0.7%;0.7%;;;
2017.09.28 19:30:00;JPY;1;Tokyo Core CPI y/y;0.4%;0.5%;0.5%;;;
2017.09.28 19:30:00;JPY;1;Unemployment Rate;2.8%;2.8%;2.8%;;;
2017.09.28 19:50:00;JPY;1;BOJ Summary of Opinions;;;;;;
2017.09.28 19:50:00;JPY;1;Prelim Industrial Production m/m;-0.8%;1.8%;2.1%;;;
2017.09.28 19:50:00;JPY;1;Retail Sales y/y;1.9%;2.5%;1.7%;;1.8%;
2017.09.28 21:30:00;AUD;1;Private Sector Credit m/m;0.5%;0.5%;0.5%;;;
2017.09.29 01:00:00;JPY;1;Housing Starts y/y;-2.3%;0.7%;-2.0%;;;
2017.09.29 02:00:00;EUR;2;German Retail Sales m/m;-1.2%;0.5%;-0.4%;;0.6%;
2017.09.29 02:00:00;GBP;1;Nationwide HPI m/m;-0.1%;0.1%;0.2%;;;
2017.09.29 02:45:00;EUR;1;French Consumer Spending m/m;0.7%;0.2%;-0.3%;;0.6%;
2017.09.29 02:45:00;EUR;1;French Prelim CPI m/m;0.5%;-0.2%;-0.1%;;;
2017.09.29 03:00:00;CHF;2;KOF Economic Barometer;104.1;105.5;105.8;;104.2;
2017.09.29 03:55:00;EUR;1;German Unemployment Change;-5K;-5K;-23K;;-6K;
2017.09.29 04:30:00;GBP;3;Current Account;-16.9B;-15.8B;-23.2B;;-22.3B;
2017.09.29 04:30:00;GBP;2;Final GDP q/q;0.3%;0.3%;0.3%;;;
2017.09.29 04:30:00;GBP;2;Net Lending to Individuals m/m;4.8B;5.0B;5.6B;;;
2017.09.29 04:30:00;GBP;1;Index of Services 3m/3m;0.5%;0.7%;0.5%;;0.4%;
2017.09.29 04:30:00;GBP;1;M4 Money Supply m/m;0.5%;0.2%;0.9%;;0.4%;
2017.09.29 04:30:00;GBP;1;Mortgage Approvals;69K;68K;67K;;68K;
2017.09.29 04:30:00;GBP;1;Revised Business Investment q/q;0.0%;0.0%;0.5%;;;
2017.09.29 05:00:00;EUR;2;Core CPI Flash Estimate y/y;1.2%;1.2%;1.1%;;;
2017.09.29 05:00:00;EUR;2;CPI Flash Estimate y/y;1.5%;1.6%;1.5%;;;
2017.09.29 05:00:00;EUR;1;Italian Prelim CPI m/m;0.3%;-0.2%;-0.3%;;;
2017.09.29 08:30:00;CAD;3;GDP m/m;0.3%;0.1%;0.0%;;;
2017.09.29 08:30:00;CAD;2;RMPI m/m;-0.6%;0.4%;1.0%;;-0.9%;
2017.09.29 08:30:00;CAD;1;IPPI m/m;-1.5%;0.5%;0.3%;;-1.6%;
2017.09.29 08:30:00;USD;2;Core PCE Price Index m/m;0.1%;0.2%;0.1%;;;
2017.09.29 08:30:00;USD;2;Personal Spending m/m;0.3%;0.1%;0.1%;;;
2017.09.29 08:30:00;USD;1;Personal Income m/m;0.4%;0.2%;0.2%;;0.3%;
2017.09.29 09:45:00;GBP;2;MPC Member Broadbent Speaks;;;;;;
2017.09.29 09:45:00;USD;2;Chicago PMI;58.9;58.6;65.2;;;
2017.09.29 10:00:00;GBP;3;BOE Gov Carney Speaks;;;;;;
2017.09.29 10:00:00;USD;2;Revised UoM Consumer Sentiment;95.3;95.3;95.1;;;
2017.09.29 10:00:00;USD;1;Revised UoM Inflation Expectations;2.7%;;2.7%;;;
2017.09.29 11:00:00;USD;2;FOMC Member Harker Speaks;;;;;;
2017.09.29 21:00:00;CNY;2;Manufacturing PMI;51.7;51.5;52.4;;;
2017.09.29 21:00:00;CNY;2;Non-Manufacturing PMI;53.4;;55.4;;;
2017.09.29 21:45:00;CNY;2;Caixin Manufacturing PMI;51.6;51.5;51.0;;;
2017.09.30 12:00:00;AUD;0;Daylight Saving Time Shift;;;;;;
