2017.11.01 01:30:00;AUD;1;Commodity Prices y/y;18.3%;;9.1%;;19.4%;
2017.11.01 03:00:00;GBP;1;Nationwide HPI m/m;0.2%;0.2%;0.2%;;0.4%;
2017.11.01 00:00:00;EUR;0;French Bank Holiday (All Day);;;;;;
2017.11.01 00:00:00;EUR;0;Italian Bank Holiday (All Day);;;;;;
2017.11.01 04:30:00;CHF;1;Manufacturing PMI;61.7;61.4;62.0;;;
2017.11.01 05:30:00;GBP;3;Final Manufacturing PMI;55.9;55.8;56.3;;56.0;
2017.11.01 08:15:00;USD;3;ADP Non-Farm Employment Change;135K;202K;235K;;110K;
2017.11.01 09:30:00;CAD;1;Manufacturing PMI;55.0;;54.3;;;
2017.11.01 09:45:00;USD;1;Final Manufacturing PMI;54.5;54.5;54.6;;;
2017.11.01 10:00:00;USD;3;ISM Manufacturing PMI;60.8;59.5;58.7;;;
2017.11.01 10:00:00;USD;1;Construction Spending m/m;0.5%;-0.1%;0.3%;;0.1%;
2017.11.01 10:00:00;USD;1;ISM Manufacturing Prices;71.5;68.0;68.5;;;
2017.11.01 00:00:00;USD;1;Wards Total Vehicle Sales (All Day);18.5M;17.5M;18.0M;;;
2017.11.01 10:30:00;USD;3;Crude Oil Inventories;0.9M;-1.5M;-2.4M;;;
2017.11.01 00:00:00;USD;1;Total Vehicle Sales (All Day);18.6M;17.5M;18.1M;;;
2017.11.01 13:15:00;CHF;2;Gov Board Member Zurbrugg Speaks;;;;;;
2017.11.01 14:00:00;USD;3;FOMC Statement;;;;;;
2017.11.01 14:00:00;USD;2;Federal Funds Rate;1.25%;1.25%;1.25%;;;
2017.11.01 16:15:00;CAD;3;BOC Gov Poloz Speaks;;;;;;
2017.11.01 19:50:00;JPY;1;Monetary Base y/y;15.6%;15.7%;14.5%;;;
2017.11.01 20:30:00;AUD;3;Goods Trade Balance;0.99B;1.42B;1.75B;;0.87B;
2017.11.01 20:30:00;AUD;2;Building Approvals m/m;0.4%;-0.9%;1.5%;;0.1%;
2017.11.02 01:00:00;JPY;1;Consumer Confidence;43.9;43.6;44.5;;;
2017.11.02 02:45:00;CHF;1;SECO Consumer Climate;-3;0;-2;;;
2017.11.02 04:15:00;CHF;1;Retail Sales y/y;-0.2%;0.3%;-0.4%;;-1.0%;
2017.11.02 04:15:00;EUR;1;Spanish Manufacturing PMI;54.3;54.8;55.8;;;
2017.11.02 04:45:00;EUR;1;Italian Manufacturing PMI;56.3;56.6;57.8;;;
2017.11.02 04:50:00;EUR;1;French Final Manufacturing PMI;56.7;56.7;56.1;;;
2017.11.02 04:55:00;EUR;1;German Final Manufacturing PMI;60.5;60.5;60.6;;;
2017.11.02 04:55:00;EUR;1;German Unemployment Change;-23K;-10K;-11K;;-22K;
2017.11.02 05:00:00;EUR;1;Final Manufacturing PMI;58.6;58.6;58.5;;;
2017.11.02 05:30:00;GBP;3;Construction PMI;48.1;48.3;50.8;;;
2017.11.02 05:44:00;EUR;1;Spanish 10-y Bond Auction;1.63|1.8;;1.46|1.3;;;
2017.11.02 06:00:00;EUR;1;French 10-y Bond Auction;0.88|1.9;;0.76|1.6;;;
2017.11.02 07:30:00;USD;1;Challenger Job Cuts y/y;-27.0%;;-3.0%;;;
2017.11.02 08:00:00;GBP;3;BOE Monetary Policy Report;;;;;;
2017.11.02 08:00:00;GBP;3;Monetary Policy Summary;;;;;;
2017.11.02 08:00:00;GBP;3;MPC Official Bank Rate Votes;2-0-7;6-0-3;7-0-2;;;
2017.11.02 08:00:00;GBP;3;Official Bank Rate;0.25%;0.50%;0.50%;;;
2017.11.02 08:00:00;GBP;2;Asset Purchase Facility;435B;435B;435B;;;
2017.11.02 08:00:00;GBP;2;MPC Asset Purchase Facility Votes;0-0-9;0-0-9;0-0-9;;;
2017.11.02 08:30:00;GBP;3;BOE Gov Carney Speaks;;;;;;
2017.11.02 08:30:00;USD;3;Unemployment Claims;233K;235K;229K;;234K;
2017.11.02 08:30:00;USD;2;FOMC Member Powell Speaks;;;;;;
2017.11.02 08:30:00;USD;2;Prelim Nonfarm Productivity q/q;0.9%;2.5%;3.0%;;1.5%;
2017.11.02 08:30:00;USD;2;Prelim Unit Labor Costs q/q;0.6%;0.5%;0.5%;;0.2%;
2017.11.02 10:30:00;USD;1;Natural Gas Storage;64B;63B;65B;;;
2017.11.02 12:20:00;USD;2;FOMC Member Dudley Speaks;;;;;;
2017.11.02 18:30:00;AUD;1;AIG Services Index;52.1;;51.4;;;
2017.11.02 00:00:00;JPY;0;Bank Holiday (All Day);;;;;;
2017.11.02 20:30:00;AUD;3;Retail Sales m/m;-0.6%;0.4%;0.0%;;-0.5%;
2017.11.02 21:45:00;CNY;2;Caixin Services PMI;50.6;50.8;51.2;;;
2017.11.03 05:00:00;EUR;2;Spanish Unemployment Change;27.9K;44.6K;56.8K;;;
2017.11.03 05:30:00;GBP;3;Final Services PMI;53.6;53.3;55.6;;;
2017.11.03 08:30:00;CAD;3;Employment Change;10.0K;15.3K;35.3K;;;
2017.11.03 08:30:00;CAD;3;Trade Balance;-3.4B;-3.0B;-3.2B;;-3.2B;
2017.11.03 08:30:00;CAD;3;Unemployment Rate;6.2%;6.2%;6.3%;;;
2017.11.03 08:30:00;USD;3;Average Hourly Earnings m/m;0.5%;0.2%;0.0%;;;
2017.11.03 08:30:00;USD;3;Non-Farm Employment Change;-33K;312K;261K;;18K;
2017.11.03 08:30:00;USD;3;Unemployment Rate;4.2%;4.2%;4.1%;;;
2017.11.03 08:30:00;USD;2;Trade Balance;-42.4B;-43.3B;-43.5B;;-42.8B;
2017.11.03 09:45:00;USD;1;Final Services PMI;55.9;55.7;55.3;;;
2017.11.03 10:00:00;USD;3;ISM Services PMI;59.8;58.5;60.1;;;
2017.11.03 10:00:00;USD;2;Factory Orders m/m;1.2%;1.3%;1.4%;;;
2017.11.03 12:15:00;USD;2;FOMC Member Kashkari Speaks;;;;;;
2017.11.05 02:00:00;CAD;0;Daylight Saving Time Shift;;;;;;
2017.11.05 02:00:00;USD;0;Daylight Saving Time Shift;;;;;;
2017.11.05 18:50:00;JPY;1;Monetary Policy Meeting Minutes;;;;;;
2017.11.05 19:00:00;AUD;1;MI Inflation Gauge m/m;0.3%;;0.3%;;;
2017.11.05 19:00:00;NZD;1;ANZ Commodity Prices m/m;0.8%;;-0.3%;;;
2017.11.05 19:30:00;AUD;1;ANZ Job Advertisements m/m;0.0%;;1.4%;;-0.7%;
2017.11.05 20:00:00;JPY;3;BOJ Gov Kuroda Speaks;;;;;;
2017.11.05 21:00:00;NZD;3;Inflation Expectations q/q;2.09%;;2.02%;;;
2017.11.06 02:00:00;EUR;1;German Factory Orders m/m;3.6%;-1.0%;1.0%;;4.1%;
2017.11.06 03:15:00;CHF;1;CPI m/m;0.2%;0.1%;0.1%;;;
2017.11.06 03:15:00;EUR;1;Spanish Services PMI;56.7;55.7;54.6;;;
2017.11.06 03:45:00;EUR;1;Italian Services PMI;53.2;53.1;52.1;;;
2017.11.06 03:50:00;EUR;1;French Final Services PMI;57.4;57.4;57.3;;;
2017.11.06 03:55:00;EUR;1;German Final Services PMI;55.2;55.2;54.7;;;
2017.11.06 04:00:00;EUR;1;Final Services PMI;54.9;54.9;55.0;;;
2017.11.06 04:30:00;EUR;1;Sentix Investor Confidence;29.7;31.2;34.0;;;
2017.11.06 05:00:00;EUR;1;PPI m/m;0.3%;0.4%;0.6%;;;
2017.11.06 00:00:00;EUR;2;Eurogroup Meetings (All Day);;;;;;
2017.11.06 10:00:00;CAD;2;Ivey PMI;59.6;60.2;63.8;;;
2017.11.06 12:10:00;USD;2;FOMC Member Dudley Speaks;;;;;;
2017.11.06 14:00:00;USD;1;Loan Officer Survey;;;;;;
2017.11.06 17:30:00;AUD;1;AIG Construction Index;54.7;;53.2;;;
2017.11.06 19:00:00;JPY;1;Average Cash Earnings y/y;0.9%;0.6%;0.9%;;0.7%;
2017.11.06 19:01:00;GBP;1;BRC Retail Sales Monitor y/y;1.9%;;-1.0%;;;
2017.11.06 22:30:00;AUD;3;RBA Rate Statement;;;;;;
2017.11.06 22:30:00;AUD;2;Cash Rate;1.50%;1.50%;1.50%;;;
2017.11.07 02:00:00;EUR;1;German Industrial Production m/m;2.6%;-0.7%;-1.6%;;;
2017.11.07 03:00:00;CHF;1;Foreign Currency Reserves;724B;;742B;;;
2017.11.07 03:30:00;EUR;1;French Gov Budget Balance;-93.0B;;-76.3B;;;
2017.11.07 03:30:00;GBP;2;Halifax HPI m/m;0.8%;0.2%;0.3%;;;
2017.11.07 04:00:00;EUR;3;ECB President Draghi Speaks;;;;;;
2017.11.07 04:00:00;EUR;1;Italian Retail Sales m/m;-0.3%;0.2%;0.9%;;-0.2%;
2017.11.07 04:10:00;EUR;1;Retail PMI;52.3;;51.1;;;
2017.11.07 05:00:00;EUR;1;Retail Sales m/m;-0.5%;0.6%;0.7%;;-0.1%;
2017.11.07 00:00:00;EUR;1;ECOFIN Meetings (All Day);;;;;;
2017.11.07 09:31:00;NZD;2;GDT Price Index;-1.0%;;-3.5%;;;
2017.11.07 10:00:00;USD;1;JOLTS Job Openings;6.08M;5.98M;6.09M;;6.09M;
2017.11.07 10:00:00;USD;1;RCM/TIPP Economic Optimism;50.3;51.2;53.6;;;
2017.11.07 12:35:00;USD;2;FOMC Member Quarles Speaks;;;;;;
2017.11.07 12:55:00;CAD;3;BOC Gov Poloz Speaks;;;;;;
2017.11.07 14:30:00;USD;3;Fed Chair Yellen Speaks;;;;;;
2017.11.07 15:00:00;USD;1;Consumer Credit m/m;13.1B;18.4B;20.8B;;;
2017.11.07 22:40:00;CNY;2;Trade Balance;193B;275B;254B;;;
2017.11.07 22:50:00;CNY;1;USD-Denominated Trade Balance;28.5B;39.4B;38.2B;;;
2017.11.08 00:00:00;JPY;1;Leading Indicators;106.8%;106.7%;106.6%;;107.2%;
2017.11.08 02:45:00;EUR;1;French Trade Balance;-4.5B;-4.7B;-4.7B;;-4.2B;
2017.11.08 08:13:00;CAD;1;Housing Starts;217K;211K;223K;;219K;
2017.11.08 08:30:00;CAD;2;Building Permits m/m;-5.5%;0.7%;3.8%;;-5.1%;
2017.11.08 10:30:00;USD;3;Crude Oil Inventories;-2.4M;-2.5M;2.2M;;;
2017.11.08 13:01:00;USD;1;10-y Bond Auction;2.35|2.5;;2.31|2.5;;;
2017.11.08 15:00:00;NZD;3;RBNZ Rate Statement;;;;;;
2017.11.08 15:00:00;NZD;2;Official Cash Rate;1.75%;1.75%;1.75%;;;
2017.11.08 15:00:00;NZD;2;RBNZ Monetary Policy Statement;;;;;;
2017.11.08 16:00:00;NZD;3;RBNZ Press Conference;;;;;;
2017.11.08 18:50:00;JPY;1;Bank Lending y/y;3.0%;3.0%;2.8%;;2.9%;
2017.11.08 18:50:00;JPY;1;BOJ Summary of Opinions;;;;;;
2017.11.08 18:50:00;JPY;1;Core Machinery Orders m/m;3.4%;-1.8%;-8.1%;;;
2017.11.08 18:50:00;JPY;1;Current Account;2.27T;2.05T;1.84T;;;
2017.11.08 19:01:00;GBP;1;RICS House Price Balance;6%;4%;1%;;;
2017.11.08 19:30:00;AUD;1;Home Loans m/m;1.0%;2.5%;-2.3%;;1.5%;
2017.11.08 20:30:00;CNY;2;CPI y/y;1.6%;1.8%;1.9%;;;
2017.11.08 20:30:00;CNY;2;PPI y/y;6.9%;6.6%;6.9%;;;
2017.11.08 22:45:00;JPY;1;30-y Bond Auction;0.88|4.0;;0.79|3.4;;;
2017.11.09 00:00:00;JPY;1;Economy Watchers Sentiment;51.3;50.7;52.2;;;
2017.11.09 01:45:00;CHF;1;Unemployment Rate;3.1%;3.1%;3.1%;;;
2017.11.09 02:00:00;EUR;1;German Trade Balance;21.6B;21.0B;21.8B;;21.3B;
2017.11.09 04:00:00;EUR;1;ECB Economic Bulletin;;;;;;
2017.11.09 05:00:00;EUR;2;EU Economic Forecasts;;;;;;
2017.11.09 08:30:00;CAD;2;NHPI m/m;0.1%;0.2%;0.2%;;;
2017.11.09 08:30:00;USD;3;Unemployment Claims;229K;232K;239K;;;
2017.11.09 10:00:00;USD;1;Final Wholesale Inventories m/m;0.3%;0.3%;0.3%;;;
2017.11.09 10:30:00;USD;1;Natural Gas Storage;65B;15B;15B;;;
2017.11.09 11:30:00;CHF;3;SNB Chairman Jordan Speaks;;;;;;
2017.11.09 13:01:00;USD;1;30-y Bond Auction;2.87|2.5;;2.80|2.2;;;
2017.11.09 18:50:00;JPY;1;M2 Money Stock y/y;4.1%;4.1%;4.1%;;4.0%;
2017.11.09 19:30:00;AUD;3;RBA Monetary Policy Statement;;;;;;
2017.11.09 23:30:00;JPY;1;Tertiary Industry Activity m/m;-0.2%;-0.1%;-0.2%;;-0.1%;
2017.11.10 02:45:00;EUR;1;French Industrial Production m/m;-0.3%;0.6%;0.6%;;-0.2%;
2017.11.10 02:45:00;EUR;1;French Prelim Private Payrolls q/q;0.5%;0.3%;0.2%;;0.4%;
2017.11.10 04:00:00;EUR;1;Italian Industrial Production m/m;1.2%;-0.3%;-1.3%;;;
2017.11.10 04:30:00;GBP;3;Manufacturing Production m/m;0.4%;0.3%;0.7%;;;
2017.11.10 04:30:00;GBP;2;Goods Trade Balance;-14.2B;-12.9B;-11.3B;;-12.4B;
2017.11.10 04:30:00;GBP;1;Construction Output m/m;0.6%;-0.6%;-1.6%;;0.8%;
2017.11.10 04:30:00;GBP;1;Industrial Production m/m;0.2%;0.3%;0.7%;;0.3%;
2017.11.10 07:02:00;GBP;1;NIESR GDP Estimate;0.4%;;0.5%;;;
2017.11.10 10:00:00;USD;2;Prelim UoM Consumer Sentiment;101.1;100.8;97.8;;100.7;
2017.11.10 10:00:00;USD;1;Prelim UoM Inflation Expectations;2.3%;;2.6%;;2.4%;
2017.11.11 05:00:00;EUR;3;ECB President Draghi Speaks;;;;;;
2017.11.12 17:00:00;AUD;2;RBA Deputy Gov Debelle Speaks;;;;;;
2017.11.12 18:50:00;JPY;1;PPI y/y;3.0%;3.1%;3.4%;;3.1%;
2017.11.12 19:01:00;GBP;1;Rightmove HPI m/m;1.1%;;-0.8%;;;
2017.11.12 19:10:00;USD;2;FOMC Member Harker Speaks;;;;;;
2017.11.13 01:00:00;JPY;1;Prelim Machine Tool Orders y/y;45.3%;;49.9%;;45.0%;
2017.11.13 02:00:00;EUR;1;German WPI m/m;0.6%;0.4%;0.0%;;;
2017.11.13 03:00:00;CNY;1;M2 Money Supply y/y;9.2%;9.2%;8.8%;;;
2017.11.13 03:00:00;CNY;1;New Loans;1270B;781B;663B;;;
2017.11.13 00:00:00;CAD;0;Bank Holiday (All Day);;;;;;
2017.11.13 12:45:00;JPY;3;BOJ Gov Kuroda Speaks;;;;;;
2017.11.13 14:00:00;USD;1;Federal Budget Balance;8.0B;-58.2B;-63.2B;;;
2017.11.13 19:30:00;AUD;2;NAB Business Confidence;7;;8;;8;
2017.11.13 21:00:00;CNY;3;Industrial Production y/y;6.6%;6.3%;6.2%;;;
2017.11.13 21:00:00;CNY;2;Fixed Asset Investment ytd/y;7.5%;7.3%;7.3%;;;
2017.11.13 21:00:00;CNY;1;Retail Sales y/y;10.3%;10.5%;10.0%;;;
2017.11.13 22:34:00;CNY;1;Foreign Direct Investment ytd/y;1.6%;;1.9%;;;
2017.11.14 02:00:00;EUR;2;German Prelim GDP q/q;0.6%;0.6%;0.8%;;;
2017.11.14 02:00:00;EUR;1;German Final CPI m/m;0.0%;0.0%;0.0%;;;
2017.11.14 03:05:00;USD;2;FOMC Member Evans Speaks;;;;;;
2017.11.14 03:15:00;CHF;2;PPI m/m;0.5%;0.2%;0.5%;;;
2017.11.14 04:00:00;EUR;1;Italian Prelim GDP q/q;0.4%;0.5%;0.5%;;0.3%;
2017.11.14 04:30:00;GBP;3;CPI y/y;3.0%;3.1%;3.0%;;;
2017.11.14 04:30:00;GBP;2;PPI Input m/m;0.4%;0.8%;1.0%;;0.2%;
2017.11.14 04:30:00;GBP;2;RPI y/y;3.9%;4.1%;4.0%;;;
2017.11.14 04:30:00;GBP;1;Core CPI y/y;2.7%;2.8%;2.7%;;;
2017.11.14 04:30:00;GBP;1;HPI y/y;5.0%;5.2%;5.4%;;4.8%;
2017.11.14 04:30:00;GBP;1;PPI Output m/m;0.2%;0.3%;0.2%;;;
2017.11.14 05:00:00;EUR;3;ECB President Draghi Speaks;;;;;;
2017.11.14 05:00:00;EUR;2;Flash GDP q/q;0.6%;0.6%;0.6%;;;
2017.11.14 05:00:00;EUR;2;German ZEW Economic Sentiment;17.6;19.8;18.7;;;
2017.11.14 05:00:00;EUR;1;Industrial Production m/m;1.4%;-0.6%;-0.6%;;;
2017.11.14 05:00:00;EUR;1;ZEW Economic Sentiment;26.7;29.3;30.9;;;
2017.11.14 05:00:00;GBP;3;BOE Gov Carney Speaks;;;;;;
2017.11.14 05:00:00;JPY;3;BOJ Gov Kuroda Speaks;;;;;;
2017.11.14 05:00:00;USD;3;Fed Chair Yellen Speaks;;;;;;
2017.11.14 06:00:00;USD;1;NFIB Small Business Index;103.0;104.2;103.8;;;
2017.11.14 08:30:00;USD;3;PPI m/m;0.4%;0.1%;0.4%;;;
2017.11.14 08:30:00;USD;2;Core PPI m/m;0.4%;0.2%;0.4%;;;
2017.11.14 12:30:00;GBP;2;MPC Member Cunliffe Speaks;;;;;;
2017.11.14 18:30:00;AUD;1;Westpac Consumer Sentiment;3.6%;;-1.7%;;;
2017.11.14 18:50:00;JPY;2;Prelim GDP q/q;1.0%;0.4%;0.3%;;0.6%;
2017.11.14 18:50:00;JPY;1;Prelim GDP Price Index y/y;-0.4%;0.1%;0.1%;;;
2017.11.14 19:30:00;AUD;2;Wage Price Index q/q;0.5%;0.7%;0.5%;;;
2017.11.14 23:33:00;JPY;1;Revised Industrial Production m/m;-1.1%;-1.1%;-1.0%;;;
2017.11.15 02:00:00;AUD;2;RBA Assist Gov Ellis Speaks;;;;;;
2017.11.15 02:45:00;EUR;1;French Final CPI m/m;0.1%;0.1%;0.1%;;;
2017.11.15 03:00:00;USD;2;FOMC Member Evans Speaks;;;;;;
2017.11.15 04:30:00;GBP;3;Average Earnings Index 3m/y;2.2%;2.1%;2.2%;;2.3%;
2017.11.15 04:30:00;GBP;2;Claimant Count Change;1.7K;2.0K;1.1K;;2.6K;
2017.11.15 04:30:00;GBP;2;Unemployment Rate;4.3%;4.3%;4.3%;;;
2017.11.15 05:00:00;EUR;1;Trade Balance;21.6B;21.2B;25.0B;;21.0B;
2017.11.15 05:35:00;EUR;1;German 10-y Bond Auction;0.48|1.7;;0.36|1.2;;;
2017.11.15 08:00:00;GBP;3;MPC Member Broadbent Speaks;;;;;;
2017.11.15 08:30:00;USD;3;Core CPI m/m;0.1%;0.2%;0.2%;;;
2017.11.15 08:30:00;USD;3;Core Retail Sales m/m;1.0%;0.2%;0.1%;;1.2%;
2017.11.15 08:30:00;USD;3;CPI m/m;0.5%;0.1%;0.1%;;;
2017.11.15 08:30:00;USD;3;CPI y/y;2.2%;2.0%;2.0%;;;
2017.11.15 08:30:00;USD;3;Retail Sales m/m;1.6%;0.0%;0.2%;;1.9%;
2017.11.15 08:30:00;USD;2;Empire State Manufacturing Index;30.2;25.5;19.4;;;
2017.11.15 09:36:00;GBP;1;CB Leading Index m/m;-0.1%;;-0.2%;;-0.2%;
2017.11.15 10:00:00;USD;1;Business Inventories m/m;0.7%;0.0%;0.0%;;0.6%;
2017.11.15 10:30:00;USD;3;Crude Oil Inventories;2.2M;-2.1M;1.9M;;;
2017.11.15 16:00:00;USD;1;TIC Long-Term Purchases;67.2B;34.6B;80.9B;;73.2B;
2017.11.15 18:45:00;CAD;2;Gov Council Member Wilkins Speaks;;;;;;
2017.11.15 18:59:00;AUD;1;MI Inflation Expectations;4.3%;;3.7%;;;
2017.11.15 19:30:00;AUD;3;Employment Change;19.8K;17.8K;3.7K;;26.6K;
2017.11.15 19:30:00;AUD;3;Unemployment Rate;5.5%;5.5%;5.4%;;;
2017.11.16 04:00:00;EUR;1;Italian Trade Balance;2.77B;3.42B;3.99B;;2.76B;
2017.11.16 04:30:00;GBP;3;Retail Sales m/m;-0.8%;0.1%;0.3%;;-0.7%;
2017.11.16 04:48:00;EUR;1;Spanish 10-y Bond Auction;1.46|1.3;;1.54|1.5;;;
2017.11.16 05:00:00;EUR;2;Final CPI y/y;1.4%;1.4%;1.4%;;;
2017.11.16 05:00:00;EUR;1;Final Core CPI y/y;0.9%;0.9%;0.9%;;;
2017.11.16 05:36:00;GBP;1;10-y Bond Auction;1.32|2.1;;1.34|2.3;;;
2017.11.16 08:30:00;CAD;2;Foreign Securities Purchases;9.85B;10.68B;16.81B;;9.77B;
2017.11.16 08:30:00;CAD;2;Manufacturing Sales m/m;1.6%;-0.4%;0.5%;;1.4%;
2017.11.16 08:30:00;USD;3;Unemployment Claims;239K;235K;249K;;;
2017.11.16 08:30:00;USD;2;Import Prices m/m;0.7%;0.4%;0.2%;;0.8%;
2017.11.16 08:38:00;USD;2;Philly Fed Manufacturing Index;27.9;24.5;22.7;;;
2017.11.16 08:40:00;CAD;2;ADP Non-Farm Employment Change;;;-5.7K;;;
2017.11.16 09:00:00;GBP;2;BOE Gov Carney Speaks;;;;;;
2017.11.16 09:15:00;USD;2;Capacity Utilization Rate;76.0%;76.3%;77.0%;;76.4%;
2017.11.16 09:15:00;USD;2;Industrial Production m/m;0.3%;0.5%;0.9%;;0.4%;
2017.11.16 10:00:00;USD;1;NAHB Housing Market Index;68;67;70;;;
2017.11.16 10:30:00;CAD;1;BOC Review;;;;;;
2017.11.16 10:30:00;USD;1;Natural Gas Storage;15B;-15B;-18B;;;
2017.11.16 12:00:00;CHF;2;Gov Board Member Maechler Speaks;;;;;;
2017.11.16 13:20:00;USD;2;FOMC Member Kaplan Speaks;;;;;;
2017.11.16 15:45:00;USD;2;FOMC Member Brainard Speaks;;;;;;
2017.11.16 16:30:00;NZD;2;BusinessNZ Manufacturing Index;57.5;;57.2;;57.6;
2017.11.16 16:45:00;NZD;2;PPI Input q/q;1.4%;1.2%;1.0%;;;
2017.11.16 16:45:00;NZD;1;PPI Output q/q;1.3%;1.4%;1.0%;;;
2017.11.16 19:30:00;AUD;1;New Motor Vehicle Sales m/m;-0.5%;;0.0%;;-0.4%;
2017.11.17 03:30:00;EUR;3;ECB President Draghi Speaks;;;;;;
2017.11.17 04:00:00;EUR;1;Current Account;33.3B;30.2B;37.8B;;34.5B;
2017.11.17 08:00:00;EUR;2;German Buba President Weidmann Speaks;;;;;;
2017.11.17 08:30:00;CAD;3;CPI m/m;0.2%;0.1%;0.1%;;;
2017.11.17 08:30:00;CAD;2;Common CPI y/y;1.5%;;1.6%;;;
2017.11.17 08:30:00;CAD;2;Median CPI y/y;1.8%;;1.7%;;;
2017.11.17 08:30:00;CAD;2;Trimmed CPI y/y;1.5%;;1.5%;;;
2017.11.17 08:30:00;CAD;1;Core CPI m/m;0.2%;;0.3%;;;
2017.11.17 08:30:00;USD;3;Building Permits;1.22M;1.25M;1.30M;;1.23M;
2017.11.17 08:30:00;USD;2;Housing Starts;1.13M;1.19M;1.29M;;1.14M;
2017.11.17 10:00:00;USD;2;Mortgage Delinquencies;4.24%;;4.88%;;;
2017.11.17 10:30:00;AUD;1;CB Leading Index m/m;0.1%;;0.2%;;0.2%;
2017.11.19 16:30:00;NZD;1;BusinessNZ Services Index;56.0;;55.6;;55.9;
2017.11.19 16:45:00;NZD;1;FPI m/m;-0.2%;;-1.1%;;;
2017.11.19 18:50:00;JPY;1;Trade Balance;0.24T;0.21T;0.32T;;0.27T;
2017.11.20 02:00:00;EUR;1;German PPI m/m;0.3%;0.2%;0.3%;;;
2017.11.20 06:00:00;EUR;1;German Buba Monthly Report;;;;;;
2017.11.20 09:00:00;EUR;3;ECB President Draghi Speaks;;;;;;
2017.11.20 09:02:00;CNY;1;CB Leading Index m/m;1.0%;;1.3%;;1.3%;
2017.11.20 10:00:00;USD;1;CB Leading Index m/m;-0.2%;0.6%;1.2%;;0.1%;
2017.11.20 11:00:00;EUR;3;ECB President Draghi Speaks;;;;;;
2017.11.20 13:30:00;GBP;2;MPC Member Ramsden Speaks;;;;;;
2017.11.20 19:30:00;AUD;3;Monetary Policy Meeting Minutes;;;;;;
2017.11.20 20:59:00;NZD;1;Credit Card Spending y/y;4.9%;;2.9%;;;
2017.11.20 22:50:00;AUD;2;RBA Gov Bullock Speaks;;;;;;
2017.11.20 23:30:00;JPY;1;All Industries Activity m/m;0.1%;-0.4%;-0.5%;;0.2%;
2017.11.21 02:00:00;CHF;1;Trade Balance;2.92B;3.21B;2.33B;;;
2017.11.21 04:05:00;AUD;3;RBA Gov Lowe Speaks;;;;;;
2017.11.21 04:30:00;GBP;2;Public Sector Net Borrowing;5.3B;6.6B;7.5B;;4.4B;
2017.11.21 05:00:00;GBP;3;Monetary Policy Report Hearings;;;;;;
2017.11.21 06:00:00;GBP;1;CBI Industrial Order Expectations;-2;3;17;;;
2017.11.21 08:30:00;CAD;2;Wholesale Sales m/m;0.5%;0.6%;-1.2%;;0.4%;
2017.11.21 09:13:00;NZD;2;GDT Price Index;-3.5%;;-3.4%;;;
2017.11.21 10:00:00;USD;2;Existing Home Sales;5.39M;5.42M;5.48M;;5.37M;
2017.11.21 16:45:00;NZD;1;Visitor Arrivals m/m;0.3%;;1.9%;;0.4%;
2017.11.21 18:00:00;USD;3;Fed Chair Yellen Speaks;;;;;;
2017.11.21 18:30:00;AUD;1;MI Leading Index m/m;0.1%;;0.1%;;;
2017.11.21 19:30:00;AUD;2;Construction Work Done q/q;9.3%;-2.1%;15.7%;;9.8%;
2017.11.22 05:34:00;EUR;1;German 30-y Bond Auction;1.22|1.7;;1.20|1.7;;;
2017.11.22 07:30:00;GBP;3;Autumn Forecast Statement;;;;;;
2017.11.22 08:30:00;USD;3;Core Durable Goods Orders m/m;0.7%;0.4%;0.4%;;1.1%;
2017.11.22 08:30:00;USD;3;Unemployment Claims;249K;241K;239K;;252K;
2017.11.22 08:30:00;USD;2;Durable Goods Orders m/m;2.2%;0.4%;-1.2%;;2.0%;
2017.11.22 10:00:00;EUR;1;Consumer Confidence;-1;-1;0;;;
2017.11.22 10:00:00;USD;2;Revised UoM Consumer Sentiment;97.8;98.2;98.5;;;
2017.11.22 10:00:00;USD;1;Revised UoM Inflation Expectations;2.6%;;2.5%;;;
2017.11.22 10:30:00;USD;3;Crude Oil Inventories;1.9M;-1.4M;-1.9M;;;
2017.11.22 12:00:00;USD;1;Natural Gas Storage;-18B;-51B;-46B;;;
2017.11.22 14:00:00;USD;3;FOMC Meeting Minutes;;;;;;
2017.11.22 16:45:00;NZD;3;Retail Sales q/q;2.0%;0.4%;0.2%;;1.8%;
2017.11.22 16:49:00;NZD;2;Core Retail Sales q/q;2.1%;0.9%;0.5%;;1.9%;
2017.11.22 00:00:00;JPY;0;Bank Holiday (All Day);;;;;;
2017.11.23 02:00:00;EUR;1;German Final GDP q/q;0.8%;0.8%;0.8%;;;
2017.11.23 03:00:00;EUR;2;French Flash Manufacturing PMI;56.7;55.9;57.5;;56.1;
2017.11.23 03:00:00;EUR;2;French Flash Services PMI;57.4;57.1;60.2;;57.3;
2017.11.23 03:30:00;EUR;2;German Flash Manufacturing PMI;60.5;60.4;62.5;;60.6;
2017.11.23 03:30:00;EUR;2;German Flash Services PMI;55.2;55.2;54.9;;54.7;
2017.11.23 04:00:00;EUR;2;Flash Manufacturing PMI;58.6;58.3;60.0;;58.5;
2017.11.23 04:00:00;EUR;2;Flash Services PMI;54.9;55.3;56.2;;55.0;
2017.11.23 04:30:00;GBP;3;Second Estimate GDP q/q;0.4%;0.4%;0.4%;;;
2017.11.23 04:30:00;GBP;2;Prelim Business Investment q/q;0.0%;0.3%;0.2%;;0.5%;
2017.11.23 04:30:00;GBP;1;Index of Services 3m/3m;0.4%;0.4%;0.4%;;0.5%;
2017.11.23 06:00:00;GBP;1;CBI Realized Sales;-36;5;26;;;
2017.11.23 07:30:00;EUR;2;ECB Monetary Policy Meeting Accounts;;;;;;
2017.11.23 00:00:00;USD;0;Bank Holiday (All Day);;;;;;
2017.11.23 08:30:00;CAD;3;Core Retail Sales m/m;-0.7%;0.9%;0.3%;;-0.4%;
2017.11.23 08:30:00;CAD;2;Retail Sales m/m;-0.3%;0.9%;0.1%;;-0.1%;
2017.11.23 08:59:00;EUR;1;Belgian NBB Business Climate;0.5;0.8;1.6;;;
2017.11.23 11:30:00;CHF;3;SNB Chairman Jordan Speaks;;;;;;
2017.11.23 16:45:00;NZD;2;Trade Balance;-1143M;-750M;-871M;;-1156M;
2017.11.23 19:30:00;JPY;1;Flash Manufacturing PMI;52.5;52.6;53.8;;52.8;
2017.11.24 04:00:00;EUR;2;German ifo Business Climate;116.7;116.6;117.5;;116.8;
2017.11.24 04:30:00;GBP;1;High Street Lending;41.6K;40.9K;40.5K;;;
2017.11.24 08:30:00;CAD;1;Corporate Profits q/q;0.1%;;8.5%;;;
2017.11.24 09:45:00;USD;1;Flash Manufacturing PMI;54.5;55.1;53.8;;54.6;
2017.11.24 09:45:00;USD;1;Flash Services PMI;55.9;55.5;54.7;;55.3;
2017.11.26 18:50:00;JPY;1;SPPI y/y;0.9%;0.9%;0.8%;;;
2017.11.27 09:30:00;GBP;2;MPC Member Haldane Speaks;;;;;;
2017.11.27 10:00:00;USD;2;New Home Sales;667K;627K;685K;;645K;
2017.11.27 18:30:00;USD;2;FOMC Member Kashkari Speaks;;;;;;
2017.11.27 19:00:00;USD;2;FOMC Member Dudley Speaks;;;;;;
2017.11.28 02:00:00;EUR;1;German Import Prices m/m;0.9%;0.4%;0.6%;;;
2017.11.28 02:00:00;GBP;3;Bank Stress Test Results;;;;;;
2017.11.28 02:00:00;GBP;2;BOE Financial Stability Report;;;;;;
2017.11.28 02:00:00;GBP;1;FPC Statement;;;;;;
2017.11.28 02:30:00;GBP;3;BOE Gov Carney Speaks;;;;;;
2017.11.28 04:00:00;EUR;2;M3 Money Supply y/y;5.1%;5.1%;5.0%;;5.2%;
2017.11.28 04:00:00;EUR;1;Private Loans y/y;2.7%;2.8%;2.7%;;;
2017.11.28 07:00:00;EUR;1;German GfK Consumer Climate;10.7;10.8;10.7;;;
2017.11.28 08:30:00;CAD;2;RMPI m/m;-0.1%;3.0%;3.8%;;-0.2%;
2017.11.28 08:30:00;CAD;1;IPPI m/m;-0.3%;0.5%;1.0%;;;
2017.11.28 08:30:00;USD;1;Goods Trade Balance;-64.1B;-65.0B;-68.3B;;;
2017.11.28 08:30:00;USD;1;Prelim Wholesale Inventories m/m;0.3%;0.5%;-0.4%;;0.1%;
2017.11.28 09:00:00;USD;1;HPI m/m;0.7%;0.6%;0.3%;;0.8%;
2017.11.28 09:00:00;USD;1;S&P/CS Composite-20 HPI y/y;5.9%;6.0%;6.2%;;5.8%;
2017.11.28 09:15:00;USD;2;FOMC Member Dudley Speaks;;;;;;
2017.11.28 09:45:00;USD;3;Fed Chair Powell Testifies;;;;;;
2017.11.28 09:59:00;USD;1;Richmond Manufacturing Index;12;14;30;;;
2017.11.28 10:00:00;USD;3;CB Consumer Confidence;125.9;123.9;129.5;;126.2;
2017.11.28 10:15:00;USD;2;FOMC Member Harker Speaks;;;;;;
2017.11.28 10:30:00;CAD;1;BOC Financial System Review;;;;;;
2017.11.28 11:30:00;CAD;3;BOC Gov Poloz Speaks;;;;;;
2017.11.28 15:00:00;NZD;3;RBNZ Financial Stability Report;;;;;;
2017.11.28 15:45:00;USD;3;Treasury Sec Mnuchin Speaks;;;;;;
2017.11.28 18:50:00;JPY;1;Retail Sales y/y;2.2%;0.1%;-0.2%;;2.3%;
2017.11.28 19:00:00;NZD;3;RBNZ Gov Spencer Speaks;;;;;;
2017.11.28 19:01:00;GBP;1;BRC Shop Price Index y/y;-0.1%;;-0.1%;;;
2017.11.29 02:00:00;CHF;1;UBS Consumption Indicator;1.56;;1.54;;1.51;
2017.11.29 00:00:00;EUR;2;German Prelim CPI m/m (All Day);0.0%;0.3%;0.3%;;;
2017.11.29 02:45:00;EUR;1;French Consumer Spending m/m;0.9%;0.0%;-1.9%;;1.0%;
2017.11.29 02:45:00;EUR;1;French Prelim GDP q/q;0.5%;0.5%;0.5%;;;
2017.11.29 03:00:00;EUR;2;Spanish Flash CPI y/y;1.6%;1.7%;1.6%;;;
2017.11.29 04:00:00;CHF;1;Credit Suisse Economic Expectations;32.0;;40.7;;;
2017.11.29 00:00:00;All;3;OPEC Meetings (All Day);;;;;;
2017.11.29 04:30:00;GBP;2;Net Lending to Individuals m/m;5.5B;4.3B;4.8B;;5.2B;
2017.11.29 04:30:00;GBP;1;M4 Money Supply m/m;-0.2%;0.3%;0.6%;;-0.1%;
2017.11.29 04:30:00;GBP;1;Mortgage Approvals;66K;65K;65K;;;
2017.11.29 05:00:00;EUR;1;ECB Financial Stability Review;;;;;;
2017.11.29 05:12:00;EUR;1;Italian 10-y Bond Auction;1.86|1.4;;1.73|1.6;;;
2017.11.29 08:30:00;USD;3;Prelim GDP q/q;3.0%;3.3%;3.3%;;;
2017.11.29 08:30:00;USD;2;FOMC Member Dudley Speaks;;;;;;
2017.11.29 08:30:00;USD;1;Prelim GDP Price Index q/q;2.2%;2.2%;2.1%;;;
2017.11.29 09:00:00;GBP;3;BOE Gov Carney Speaks;;;;;;
2017.11.29 09:45:00;GBP;2;MPC Member Ramsden Speaks;;;;;;
2017.11.29 10:00:00;USD;3;Fed Chair Yellen Testifies;;;;;;
2017.11.29 10:00:00;USD;2;Pending Home Sales m/m;0.0%;1.1%;3.5%;;-0.4%;
2017.11.29 10:30:00;USD;3;Crude Oil Inventories;-1.9M;-2.5M;-3.4M;;;
2017.11.29 14:00:00;USD;1;Beige Book;;;;;;
2017.11.29 16:45:00;NZD;1;Building Consents m/m;-2.3%;;-9.6%;;-2.5%;
2017.11.29 18:50:00;JPY;1;Prelim Industrial Production m/m;-1.1%;1.9%;0.5%;;-1.0%;
2017.11.29 18:55:00;GBP;1;GfK Consumer Confidence;-10;-9;-12;;;
2017.11.29 19:00:00;NZD;3;ANZ Business Confidence;-10.1;;-39.3;;;
2017.11.29 19:30:00;AUD;3;Private Capital Expenditure q/q;0.8%;1.1%;1.0%;;1.1%;
2017.11.29 19:30:00;AUD;2;Building Approvals m/m;1.5%;-0.9%;0.9%;;0.6%;
2017.11.29 19:30:00;AUD;1;Private Sector Credit m/m;0.3%;0.4%;0.4%;;;
2017.11.29 20:00:00;CNY;2;Manufacturing PMI;51.6;51.5;51.8;;;
2017.11.29 20:00:00;CNY;2;Non-Manufacturing PMI;54.3;;54.8;;;
2017.11.30 00:02:00;JPY;1;Housing Starts y/y;-2.9%;-2.6%;-4.8%;;;
2017.11.30 01:45:00;CHF;1;GDP q/q;0.3%;0.6%;0.6%;;0.4%;
2017.11.30 02:00:00;EUR;2;German Retail Sales m/m;0.5%;0.3%;-1.2%;;;
2017.11.30 02:00:00;GBP;1;Nationwide HPI m/m;0.2%;0.2%;0.1%;;;
2017.11.30 02:45:00;EUR;1;French Prelim CPI m/m;0.1%;0.1%;0.1%;;;
2017.11.30 03:00:00;CHF;2;KOF Economic Barometer;109.1;109.5;110.3;;109.8;
2017.11.30 03:15:00;CHF;1;Retail Sales y/y;-0.4%;0.3%;-3.0%;;0.5%;
2017.11.30 03:55:00;EUR;1;German Unemployment Change;-11K;-10K;-18K;;-12K;
2017.11.30 04:00:00;EUR;1;Italian Monthly Unemployment Rate;11.1%;11.1%;11.1%;;;
2017.11.30 05:00:00;EUR;3;CPI Flash Estimate y/y;1.4%;1.6%;1.5%;;;
2017.11.30 05:00:00;EUR;2;Core CPI Flash Estimate y/y;0.9%;1.0%;0.9%;;;
2017.11.30 05:00:00;EUR;1;Italian Prelim CPI m/m;-0.2%;0.1%;-0.2%;;;
2017.11.30 05:00:00;EUR;1;Unemployment Rate;8.9%;8.9%;8.8%;;;
2017.11.30 08:30:00;CAD;2;Current Account;-16.3B;-20.0B;-19.3B;;-15.6B;
2017.11.30 08:30:00;USD;3;Unemployment Claims;239K;241K;238K;;240K;
2017.11.30 08:30:00;USD;2;Core PCE Price Index m/m;0.1%;0.2%;0.2%;;0.2%;
2017.11.30 08:30:00;USD;2;Personal Spending m/m;1.0%;0.2%;0.3%;;0.9%;
2017.11.30 08:30:00;USD;1;Personal Income m/m;0.4%;0.3%;0.4%;;;
2017.11.30 09:45:00;USD;2;Chicago PMI;66.2;62.2;63.9;;;
2017.11.30 10:30:00;USD;1;Natural Gas Storage;-46B;-37B;-33B;;;
2017.11.30 12:30:00;USD;2;FOMC Member Quarles Speaks;;;;;;
2017.11.30 13:00:00;USD;2;FOMC Member Kaplan Speaks;;;;;;
2017.11.30 16:45:00;NZD;1;Overseas Trade Index q/q;1.5%;1.3%;0.7%;;1.4%;
2017.11.30 17:30:00;AUD;1;AIG Manufacturing Index;51.1;;57.3;;;
2017.11.30 18:30:00;JPY;1;Household Spending y/y;-0.3%;-0.2%;0.0%;;;
2017.11.30 18:30:00;JPY;1;National Core CPI y/y;0.7%;0.8%;0.8%;;;
2017.11.30 18:30:00;JPY;1;Tokyo Core CPI y/y;0.6%;0.6%;0.6%;;;
2017.11.30 18:30:00;JPY;1;Unemployment Rate;2.8%;2.8%;2.8%;;;
2017.11.30 18:50:00;JPY;1;Capital Spending q/y;1.5%;3.3%;4.2%;;;
2017.11.30 19:30:00;JPY;1;Final Manufacturing PMI;53.8;53.8;53.6;;;
2017.11.30 20:45:00;CNY;2;Caixin Manufacturing PMI;51.0;51.2;50.8;;;
