2018.09.02 18:30:00;AUD;1;AIG Manufacturing Index;52.0;;56.7;;;
2018.09.02 18:45:00;NZD;1;Overseas Trade Index q/q;-1.9%;1.1%;0.6%;;-2.0%;
2018.09.02 19:50:00;JPY;1;Capital Spending q/y;3.4%;6.6%;12.8%;;;
2018.09.02 20:30:00;JPY;1;Final Manufacturing PMI;52.5;52.5;52.5;;;
2018.09.02 21:00:00;AUD;1;MI Inflation Gauge m/m;0.1%;;0.1%;;;
2018.09.02 21:30:00;AUD;3;Retail Sales m/m;0.4%;0.3%;0.0%;;;
2018.09.02 21:30:00;AUD;2;Company Operating Profits q/q;5.9%;1.4%;2.0%;;;
2018.09.02 21:30:00;AUD;1;ANZ Job Advertisements m/m;1.5%;;-0.6%;;1.4%;
2018.09.02 21:45:00;CNY;1;Caixin Manufacturing PMI;50.8;50.7;50.6;;;
2018.09.03 01:40:00;JPY;3;BOJ Gov Kuroda Speaks;;;;;;
2018.09.03 02:30:00;AUD;1;Commodity Prices y/y;7.6%;;6.7%;;7.5%;
2018.09.03 03:15:00;CHF;1;Retail Sales y/y;0.3%;1.2%;-0.3%;;0.2%;
2018.09.03 03:15:00;EUR;1;Spanish Manufacturing PMI;52.9;52.5;53.0;;;
2018.09.03 03:30:00;CHF;1;Manufacturing PMI;61.9;61.0;64.8;;;
2018.09.03 03:45:00;EUR;1;Italian Manufacturing PMI;51.5;51.2;50.1;;;
2018.09.03 03:50:00;EUR;1;French Final Manufacturing PMI;53.7;53.7;53.5;;;
2018.09.03 03:55:00;EUR;1;German Final Manufacturing PMI;56.1;56.1;55.9;;;
2018.09.03 04:00:00;EUR;1;Final Manufacturing PMI;54.6;54.6;54.6;;;
2018.09.03 04:30:00;GBP;3;Final Manufacturing PMI;54.0;53.9;52.8;;53.8;
2018.09.03 00:00:00;CAD;0;Bank Holiday (All Day);;;;;;
2018.09.03 00:00:00;USD;0;Bank Holiday (All Day);;;;;;
2018.09.03 13:15:00;EUR;2;German Buba President Weidmann Speaks;;;;;;
2018.09.03 19:01:00;GBP;1;BRC Retail Sales Monitor y/y;0.5%;1.2%;0.2%;;;
2018.09.03 19:50:00;JPY;1;Monetary Base y/y;7.0%;6.3%;6.9%;;;
2018.09.03 21:30:00;AUD;2;Current Account;-10.5B;-11.1B;-13.5B;;-11.7B;
2018.09.04 00:30:00;AUD;3;RBA Rate Statement;;;;;;
2018.09.04 00:30:00;AUD;2;Cash Rate;1.50%;1.50%;1.50%;;;
2018.09.04 03:00:00;EUR;1;Spanish Unemployment Change;-27.1K;35.2K;47.0K;;;
2018.09.04 03:15:00;CHF;1;CPI m/m;-0.2%;0.0%;0.0%;;;
2018.09.04 04:30:00;GBP;2;Construction PMI;55.8;54.9;52.9;;;
2018.09.04 05:00:00;EUR;1;PPI m/m;0.4%;0.3%;0.4%;;;
2018.09.04 07:30:00;AUD;3;RBA Gov Lowe Speaks;;;;;;
2018.09.04 08:15:00;GBP;3;Monetary Policy Report Hearings;;;;;;
2018.09.04 09:30:00;CAD;1;Manufacturing PMI;56.9;;56.8;;;
2018.09.04 09:45:00;USD;1;Final Manufacturing PMI;54.5;54.5;54.7;;;
2018.09.04 10:00:00;USD;3;ISM Manufacturing PMI;58.1;57.6;61.3;;;
2018.09.04 10:00:00;USD;1;Construction Spending m/m;-1.1%;0.5%;0.1%;;-0.8%;
2018.09.04 10:00:00;USD;1;ISM Manufacturing Prices;73.2;74.0;72.1;;;
2018.09.04 10:02:00;USD;1;RCM/TIPP Economic Optimism;58.0;57.2;55.7;;;
2018.09.04 00:00:00;USD;1;Wards Total Vehicle Sales (All Day);16.7M;16.8M;16.6M;;;
2018.09.04 11:02:00;NZD;2;GDT Price Index;-3.6%;;-0.7%;;;
2018.09.04 00:00:00;USD;1;Total Vehicle Sales (All Day);16.8M;16.7M;16.7M;;;
2018.09.04 18:30:00;AUD;1;AIG Services Index;53.6;;52.2;;;
2018.09.04 21:00:00;NZD;1;ANZ Commodity Prices m/m;-3.2%;;-1.1%;;-3.3%;
2018.09.04 21:30:00;AUD;3;GDP q/q;1.0%;0.7%;0.9%;;1.1%;
2018.09.04 21:45:00;CNY;1;Caixin Services PMI;52.8;52.7;51.5;;;
2018.09.04 23:35:00;JPY;1;10-y Bond Auction;0.13|4.2;;0.11|4.5;;;
2018.09.05 03:15:00;EUR;1;Spanish Services PMI;52.6;52.1;52.7;;;
2018.09.05 03:45:00;EUR;1;Italian Services PMI;54.0;53.2;52.6;;;
2018.09.05 03:50:00;EUR;1;French Final Services PMI;55.7;55.7;55.4;;;
2018.09.05 03:55:00;EUR;1;German Final Services PMI;55.2;55.2;55.0;;;
2018.09.05 04:00:00;EUR;1;Final Services PMI;54.4;54.4;54.4;;;
2018.09.05 04:30:00;GBP;3;Final Services PMI;53.5;53.9;54.3;;;
2018.09.05 05:00:00;EUR;1;Retail Sales m/m;0.3%;-0.1%;-0.2%;;;
2018.09.05 08:30:00;CAD;3;Trade Balance;-0.6B;-1.1B;-0.1B;;-0.7B;
2018.09.05 08:30:00;CAD;2;Labor Productivity q/q;-0.3%;0.5%;0.7%;;;
2018.09.05 08:30:00;USD;1;Trade Balance;-46.3B;-50.2B;-50.1B;;-45.7B;
2018.09.05 10:00:00;CAD;3;BOC Rate Statement;;;;;;
2018.09.05 10:00:00;CAD;3;Overnight Rate;1.50%;1.50%;1.50%;;;
2018.09.05 18:30:00;USD;2;FOMC Member Bostic Speaks;;;;;;
2018.09.05 21:30:00;AUD;3;Goods Trade Balance;1.87B;1.46B;1.55B;;1.94B;
2018.09.06 01:45:00;CHF;1;GDP q/q;0.6%;0.5%;0.7%;;1.0%;
2018.09.06 02:00:00;EUR;1;German Factory Orders m/m;-4.0%;1.8%;-0.9%;;-3.9%;
2018.09.06 04:54:00;EUR;1;Spanish 10-y Bond Auction;1.42|1.5;;1.43|1.4;;;
2018.09.06 05:04:00;EUR;1;French 10-y Bond Auction;0.74|2.0;;0.71|1.9;;;
2018.09.06 07:30:00;USD;1;Challenger Job Cuts y/y;-4.2%;;13.7%;;;
2018.09.06 08:15:00;USD;3;ADP Non-Farm Employment Change;219K;195K;163K;;217K;
2018.09.06 08:30:00;CAD;1;Building Permits m/m;-2.3%;1.1%;-0.1%;;-1.3%;
2018.09.06 08:30:00;USD;1;Revised Nonfarm Productivity q/q;2.9%;2.9%;2.9%;;;
2018.09.06 08:30:00;USD;1;Revised Unit Labor Costs q/q;-0.9%;-0.9%;-1.0%;;;
2018.09.06 08:30:00;USD;1;Unemployment Claims;213K;214K;203K;;;
2018.09.06 09:45:00;USD;1;Final Services PMI;55.2;55.2;54.8;;;
2018.09.06 10:00:00;USD;3;ISM Services PMI;55.7;56.8;58.5;;;
2018.09.06 10:00:00;USD;2;FOMC Member Williams Speaks;;;;;;
2018.09.06 10:00:00;USD;1;Factory Orders m/m;0.7%;-0.5%;-0.8%;;0.6%;
2018.09.06 10:30:00;USD;1;Natural Gas Storage;70B;60B;63B;;;
2018.09.06 11:00:00;USD;3;Crude Oil Inventories;-2.6M;-2.2M;-4.3M;;;
2018.09.06 12:30:00;CHF;2;Gov Board Member Zurbrugg Speaks;;;;;;
2018.09.06 14:30:00;CAD;2;Gov Council Member Wilkins Speaks;;;;;;
2018.09.06 17:27:00;NZD;3;RBNZ Gov Orr Speaks;;;;;;
2018.09.06 18:30:00;AUD;1;AIG Construction Index;52.0;;51.8;;;
2018.09.06 19:30:00;JPY;1;Household Spending y/y;-1.2%;-0.9%;0.1%;;;
2018.09.06 20:00:00;JPY;2;Average Cash Earnings y/y;3.6%;2.4%;1.5%;;3.3%;
2018.09.06 21:30:00;AUD;1;Home Loans m/m;-1.1%;-0.1%;0.4%;;;
2018.09.07 01:00:00;JPY;1;Leading Indicators;105.2%;103.5%;103.5%;;104.7%;
2018.09.07 01:45:00;CHF;1;Unemployment Rate;2.6%;2.6%;2.6%;;;
2018.09.07 02:00:00;EUR;1;German Industrial Production m/m;-0.9%;0.2%;-1.1%;;-0.7%;
2018.09.07 02:00:00;EUR;1;German Trade Balance;19.3B;19.1B;15.8B;;;
2018.09.07 02:45:00;EUR;1;French Gov Budget Balance;-58.9B;;-82.8B;;;
2018.09.07 02:45:00;EUR;1;French Industrial Production m/m;0.6%;0.2%;0.7%;;0.7%;
2018.09.07 02:45:00;EUR;1;French Trade Balance;-6.2B;-5.7B;-3.5B;;-6.1B;
2018.09.07 03:00:00;CHF;1;Foreign Currency Reserves;750B;;731B;;;
2018.09.07 03:30:00;GBP;1;Halifax HPI m/m;1.4%;-0.1%;0.1%;;1.2%;
2018.09.07 04:00:00;EUR;1;Italian Retail Sales m/m;-0.2%;0.2%;-0.1%;;-0.1%;
2018.09.07 04:30:00;GBP;1;Consumer Inflation Expectations;2.9%;;3.0%;;;
2018.09.07 05:00:00;EUR;1;Revised GDP q/q;0.4%;0.4%;0.4%;;;
2018.09.07 00:00:00;EUR;1;Eurogroup Meetings (All Day);;;;;;
2018.09.07 08:30:00;CAD;3;Employment Change;54.1K;5.1K;-51.6K;;;
2018.09.07 08:30:00;CAD;3;Unemployment Rate;5.8%;5.9%;6.0%;;;
2018.09.07 08:30:00;USD;3;Average Hourly Earnings m/m;0.3%;0.2%;0.4%;;;
2018.09.07 08:30:00;USD;3;Non-Farm Employment Change;157K;191K;201K;;147K;
2018.09.07 08:30:00;USD;3;Unemployment Rate;3.9%;3.8%;3.9%;;;
2018.09.07 10:00:00;CAD;2;Ivey PMI;61.8;61.5;61.9;;;
2018.09.07 23:02:00;CNY;2;Trade Balance;177B;183B;180B;;;
2018.09.08 00:07:00;CNY;1;USD-Denominated Trade Balance;28.1B;31.5B;27.9B;;;
2018.09.08 00:00:00;EUR;1;ECOFIN Meetings (All Day);;;;;;
2018.09.09 18:45:00;NZD;1;Manufacturing Sales q/q;0.6%;;1.8%;;0.7%;
2018.09.09 19:50:00;JPY;1;Bank Lending y/y;2.0%;2.0%;2.2%;;;
2018.09.09 19:50:00;JPY;1;Current Account;1.76T;1.56T;1.48T;;;
2018.09.09 19:50:00;JPY;1;Final GDP Price Index y/y;0.1%;0.1%;0.1%;;;
2018.09.09 19:50:00;JPY;1;Final GDP q/q;0.5%;0.7%;0.7%;;;
2018.09.09 21:30:00;CNY;2;CPI y/y;2.1%;2.1%;2.3%;;;
2018.09.09 21:30:00;CNY;1;PPI y/y;4.6%;4.1%;4.1%;;;
2018.09.09 23:05:00;AUD;2;RBA Gov Bullock Speaks;;;;;;
2018.09.10 01:02:00;JPY;1;Economy Watchers Sentiment;46.6;47.2;48.7;;;
2018.09.10 04:30:00;EUR;1;Sentix Investor Confidence;14.7;13.8;12.0;;;
2018.09.10 04:30:00;GBP;3;GDP m/m;0.1%;0.2%;0.3%;;;
2018.09.10 04:30:00;GBP;3;Manufacturing Production m/m;0.4%;0.2%;-0.2%;;;
2018.09.10 04:30:00;GBP;2;Goods Trade Balance;-11.4B;-11.7B;-10.0B;;-10.7B;
2018.09.10 04:30:00;GBP;1;Construction Output m/m;1.4%;-0.4%;0.5%;;;
2018.09.10 04:30:00;GBP;1;Index of Services 3m/3m;0.5%;0.5%;0.6%;;;
2018.09.10 04:30:00;GBP;1;Industrial Production m/m;0.4%;0.2%;0.1%;;;
2018.09.10 09:17:00;GBP;1;NIESR GDP Estimate;0.5%;;0.6%;;0.6%;
2018.09.10 12:15:00;USD;2;FOMC Member Bostic Speaks;;;;;;
2018.09.10 15:00:00;USD;1;Consumer Credit m/m;10.2B;14.5B;16.6B;;8.5B;
2018.09.10 19:50:00;JPY;1;M2 Money Stock y/y;3.0%;3.0%;2.9%;;2.9%;
2018.09.10 21:30:00;AUD;2;NAB Business Confidence;7;;4;;;
2018.09.11 00:00:00;JPY;1;30-y Bond Auction;0.85|4.7;;0.84|4.2;;;
2018.09.11 00:30:00;JPY;1;Tertiary Industry Activity m/m;-0.5%;0.1%;0.1%;;-0.6%;
2018.09.11 01:30:00;EUR;1;French Final Private Payrolls q/q;0.2%;0.2%;0.1%;;;
2018.09.11 01:58:00;JPY;1;Prelim Machine Tool Orders y/y;13.0%;;5.3%;;13.1%;
2018.09.11 04:30:00;GBP;3;Average Earnings Index 3m/y;2.4%;2.4%;2.6%;;;
2018.09.11 04:30:00;GBP;2;Claimant Count Change;6.2K;6.9K;8.7K;;10.2K;
2018.09.11 04:30:00;GBP;2;Unemployment Rate;4.0%;4.0%;4.0%;;;
2018.09.11 05:00:00;EUR;2;German ZEW Economic Sentiment;-13.7;-13.5;-10.6;;;
2018.09.11 05:00:00;EUR;1;Final Employment Change q/q;0.4%;0.4%;0.4%;;;
2018.09.11 05:00:00;EUR;1;ZEW Economic Sentiment;-11.1;-10.9;-7.2;;;
2018.09.11 05:37:00;GBP;1;30-y Bond Auction;1.94|2.1;;1.83|1.8;;;
2018.09.11 05:51:00;USD;1;NFIB Small Business Index;107.9;108.1;108.8;;;
2018.09.11 08:13:00;CAD;1;Housing Starts;206K;213K;201K;;;
2018.09.11 10:00:00;USD;1;Final Wholesale Inventories m/m;0.7%;0.7%;0.6%;;;
2018.09.11 10:00:00;USD;1;JOLTS Job Openings;6.66M;6.68M;6.94M;;6.82M;
2018.09.11 19:50:00;JPY;1;BSI Manufacturing Index;-3.2;8.0;6.5;;;
2018.09.11 20:30:00;AUD;1;Westpac Consumer Sentiment;-2.3%;;-3.0%;;;
2018.09.12 04:00:00;EUR;1;Italian Industrial Production m/m;0.5%;-0.4%;-1.8%;;0.3%;
2018.09.12 05:00:00;CNY;1;M2 Money Supply y/y;8.5%;8.6%;8.2%;;;
2018.09.12 05:00:00;CNY;1;New Loans;1450B;1350B;1280B;;;
2018.09.12 05:00:00;EUR;1;Industrial Production m/m;-0.7%;-0.5%;-0.8%;;-0.8%;
2018.09.12 05:00:00;EUR;1;Italian Quarterly Unemployment Rate;11.1%;10.8%;10.7%;;11.0%;
2018.09.12 05:35:00;EUR;1;German 30-y Bond Auction;0.94|1.6;;1.10|2.0;;;
2018.09.12 08:30:00;CAD;1;Capacity Utilization Rate;86.1%;86.9%;85.5%;;83.7%;
2018.09.12 08:30:00;USD;3;PPI m/m;0.0%;0.2%;-0.1%;;;
2018.09.12 08:30:00;USD;2;Core PPI m/m;0.1%;0.2%;-0.1%;;;
2018.09.12 10:30:00;USD;3;Crude Oil Inventories;-4.3M;-1.3M;-5.3M;;;
2018.09.12 12:45:00;USD;2;FOMC Member Brainard Speaks;;;;;;
2018.09.12 13:01:00;USD;1;10-y Bond Auction;2.96|2.5;;2.96|2.6;;;
2018.09.12 14:00:00;USD;1;Beige Book;;;;;;
2018.09.12 18:45:00;NZD;1;FPI m/m;0.7%;;-0.5%;;;
2018.09.12 19:01:00;GBP;1;RICS House Price Balance;4%;2%;2%;;;
2018.09.12 19:50:00;JPY;1;Core Machinery Orders m/m;-8.8%;5.6%;11.0%;;;
2018.09.12 19:50:00;JPY;1;PPI y/y;3.1%;3.1%;3.0%;;3.0%;
2018.09.12 21:00:00;AUD;1;MI Inflation Expectations;4.0%;;4.0%;;;
2018.09.12 21:30:00;AUD;3;Employment Change;-3.9K;16.5K;44.0K;;-4.3K;
2018.09.12 21:30:00;AUD;3;Unemployment Rate;5.3%;5.3%;5.3%;;;
2018.09.13 02:00:00;EUR;1;German Final CPI m/m;0.1%;0.1%;0.1%;;;
2018.09.13 02:45:00;EUR;1;French Final CPI m/m;0.5%;0.5%;0.5%;;;
2018.09.13 03:00:00;CNY;1;Foreign Direct Investment ytd/y;2.3%;;2.3%;;;
2018.09.13 03:15:00;CHF;1;PPI m/m;0.1%;0.0%;0.0%;;;
2018.09.13 07:00:00;GBP;3;Monetary Policy Summary;;;;;;
2018.09.13 07:00:00;GBP;3;MPC Official Bank Rate Votes;9-0-0;0-0-9;0-0-9;;;
2018.09.13 07:00:00;GBP;2;Official Bank Rate;0.75%;0.75%;0.75%;;;
2018.09.13 07:00:00;GBP;1;Asset Purchase Facility;435B;435B;435B;;;
2018.09.13 07:00:00;GBP;1;MPC Asset Purchase Facility Votes;0-0-9;0-0-9;0-0-9;;;
2018.09.13 07:45:00;EUR;3;Main Refinancing Rate;0.00%;0.00%;0.00%;;;
2018.09.13 07:45:00;EUR;3;Monetary Policy Statement;;;;;;
2018.09.13 08:30:00;CAD;2;NHPI m/m;0.1%;0.1%;0.1%;;;
2018.09.13 08:30:00;EUR;3;ECB Press Conference;;;;;;
2018.09.13 08:30:00;USD;3;Core CPI m/m;0.2%;0.2%;0.1%;;;
2018.09.13 08:30:00;USD;3;CPI m/m;0.2%;0.3%;0.2%;;;
2018.09.13 08:30:00;USD;3;CPI y/y;2.9%;2.8%;2.7%;;;
2018.09.13 08:30:00;USD;1;Unemployment Claims;203K;210K;204K;;205K;
2018.09.13 10:30:00;USD;1;Natural Gas Storage;63B;65B;69B;;;
2018.09.13 13:00:00;USD;2;FOMC Member Bostic Speaks;;;;;;
2018.09.13 13:01:00;USD;1;30-y Bond Auction;3.09|2.3;;3.09|2.3;;;
2018.09.13 14:00:00;USD;1;Federal Budget Balance;-76.9B;-169.8B;-214.1B;;;
2018.09.13 18:30:00;NZD;2;BusinessNZ Manufacturing Index;51.2;;52.0;;;
2018.09.13 22:00:00;CNY;2;Fixed Asset Investment ytd/y;5.5%;5.5%;5.3%;;;
2018.09.13 22:00:00;CNY;2;Industrial Production y/y;6.0%;6.0%;6.1%;;;
2018.09.13 22:00:00;CNY;1;Retail Sales y/y;8.8%;8.8%;9.0%;;;
2018.09.13 22:00:00;CNY;1;Unemployment Rate;5.1%;;5.0%;;;
2018.09.14 00:30:00;JPY;1;Revised Industrial Production m/m;-0.1%;-0.1%;-0.2%;;;
2018.09.14 05:00:00;EUR;1;Trade Balance;16.7B;16.3B;12.8B;;16.5B;
2018.09.14 06:00:00;GBP;3;BOE Gov Carney Speaks;;;;;;
2018.09.14 08:30:00;USD;3;Core Retail Sales m/m;0.6%;0.5%;0.3%;;0.9%;
2018.09.14 08:30:00;USD;3;Retail Sales m/m;0.5%;0.4%;0.1%;;0.7%;
2018.09.14 08:30:00;USD;1;Import Prices m/m;0.0%;-0.2%;-0.6%;;-0.1%;
2018.09.14 09:15:00;USD;1;Capacity Utilization Rate;78.1%;78.3%;78.1%;;77.9%;
2018.09.14 09:15:00;USD;1;Industrial Production m/m;0.1%;0.3%;0.4%;;0.4%;
2018.09.14 10:00:00;USD;2;Prelim UoM Consumer Sentiment;95.3;96.7;100.8;;96.2;
2018.09.14 10:00:00;USD;1;Business Inventories m/m;0.1%;0.5%;0.6%;;;
2018.09.14 10:00:00;USD;1;Prelim UoM Inflation Expectations;2.9%;;2.8%;;3.0%;
2018.09.14 21:30:00;CNY;1;New Home Prices m/m;1.21%;;1.49%;;;
2018.09.16 18:30:00;NZD;1;BusinessNZ Services Index;55.1;;53.2;;54.8;
2018.09.16 19:01:00;GBP;1;Rightmove HPI m/m;-2.3%;;0.7%;;;
2018.09.16 00:00:00;JPY;0;Bank Holiday (All Day);;;;;;
2018.09.17 04:00:00;EUR;1;Italian Trade Balance;5.07B;4.82B;5.68B;;5.17B;
2018.09.17 05:00:00;EUR;2;Final CPI y/y;2.0%;2.0%;2.0%;;;
2018.09.17 05:00:00;EUR;1;Final Core CPI y/y;1.0%;1.0%;1.0%;;;
2018.09.17 06:00:00;EUR;1;German Buba Monthly Report;;;;;;
2018.09.17 08:30:00;CAD;2;Foreign Securities Purchases;11.55B;4.35B;12.65B;;10.30B;
2018.09.17 08:30:00;USD;2;Empire State Manufacturing Index;25.6;23.2;19.0;;;
2018.09.17 09:30:00;GBP;1;CB Leading Index m/m;-0.2%;;-0.2%;;;
2018.09.17 10:30:00;AUD;1;CB Leading Index m/m;0.2%;;0.1%;;0.1%;
2018.09.17 21:30:00;AUD;3;Monetary Policy Meeting Minutes;;;;;;
2018.09.17 21:30:00;AUD;2;HPI q/q;-0.7%;-0.7%;-0.7%;;;
2018.09.18 03:15:00;EUR;3;ECB President Draghi Speaks;;;;;;
2018.09.18 08:30:00;CAD;2;Manufacturing Sales m/m;1.1%;1.0%;0.9%;;1.3%;
2018.09.18 10:00:00;USD;1;NAHB Housing Market Index;67;66;67;;;
2018.09.18 10:31:00;NZD;2;GDT Price Index;-0.7%;;-1.3%;;;
2018.09.18 16:00:00;USD;1;TIC Long-Term Purchases;-36.5B;65.1B;74.8B;;;
2018.09.18 17:00:00;NZD;1;Westpac Consumer Sentiment;108.6;;103.5;;;
2018.09.18 18:45:00;NZD;2;Current Account;0.18B;-1.23B;-1.62B;;0.09B;
2018.09.18 19:50:00;JPY;1;Trade Balance;-0.05T;-0.14T;-0.19T;;-0.10T;
2018.09.18 20:30:00;AUD;1;MI Leading Index m/m;0.0%;;0.1%;;;
2018.09.18 21:30:00;AUD;2;RBA Assist Gov Kent Speaks;;;;;;
2018.09.18 22:47:00;JPY;3;Monetary Policy Statement;;;;;;
2018.09.18 22:47:00;JPY;2;BOJ Policy Rate;-0.10%;-0.10%;-0.10%;;;
2018.09.19 01:45:00;CHF;1;SECO Economic Forecasts;;;;;;
2018.09.19 02:30:00;JPY;3;BOJ Press Conference;;;;;;
2018.09.19 04:00:00;EUR;1;Current Account;23.5B;22.4B;21.3B;;23.8B;
2018.09.19 04:00:00;GBP;2;MPC Member Haldane Speaks;;;;;;
2018.09.19 04:30:00;GBP;3;CPI y/y;2.5%;2.4%;2.7%;;;
2018.09.19 04:30:00;GBP;2;PPI Input m/m;0.5%;0.4%;0.5%;;0.0%;
2018.09.19 04:30:00;GBP;2;RPI y/y;3.2%;3.2%;3.5%;;;
2018.09.19 04:30:00;GBP;1;Core CPI y/y;1.9%;1.8%;2.1%;;;
2018.09.19 04:30:00;GBP;1;HPI y/y;3.0%;2.8%;3.1%;;3.2%;
2018.09.19 04:30:00;GBP;1;PPI Output m/m;0.0%;0.2%;0.2%;;;
2018.09.19 05:34:00;EUR;1;German 10-y Bond Auction;0.33|1.2;;0.49|2.5;;;
2018.09.19 08:30:00;USD;2;Building Permits;1.31M;1.31M;1.23M;;1.30M;
2018.09.19 08:30:00;USD;2;Housing Starts;1.17M;1.24M;1.28M;;;
2018.09.19 08:30:00;USD;1;Current Account;-124B;-104B;-101B;;-122B;
2018.09.19 09:00:00;EUR;3;ECB President Draghi Speaks;;;;;;
2018.09.19 10:30:00;USD;3;Crude Oil Inventories;-5.3M;-2.7M;-2.1M;;;
2018.09.19 18:45:00;NZD;3;GDP q/q;0.5%;0.8%;1.0%;;;
2018.09.19 21:00:00;AUD;1;RBA Annual Report;;;;;;
2018.09.19 21:30:00;AUD;1;RBA Bulletin;;;;;;
2018.09.20 02:00:00;CHF;1;Trade Balance;2.26B;2.41B;2.13B;;2.21B;
2018.09.20 03:30:00;CHF;3;SNB Monetary Policy Assessment;;;;;;
2018.09.20 03:30:00;CHF;2;Libor Rate;-0.75%;-0.75%;-0.75%;;;
2018.09.20 04:30:00;GBP;3;Retail Sales m/m;0.7%;-0.2%;0.3%;;0.9%;
2018.09.20 04:50:00;EUR;1;Spanish 10-y Bond Auction;1.43|1.4;;1.49|1.5;;;
2018.09.20 05:35:00;GBP;1;10-y Bond Auction;1.46|2.2;;1.60|1.9;;;
2018.09.20 08:30:00;CAD;1;ADP Non-Farm Employment Change;11.6K;;13.6K;;35.5K;
2018.09.20 08:30:00;USD;2;Philly Fed Manufacturing Index;11.9;17.5;22.9;;;
2018.09.20 08:30:00;USD;1;Unemployment Claims;204K;210K;201K;;;
2018.09.20 09:57:00;EUR;1;Consumer Confidence;-2;-2;-3;;;
2018.09.20 10:00:00;USD;1;CB Leading Index m/m;0.6%;0.5%;0.4%;;0.7%;
2018.09.20 10:00:00;USD;1;Existing Home Sales;5.34M;5.36M;5.34M;;;
2018.09.20 10:30:00;USD;1;Natural Gas Storage;69B;81B;86B;;;
2018.09.20 11:15:00;EUR;2;German Buba President Weidmann Speaks;;;;;;
2018.09.20 18:49:00;NZD;1;Visitor Arrivals m/m;0.6%;;2.8%;;0.7%;
2018.09.20 19:30:00;JPY;1;National Core CPI y/y;0.8%;0.9%;0.9%;;;
2018.09.20 20:30:00;JPY;1;Flash Manufacturing PMI;52.5;53.1;52.9;;;
2018.09.20 23:00:00;NZD;1;Credit Card Spending y/y;3.2%;;7.7%;;3.3%;
2018.09.21 00:30:00;JPY;1;All Industries Activity m/m;-0.8%;0.2%;0.0%;;-0.9%;
2018.09.21 03:15:00;EUR;2;French Flash Manufacturing PMI;53.7;53.3;52.5;;53.5;
2018.09.21 03:15:00;EUR;2;French Flash Services PMI;55.7;55.2;54.3;;55.4;
2018.09.21 03:30:00;EUR;2;German Flash Manufacturing PMI;56.1;55.7;53.7;;55.9;
2018.09.21 03:30:00;EUR;2;German Flash Services PMI;55.2;55.1;56.5;;55.0;
2018.09.21 04:00:00;EUR;2;Flash Manufacturing PMI;54.6;54.4;53.3;;;
2018.09.21 04:00:00;EUR;2;Flash Services PMI;54.4;54.5;54.7;;;
2018.09.21 04:30:00;GBP;2;Public Sector Net Borrowing;-2.9B;2.9B;5.9B;;-3.9B;
2018.09.21 07:00:00;GBP;1;BOE Quarterly Bulletin;;;;;;
2018.09.21 08:30:00;CAD;3;Core Retail Sales m/m;-0.1%;0.6%;0.9%;;0.1%;
2018.09.21 08:30:00;CAD;3;CPI m/m;0.5%;-0.1%;-0.1%;;;
2018.09.21 08:30:00;CAD;2;Common CPI y/y;1.9%;;2.0%;;;
2018.09.21 08:30:00;CAD;2;Median CPI y/y;2.0%;;2.1%;;;
2018.09.21 08:30:00;CAD;2;Retail Sales m/m;-0.2%;0.3%;0.3%;;-0.1%;
2018.09.21 08:30:00;CAD;2;Trimmed CPI y/y;2.1%;;2.2%;;;
2018.09.21 08:30:00;CAD;1;Core CPI m/m;0.2%;;0.1%;;;
2018.09.21 09:03:00;GBP;3;Prime Minister May Speaks;;;;;;
2018.09.21 09:45:00;USD;1;Flash Manufacturing PMI;54.5;55.1;55.6;;54.7;
2018.09.21 09:45:00;USD;1;Flash Services PMI;55.2;54.9;52.9;;54.8;
2018.09.23 00:00:00;All;2;OPEC-JMMC Meetings (All Day);;;;;;
2018.09.23 00:00:00;JPY;0;Bank Holiday (All Day);;;;;;
2018.09.23 00:00:00;CNY;0;Bank Holiday (All Day);;;;;;
2018.09.24 04:00:00;EUR;2;German ifo Business Climate;103.8;103.2;103.7;;103.9;
2018.09.24 06:00:00;GBP;1;CBI Industrial Order Expectations;7;5;-1;;;
2018.09.24 08:30:00;CAD;1;Wholesale Sales m/m;-0.8%;0.4%;1.5%;;-0.9%;
2018.09.24 08:58:00;EUR;1;Belgian NBB Business Climate;-0.3;-0.5;1.2;;;
2018.09.24 09:00:00;EUR;3;ECB President Draghi Speaks;;;;;;
2018.09.24 19:50:00;JPY;1;Monetary Policy Meeting Minutes;;;;;;
2018.09.24 19:50:00;JPY;1;SPPI y/y;1.1%;1.1%;1.3%;;;
2018.09.25 01:35:00;JPY;3;BOJ Gov Kuroda Speaks;;;;;;
2018.09.25 02:00:00;EUR;1;German WPI m/m;0.0%;0.2%;0.3%;;0.1%;
2018.09.25 04:40:00;GBP;2;MPC Member Vlieghe Speaks;;;;;;
2018.09.25 09:00:00;USD;1;HPI m/m;0.2%;0.2%;0.2%;;0.3%;
2018.09.25 09:00:00;USD;1;S&P/CS Composite-20 HPI y/y;6.3%;6.2%;5.9%;;6.4%;
2018.09.25 10:00:00;USD;3;CB Consumer Confidence;133.4;132.2;138.4;;134.7;
2018.09.25 10:00:00;USD;1;Richmond Manufacturing Index;24;22;29;;;
2018.09.25 18:45:00;NZD;2;Trade Balance;-143M;-930M;-1484M;;-196M;
2018.09.25 21:00:00;NZD;3;ANZ Business Confidence;-50.3;;-38.3;;;
2018.09.26 01:00:00;JPY;1;BOJ Core CPI y/y;0.5%;0.6%;0.5%;;;
2018.09.26 04:00:00;CHF;1;Credit Suisse Economic Expectations;-14.3;;-30.8;;;
2018.09.26 04:30:00;GBP;1;High Street Lending;39.6K;39.7K;39.4K;;;
2018.09.26 06:00:00;GBP;1;CBI Realized Sales;29;18;23;;;
2018.09.26 09:00:00;CHF;1;SNB Quarterly Bulletin;;;;;;
2018.09.26 09:00:00;CNY;1;CB Leading Index m/m;1.1%;;0.7%;;1.6%;
2018.09.26 10:00:00;USD;1;New Home Sales;627K;630K;629K;;608K;
2018.09.26 10:30:00;USD;3;Crude Oil Inventories;-2.1M;-0.7M;1.9M;;;
2018.09.26 14:00:00;USD;3;Federal Funds Rate;2.00%;2.25%;2.25%;;;
2018.09.26 14:00:00;USD;3;FOMC Economic Projections;;;;;;
2018.09.26 14:00:00;USD;3;FOMC Statement;;;;;;
2018.09.26 14:30:00;USD;3;FOMC Press Conference;;;;;;
2018.09.26 17:00:00;NZD;3;Official Cash Rate;1.75%;1.75%;1.75%;;;
2018.09.26 17:00:00;NZD;3;RBNZ Rate Statement;;;;;;
2018.09.27 02:00:00;EUR;1;German GfK Consumer Climate;10.5;10.6;10.6;;;
2018.09.27 00:00:00;EUR;2;German Prelim CPI m/m (All Day);0.1%;0.1%;0.4%;;;
2018.09.27 04:00:00;EUR;2;M3 Money Supply y/y;4.0%;3.8%;3.5%;;;
2018.09.27 04:00:00;EUR;1;ECB Economic Bulletin;;;;;;
2018.09.27 04:00:00;EUR;1;Private Loans y/y;3.0%;3.1%;3.1%;;;
2018.09.27 05:23:00;EUR;1;Italian 10-y Bond Auction;3.25|1.4;;2.90|1.4;;;
2018.09.27 08:30:00;USD;3;Core Durable Goods Orders m/m;0.2%;0.4%;0.1%;;0.1%;
2018.09.27 08:30:00;USD;3;Final GDP q/q;4.2%;4.2%;4.2%;;;
2018.09.27 08:30:00;USD;2;Durable Goods Orders m/m;-1.7%;1.9%;4.5%;;-1.2%;
2018.09.27 08:30:00;USD;1;Final GDP Price Index q/q;3.0%;3.0%;3.0%;;;
2018.09.27 08:30:00;USD;1;Goods Trade Balance;-72.2B;-70.6B;-75.8B;;-72.0B;
2018.09.27 08:30:00;USD;1;Prelim Wholesale Inventories m/m;0.7%;0.3%;0.8%;;0.6%;
2018.09.27 08:30:00;USD;1;Unemployment Claims;201K;208K;214K;;202K;
2018.09.27 09:30:00;EUR;3;ECB President Draghi Speaks;;;;;;
2018.09.27 10:00:00;GBP;3;BOE Gov Carney Speaks;;;;;;
2018.09.27 10:00:00;USD;1;Pending Home Sales m/m;-0.7%;-0.2%;-1.8%;;-0.8%;
2018.09.27 10:30:00;USD;1;Natural Gas Storage;86B;64B;46B;;;
2018.09.27 16:30:00;USD;3;Fed Chair Powell Speaks;;;;;;
2018.09.27 17:45:00;CAD;3;BOC Gov Poloz Speaks;;;;;;
2018.09.27 18:45:00;NZD;1;Building Consents m/m;-10.3%;;7.8%;;-10.8%;
2018.09.27 19:01:00;GBP;1;GfK Consumer Confidence;-7;-8;-9;;;
2018.09.27 19:30:00;JPY;1;Tokyo Core CPI y/y;0.9%;0.9%;1.0%;;;
2018.09.27 19:30:00;JPY;1;Unemployment Rate;2.5%;2.5%;2.4%;;;
2018.09.27 19:50:00;JPY;1;BOJ Summary of Opinions;;;;;;
2018.09.27 19:50:00;JPY;1;Prelim Industrial Production m/m;-0.1%;1.5%;0.7%;;-0.2%;
2018.09.27 19:50:00;JPY;1;Retail Sales y/y;1.5%;2.2%;2.7%;;;
2018.09.27 21:30:00;AUD;1;Private Sector Credit m/m;0.4%;0.4%;0.5%;;;
2018.09.28 01:00:00;JPY;1;Housing Starts y/y;-0.7%;0.4%;1.6%;;;
2018.09.28 02:45:00;EUR;1;French Consumer Spending m/m;0.1%;0.3%;0.8%;;0.0%;
2018.09.28 02:45:00;EUR;1;French Prelim CPI m/m;0.5%;-0.1%;-0.2%;;;
2018.09.28 03:00:00;CHF;2;KOF Economic Barometer;100.3;100.1;102.2;;98.9;
2018.09.28 03:00:00;EUR;2;Spanish Flash CPI y/y;2.2%;2.2%;2.2%;;;
2018.09.28 03:55:00;EUR;1;German Unemployment Change;-8K;-9K;-23K;;-10K;
2018.09.28 04:30:00;GBP;3;Current Account;-17.7B;-19.4B;-20.3B;;-15.7B;
2018.09.28 04:30:00;GBP;2;Final GDP q/q;0.4%;0.4%;0.4%;;;
2018.09.28 04:30:00;GBP;1;Revised Business Investment q/q;0.5%;0.5%;-0.7%;;;
2018.09.28 05:00:00;EUR;2;Core CPI Flash Estimate y/y;1.0%;1.1%;0.9%;;;
2018.09.28 05:00:00;EUR;2;CPI Flash Estimate y/y;2.0%;2.1%;2.1%;;;
2018.09.28 05:00:00;EUR;1;Italian Prelim CPI m/m;0.5%;-0.2%;-0.4%;;0.4%;
2018.09.28 08:30:00;CAD;3;GDP m/m;0.0%;0.1%;0.2%;;;
2018.09.28 08:30:00;CAD;2;RMPI m/m;0.7%;0.8%;-4.6%;;;
2018.09.28 08:30:00;CAD;1;IPPI m/m;-0.2%;0.6%;-0.5%;;;
2018.09.28 08:30:00;USD;2;Core PCE Price Index m/m;0.2%;0.1%;0.0%;;;
2018.09.28 08:30:00;USD;2;Personal Spending m/m;0.4%;0.3%;0.3%;;;
2018.09.28 08:30:00;USD;1;Personal Income m/m;0.3%;0.4%;0.3%;;;
2018.09.28 09:20:00;GBP;2;MPC Member Ramsden Speaks;;;;;;
2018.09.28 09:45:00;USD;2;Chicago PMI;63.6;62.3;60.4;;;
2018.09.28 10:00:00;USD;2;Revised UoM Consumer Sentiment;100.8;100.5;100.1;;;
2018.09.28 10:00:00;USD;1;Revised UoM Inflation Expectations;2.8%;;2.7%;;;
2018.09.29 10:00:00;NZD;0;Daylight Saving Time Shift;;;;;;
2018.09.29 21:00:00;CNY;2;Manufacturing PMI;51.3;51.2;50.8;;;
2018.09.29 21:00:00;CNY;2;Non-Manufacturing PMI;54.2;54.1;54.9;;;
2018.09.29 21:45:00;CNY;1;Caixin Manufacturing PMI;50.6;50.5;50.0;;;
2018.09.30 00:00:00;AUD;0;Bank Holiday (All Day);;;;;;
2018.09.30 18:30:00;AUD;1;AIG Manufacturing Index;56.7;;59.0;;;
2018.09.30 19:50:00;JPY;1;Tankan Manufacturing Index;21;22;19;;;
2018.09.30 19:50:00;JPY;1;Tankan Non-Manufacturing Index;24;23;22;;;
2018.09.30 00:00:00;CNY;0;Bank Holiday (All Day);;;;;;
2018.09.30 20:30:00;JPY;1;Final Manufacturing PMI;52.9;52.9;52.5;;;
2018.09.30 21:00:00;AUD;1;MI Inflation Gauge m/m;0.1%;;0.3%;;;
