2018.11.01 01:30:00;AUD;1;Commodity Prices y/y;4.8%;;13.1%;;6.2%;
2018.11.01 02:45:00;CHF;1;SECO Consumer Climate;-7;-8;-6;;;
2018.11.01 03:00:00;GBP;1;Nationwide HPI m/m;0.3%;0.2%;0.0%;;0.2%;
2018.11.01 00:00:00;EUR;0;French Bank Holiday (All Day);;;;;;
2018.11.01 00:00:00;EUR;0;Italian Bank Holiday (All Day);;;;;;
2018.11.01 04:15:00;CHF;1;CPI m/m;0.1%;0.2%;0.2%;;;
2018.11.01 04:30:00;CHF;1;Manufacturing PMI;59.7;58.6;57.4;;;
2018.11.01 05:30:00;GBP;3;Final Manufacturing PMI;53.8;53.0;51.1;;53.6;
2018.11.01 07:30:00;USD;1;Challenger Job Cuts y/y;70.9%;;153.6%;;;
2018.11.01 08:00:00;GBP;3;BOE Monetary Policy Report;;;;;;
2018.11.01 08:00:00;GBP;3;Monetary Policy Summary;;;;;;
2018.11.01 08:00:00;GBP;3;MPC Official Bank Rate Votes;0-0-9;0-0-9;0-0-9;;;
2018.11.01 08:00:00;GBP;2;Official Bank Rate;0.75%;0.75%;0.75%;;;
2018.11.01 08:00:00;GBP;1;Asset Purchase Facility;435B;435B;435B;;;
2018.11.01 08:00:00;GBP;1;MPC Asset Purchase Facility Votes;0-0-9;0-0-9;0-0-9;;;
2018.11.01 08:30:00;GBP;3;BOE Gov Carney Speaks;;;;;;
2018.11.01 08:30:00;USD;1;Prelim Nonfarm Productivity q/q;2.9%;2.2%;2.2%;;3.0%;
2018.11.01 08:30:00;USD;1;Prelim Unit Labor Costs q/q;-0.9%;1.1%;1.2%;;-1.0%;
2018.11.01 08:30:00;USD;1;Unemployment Claims;215K;213K;214K;;216K;
2018.11.01 09:30:00;CAD;1;Manufacturing PMI;54.8;;53.9;;;
2018.11.01 09:45:00;USD;1;Final Manufacturing PMI;55.9;55.9;55.7;;;
2018.11.01 10:00:00;USD;3;ISM Manufacturing PMI;59.8;59.0;57.7;;;
2018.11.01 10:00:00;USD;1;Construction Spending m/m;0.1%;0.2%;0.0%;;0.8%;
2018.11.01 10:00:00;USD;1;ISM Manufacturing Prices;66.9;67.5;71.6;;;
2018.11.01 00:00:00;USD;1;Wards Total Vehicle Sales (All Day);17.4M;17.2M;17.5M;;;
2018.11.01 10:30:00;USD;1;Natural Gas Storage;58B;53B;48B;;;
2018.11.01 00:00:00;USD;1;Total Vehicle Sales (All Day);17.4M;17.1M;17.6M;;;
2018.11.01 19:50:00;JPY;1;Monetary Base y/y;5.9%;6.2%;5.9%;;;
2018.11.01 20:30:00;AUD;3;Retail Sales m/m;0.3%;0.3%;0.2%;;;
2018.11.01 20:30:00;AUD;1;PPI q/q;0.3%;0.2%;0.8%;;;
2018.11.02 03:00:00;EUR;1;German Import Prices m/m;0.0%;0.4%;0.4%;;;
2018.11.02 03:45:00;EUR;1;French Gov Budget Balance;-97.3B;;-87.1B;;;
2018.11.02 04:15:00;CHF;1;Retail Sales y/y;0.4%;-0.2%;-2.7%;;;
2018.11.02 04:15:00;EUR;1;Spanish Manufacturing PMI;51.4;51.0;51.8;;;
2018.11.02 04:45:00;EUR;1;Italian Manufacturing PMI;50.0;49.7;49.2;;;
2018.11.02 04:50:00;EUR;1;French Final Manufacturing PMI;51.2;51.2;51.2;;;
2018.11.02 04:55:00;EUR;1;German Final Manufacturing PMI;52.3;52.3;52.2;;;
2018.11.02 05:00:00;EUR;1;Final Manufacturing PMI;52.1;52.1;52.0;;;
2018.11.02 05:30:00;GBP;2;Construction PMI;52.1;52.0;53.2;;;
2018.11.02 08:30:00;CAD;3;Employment Change;63.3K;12.7K;11.2K;;;
2018.11.02 08:30:00;CAD;3;Unemployment Rate;5.9%;5.9%;5.8%;;;
2018.11.02 08:30:00;CAD;2;Trade Balance;0.5B;0.2B;-0.4B;;-0.6B;
2018.11.02 08:30:00;USD;3;Average Hourly Earnings m/m;0.3%;0.2%;0.2%;;;
2018.11.02 08:30:00;USD;3;Non-Farm Employment Change;134K;194K;250K;;118K;
2018.11.02 08:30:00;USD;3;Unemployment Rate;3.7%;3.7%;3.7%;;;
2018.11.02 08:30:00;USD;1;Trade Balance;-53.2B;-53.5B;-54.0B;;-53.3B;
2018.11.02 10:00:00;USD;1;Factory Orders m/m;2.3%;0.5%;0.7%;;2.6%;
2018.11.04 02:00:00;CAD;0;Daylight Saving Time Shift;;;;;;
2018.11.04 02:00:00;USD;0;Daylight Saving Time Shift;;;;;;
2018.11.04 16:30:00;AUD;1;AIG Services Index;52.5;;51.1;;;
2018.11.04 18:50:00;JPY;1;Monetary Policy Meeting Minutes;;;;;;
2018.11.04 19:00:00;AUD;1;MI Inflation Gauge m/m;0.3%;;0.1%;;;
2018.11.04 19:00:00;NZD;1;ANZ Commodity Prices m/m;-1.8%;;-2.4%;;-2.4%;
2018.11.04 19:30:00;AUD;1;ANZ Job Advertisements m/m;-0.8%;;0.2%;;-0.7%;
2018.11.04 20:00:00;JPY;2;BOJ Gov Kuroda Speaks;;;;;;
2018.11.04 20:45:00;CNY;1;Caixin Services PMI;53.1;52.9;50.8;;;
2018.11.05 03:00:00;EUR;1;Spanish Unemployment Change;20.4K;30.3K;52.2K;;;
2018.11.05 04:30:00;EUR;1;Sentix Investor Confidence;11.4;9.9;8.8;;;
2018.11.05 04:30:00;GBP;3;Final Services PMI;53.9;53.4;52.2;;;
2018.11.05 08:10:00;CAD;3;BOC Gov Poloz Speaks;;;;;;
2018.11.05 09:45:00;USD;1;Final Services PMI;54.7;54.7;54.8;;;
2018.11.05 10:00:00;USD;3;ISM Services PMI;61.6;59.3;60.3;;;
2018.11.05 10:00:00;USD;1;RCM/TIPP Economic Optimism;57.8;59.2;56.4;;;
2018.11.05 18:30:00;JPY;1;Household Spending y/y;2.8%;1.6%;-1.6%;;;
2018.11.05 19:01:00;GBP;1;BRC Retail Sales Monitor y/y;-0.2%;0.6%;0.1%;;;
2018.11.05 22:30:00;AUD;3;RBA Rate Statement;;;;;;
2018.11.05 22:30:00;AUD;2;Cash Rate;1.50%;1.50%;1.50%;;;
2018.11.06 02:00:00;EUR;1;German Factory Orders m/m;2.0%;-0.4%;0.3%;;2.5%;
2018.11.06 03:15:00;EUR;1;Spanish Services PMI;52.5;51.9;54.0;;;
2018.11.06 03:45:00;EUR;1;Italian Services PMI;53.3;52.1;49.2;;;
2018.11.06 03:50:00;EUR;1;French Final Services PMI;55.6;55.6;55.3;;;
2018.11.06 03:55:00;EUR;1;German Final Services PMI;53.6;53.6;54.7;;;
2018.11.06 04:00:00;EUR;1;Final Services PMI;53.3;53.3;53.7;;;
2018.11.06 05:00:00;EUR;1;PPI m/m;0.3%;0.4%;0.5%;;0.4%;
2018.11.06 05:35:00;GBP;1;10-y Bond Auction;1.60|1.9;;1.49|2.0;;;
2018.11.06 08:30:00;CAD;1;Building Permits m/m;0.4%;0.3%;0.4%;;-1.1%;
2018.11.06 10:00:00;USD;1;JOLTS Job Openings;7.14M;7.09M;7.01M;;7.29M;
2018.11.06 00:00:00;USD;3;Congressional Elections (All Day);;;;;;
2018.11.06 10:22:00;NZD;1;GDT Price Index;-0.3%;;-2.0%;;;
2018.11.06 13:01:00;USD;1;10-y Bond Auction;3.23|2.4;;3.21|2.5;;;
2018.11.06 16:30:00;AUD;1;AIG Construction Index;49.3;;46.4;;;
2018.11.06 16:45:00;NZD;3;Employment Change q/q;0.5%;0.5%;1.1%;;0.6%;
2018.11.06 16:45:00;NZD;3;Unemployment Rate;4.5%;4.4%;3.9%;;4.4%;
2018.11.06 16:45:00;NZD;1;Labor Cost Index q/q;0.6%;0.5%;0.5%;;;
2018.11.06 19:00:00;JPY;2;Average Cash Earnings y/y;0.9%;1.2%;1.1%;;0.8%;
2018.11.06 21:00:00;NZD;3;Inflation Expectations q/q;2.04%;;2.03%;;;
2018.11.07 00:00:00;JPY;1;Leading Indicators;104.4%;103.9%;103.9%;;104.5%;
2018.11.07 02:00:00;EUR;1;German Industrial Production m/m;-0.3%;0.0%;0.2%;;0.1%;
2018.11.07 03:00:00;CHF;1;Foreign Currency Reserves;740B;;753B;;;
2018.11.07 03:30:00;GBP;1;Halifax HPI m/m;-1.4%;0.5%;0.7%;;-1.3%;
2018.11.07 04:00:00;EUR;1;Italian Retail Sales m/m;0.7%;-0.1%;-0.8%;;0.6%;
2018.11.07 05:00:00;EUR;1;Retail Sales m/m;-0.2%;0.1%;0.0%;;0.3%;
2018.11.07 05:33:00;EUR;1;German 10-y Bond Auction;0.55|1.1;;0.42|1.4;;;
2018.11.07 09:00:00;CHF;2;Gov Board Member Zurbrugg Speaks;;;;;;
2018.11.07 10:00:00;CAD;2;Ivey PMI;50.4;50.9;61.8;;;
2018.11.07 10:30:00;USD;2;Crude Oil Inventories;3.2M;2.0M;5.8M;;;
2018.11.07 13:01:00;USD;1;30-y Bond Auction;3.34|2.4;;3.42|2.1;;;
2018.11.07 15:00:00;NZD;3;Official Cash Rate;1.75%;1.75%;1.75%;;;
2018.11.07 15:00:00;NZD;3;RBNZ Monetary Policy Statement;;;;;;
2018.11.07 15:00:00;NZD;3;RBNZ Rate Statement;;;;;;
2018.11.07 15:00:00;USD;1;Consumer Credit m/m;20.1B;15.7B;10.9B;;22.9B;
2018.11.07 16:00:00;NZD;3;RBNZ Press Conference;;;;;;
2018.11.07 18:50:00;JPY;1;Bank Lending y/y;2.3%;2.4%;2.2%;;;
2018.11.07 18:50:00;JPY;1;BOJ Summary of Opinions;;;;;;
2018.11.07 18:50:00;JPY;1;Core Machinery Orders m/m;6.8%;-9.5%;-18.3%;;;
2018.11.07 18:50:00;JPY;1;Current Account;1.43T;1.36T;1.33T;;;
2018.11.07 19:01:00;GBP;1;RICS House Price Balance;-2%;-2%;-10%;;;
2018.11.07 22:00:00;CNY;2;Trade Balance;213B;209B;234B;;;
2018.11.07 22:00:00;CNY;1;USD-Denominated Trade Balance;31.7B;35.0B;34.0B;;;
2018.11.08 00:00:00;JPY;1;Economy Watchers Sentiment;48.6;48.9;49.5;;;
2018.11.08 01:45:00;CHF;1;Unemployment Rate;2.5%;2.5%;2.5%;;;
2018.11.08 02:00:00;EUR;1;German Trade Balance;18.3B;18.2B;17.6B;;18.2B;
2018.11.08 02:45:00;EUR;1;French Trade Balance;-5.6B;-6.1B;-5.7B;;-5.7B;
2018.11.08 04:00:00;EUR;1;ECB Economic Bulletin;;;;;;
2018.11.08 04:59:00;EUR;1;French 10-y Bond Auction;0.86|1.6;;0.82|1.8;;;
2018.11.08 05:00:00;EUR;2;EU Economic Forecasts;;;;;;
2018.11.08 08:13:00;CAD;1;Housing Starts;189K;199K;206K;;190K;
2018.11.08 08:30:00;CAD;1;NHPI m/m;0.0%;0.1%;0.0%;;;
2018.11.08 08:30:00;USD;1;Unemployment Claims;214K;214K;214K;;215K;
2018.11.08 10:00:00;USD;1;Mortgage Delinquencies;4.36%;;4.47%;;;
2018.11.08 10:30:00;USD;1;Natural Gas Storage;48B;56B;65B;;;
2018.11.08 12:30:00;CHF;2;Gov Board Member Maechler Speaks;;;;;;
2018.11.08 14:00:00;USD;3;Federal Funds Rate;2.25%;2.25%;2.25%;;;
2018.11.08 14:00:00;USD;3;FOMC Statement;;;;;;
2018.11.08 18:50:00;JPY;1;M2 Money Stock y/y;2.8%;2.8%;2.7%;;;
2018.11.08 19:30:00;AUD;3;RBA Monetary Policy Statement;;;;;;
2018.11.08 19:30:00;AUD;1;Home Loans m/m;-2.1%;-0.9%;-1.0%;;-2.2%;
2018.11.08 20:30:00;CNY;1;CPI y/y;2.5%;2.5%;2.5%;;;
2018.11.08 20:30:00;CNY;1;PPI y/y;3.6%;3.3%;3.3%;;;
2018.11.09 02:45:00;EUR;1;French Industrial Production m/m;0.3%;-0.3%;-1.8%;;0.2%;
2018.11.09 04:30:00;GBP;3;GDP m/m;0.0%;0.1%;0.0%;;;
2018.11.09 04:30:00;GBP;3;Manufacturing Production m/m;-0.2%;0.1%;0.2%;;-0.1%;
2018.11.09 04:30:00;GBP;3;Prelim GDP q/q;0.4%;0.6%;0.6%;;;
2018.11.09 04:30:00;GBP;2;Prelim Business Investment q/q;0.5%;0.2%;-1.2%;;-0.7%;
2018.11.09 04:30:00;GBP;1;Construction Output m/m;-0.7%;0.2%;1.7%;;-0.3%;
2018.11.09 04:30:00;GBP;1;Goods Trade Balance;-11.2B;-11.4B;-9.7B;;;
2018.11.09 04:30:00;GBP;1;Index of Services 3m/3m;0.5%;0.5%;0.4%;;;
2018.11.09 04:30:00;GBP;1;Industrial Production m/m;0.2%;-0.1%;0.0%;;0.0%;
2018.11.09 08:30:00;USD;3;PPI m/m;0.2%;0.2%;0.6%;;;
2018.11.09 08:30:00;USD;2;Core PPI m/m;0.2%;0.2%;0.5%;;;
2018.11.09 08:50:00;GBP;1;NIESR GDP Estimate;0.7%;;0.4%;;0.6%;
2018.11.09 09:05:00;USD;2;FOMC Member Quarles Speaks;;;;;;
2018.11.09 10:00:00;USD;2;Prelim UoM Consumer Sentiment;99.0;98.0;98.3;;98.6;
2018.11.09 10:00:00;USD;1;Final Wholesale Inventories m/m;0.3%;0.3%;0.4%;;;
2018.11.09 10:00:00;USD;1;Prelim UoM Inflation Expectations;2.8%;;2.8%;;2.9%;
2018.11.11 18:50:00;JPY;1;PPI y/y;3.0%;2.8%;2.9%;;;
2018.11.12 00:59:00;JPY;1;Prelim Machine Tool Orders y/y;2.8%;;-1.1%;;2.9%;
2018.11.12 04:00:00;EUR;1;Italian Industrial Production m/m;1.7%;-0.5%;-0.2%;;;
2018.11.12 00:00:00;CAD;0;Bank Holiday (All Day);;;;;;
2018.11.12 00:00:00;USD;0;Bank Holiday (All Day);;;;;;
2018.11.12 14:30:00;USD;2;FOMC Member Daly Speaks;;;;;;
2018.11.12 16:45:00;NZD;1;FPI m/m;-0.1%;;-0.6%;;;
2018.11.12 19:30:00;AUD;2;NAB Business Confidence;6;;4;;;
2018.11.12 22:35:00;JPY;1;30-y Bond Auction;0.90|3.9;;0.87|4.0;;;
2018.11.13 02:00:00;EUR;1;German Final CPI m/m;0.2%;0.2%;0.2%;;;
2018.11.13 02:45:00;EUR;1;French Prelim Private Payrolls q/q;0.2%;0.3%;0.2%;;0.1%;
2018.11.13 03:15:00;CHF;1;PPI m/m;-0.2%;0.1%;0.2%;;;
2018.11.13 03:45:00;CNY;1;M2 Money Supply y/y;8.3%;8.3%;8.0%;;;
2018.11.13 03:45:00;CNY;1;New Loans;1380B;915B;697B;;;
2018.11.13 04:30:00;GBP;3;Average Earnings Index 3m/y;2.7%;3.0%;3.0%;;2.8%;
2018.11.13 04:30:00;GBP;2;Unemployment Rate;4.0%;4.0%;4.1%;;;
2018.11.13 04:30:00;GBP;1;Claimant Count Change;18.5K;4.3K;20.2K;;23.2K;
2018.11.13 05:00:00;EUR;2;German ZEW Economic Sentiment;-24.7;-24.2;-24.1;;;
2018.11.13 05:00:00;EUR;1;ZEW Economic Sentiment;-19.4;-17.3;-22.0;;;
2018.11.13 05:14:00;USD;1;NFIB Small Business Index;107.9;108.0;107.4;;;
2018.11.13 10:00:00;USD;2;FOMC Member Brainard Speaks;;;;;;
2018.11.13 14:00:00;USD;1;Federal Budget Balance;119.1B;-116.6B;-100.5B;;;
2018.11.13 14:00:00;USD;1;Loan Officer Survey;;;;;;
2018.11.13 18:30:00;AUD;2;Westpac Consumer Sentiment;1.0%;;2.8%;;;
2018.11.13 18:50:00;JPY;2;Prelim GDP q/q;0.5%;-0.3%;-0.3%;;0.7%;
2018.11.13 18:50:00;JPY;1;Prelim GDP Price Index y/y;0.1%;-0.1%;-0.3%;;0.0%;
2018.11.13 19:30:00;AUD;3;Wage Price Index q/q;0.6%;0.6%;0.6%;;0.5%;
2018.11.13 21:00:00;CNY;2;Fixed Asset Investment ytd/y;5.4%;5.5%;5.7%;;;
2018.11.13 21:00:00;CNY;2;Industrial Production y/y;5.8%;5.8%;5.9%;;;
2018.11.13 21:00:00;CNY;1;Retail Sales y/y;9.2%;9.2%;8.6%;;;
2018.11.13 21:00:00;CNY;1;Unemployment Rate;4.9%;;4.9%;;;
2018.11.13 23:30:00;JPY;1;Tertiary Industry Activity m/m;0.5%;-0.4%;-1.1%;;0.4%;
2018.11.13 23:32:00;JPY;1;Revised Industrial Production m/m;-1.1%;-1.1%;-0.4%;;;
2018.11.14 02:00:00;EUR;3;German Prelim GDP q/q;0.5%;-0.1%;-0.2%;;;
2018.11.14 02:45:00;EUR;1;French Final CPI m/m;0.1%;0.1%;0.1%;;;
2018.11.14 04:30:00;GBP;3;CPI y/y;2.4%;2.5%;2.4%;;;
2018.11.14 04:30:00;GBP;2;PPI Input m/m;1.3%;0.6%;0.8%;;1.4%;
2018.11.14 04:30:00;GBP;2;RPI y/y;3.3%;3.4%;3.3%;;;
2018.11.14 04:30:00;GBP;1;Core CPI y/y;1.9%;1.9%;1.9%;;;
2018.11.14 04:30:00;GBP;1;HPI y/y;3.2%;3.3%;3.5%;;3.1%;
2018.11.14 04:30:00;GBP;1;PPI Output m/m;0.4%;0.2%;0.3%;;;
2018.11.14 05:00:00;EUR;2;Flash GDP q/q;0.2%;0.2%;0.2%;;;
2018.11.14 05:00:00;EUR;1;Flash Employment Change q/q;0.4%;;0.2%;;;
2018.11.14 05:00:00;EUR;1;Industrial Production m/m;1.0%;-0.4%;-0.3%;;1.1%;
2018.11.14 05:33:00;EUR;1;German 30-y Bond Auction;1.04|1.4;;1.04|1.2;;;
2018.11.14 08:30:00;USD;3;Core CPI m/m;0.1%;0.2%;0.2%;;;
2018.11.14 08:30:00;USD;3;CPI m/m;0.1%;0.3%;0.3%;;;
2018.11.14 08:30:00;USD;3;CPI y/y;2.3%;2.5%;2.5%;;;
2018.11.14 10:00:00;USD;2;FOMC Member Quarles Speaks;;;;;;
2018.11.14 18:00:00;USD;3;Fed Chair Powell Speaks;;;;;;
2018.11.14 19:00:00;AUD;1;MI Inflation Expectations;4.0%;;3.6%;;;
2018.11.14 19:30:00;AUD;3;Employment Change;5.6K;19.9K;32.8K;;7.8K;
2018.11.14 19:30:00;AUD;3;Unemployment Rate;5.0%;5.1%;5.0%;;;
2018.11.14 20:30:00;CNY;1;New Home Prices m/m;1.00%;;1.02%;;;
2018.11.14 21:00:00;AUD;2;RBA Deputy Gov Debelle Speaks;;;;;;
2018.11.15 02:00:00;CNY;1;Foreign Direct Investment ytd/y;2.9%;;3.3%;;;
2018.11.15 04:30:00;GBP;3;Retail Sales m/m;-0.8%;0.2%;-0.5%;;-0.4%;
2018.11.15 05:00:00;EUR;1;Trade Balance;16.6B;16.4B;13.4B;;16.8B;
2018.11.15 08:00:00;GBP;2;MPC Member Tenreyro Speaks;;;;;;
2018.11.15 08:30:00;CAD;1;ADP Non-Farm Employment Change;28.8K;;-23.0K;;66.9K;
2018.11.15 08:30:00;USD;3;Core Retail Sales m/m;-0.1%;0.5%;0.7%;;;
2018.11.15 08:30:00;USD;3;Retail Sales m/m;0.1%;0.6%;0.8%;;-0.1%;
2018.11.15 08:30:00;USD;2;Philly Fed Manufacturing Index;22.2;20.1;12.9;;;
2018.11.15 08:30:00;USD;1;Empire State Manufacturing Index;21.1;19.9;23.3;;;
2018.11.15 08:30:00;USD;1;Import Prices m/m;0.5%;0.1%;0.5%;;0.2%;
2018.11.15 08:30:00;USD;1;Unemployment Claims;214K;213K;216K;;;
2018.11.15 10:00:00;USD;2;FOMC Member Quarles Speaks;;;;;;
2018.11.15 10:00:00;USD;1;Business Inventories m/m;0.5%;0.3%;0.3%;;;
2018.11.15 10:30:00;USD;1;Natural Gas Storage;65B;35B;39B;;;
2018.11.15 11:00:00;USD;2;Crude Oil Inventories;5.8M;2.9M;10.3M;;;
2018.11.15 11:30:00;USD;3;Fed Chair Powell Speaks;;;;;;
2018.11.15 13:00:00;USD;2;FOMC Member Bostic Speaks;;;;;;
2018.11.15 16:30:00;NZD;2;BusinessNZ Manufacturing Index;51.7;;53.5;;51.9;
2018.11.16 02:00:00;EUR;1;German WPI m/m;0.4%;0.2%;0.3%;;;
2018.11.16 03:30:00;EUR;3;ECB President Draghi Speaks;;;;;;
2018.11.16 05:00:00;EUR;1;Final Core CPI y/y;1.1%;1.1%;1.1%;;;
2018.11.16 05:00:00;EUR;1;Final CPI y/y;2.1%;2.2%;2.2%;;;
2018.11.16 05:08:00;EUR;1;Italian Trade Balance;2.56B;2.87B;1.27B;;2.49B;
2018.11.16 08:00:00;EUR;2;German Buba President Weidmann Speaks;;;;;;
2018.11.16 08:30:00;CAD;2;Manufacturing Sales m/m;-0.4%;0.1%;0.2%;;-0.5%;
2018.11.16 08:30:00;CAD;1;Foreign Securities Purchases;2.82B;0.30B;7.70B;;2.63B;
2018.11.16 09:15:00;USD;1;Capacity Utilization Rate;78.1%;78.3%;78.4%;;78.5%;
2018.11.16 09:15:00;USD;1;Industrial Production m/m;0.3%;0.2%;0.1%;;0.2%;
2018.11.16 09:30:00;GBP;1;CB Leading Index m/m;-0.2%;;-0.4%;;;
2018.11.16 10:30:00;AUD;1;CB Leading Index m/m;0.2%;;-0.1%;;;
2018.11.16 16:00:00;USD;1;TIC Long-Term Purchases;131.8B;46.2B;30.8B;;131.7B;
2018.11.18 16:30:00;NZD;1;BusinessNZ Services Index;53.9;;55.4;;54.2;
2018.11.18 16:45:00;NZD;1;PPI Input q/q;1.0%;0.8%;1.4%;;;
2018.11.18 16:45:00;NZD;1;PPI Output q/q;0.9%;0.9%;1.5%;;;
2018.11.18 18:50:00;JPY;1;Trade Balance;-0.24T;-0.48T;-0.30T;;-0.14T;
2018.11.18 19:01:00;GBP;1;Rightmove HPI m/m;1.0%;;-1.7%;;;
2018.11.19 04:00:00;EUR;1;Current Account;23.9B;24.2B;17.0B;;24.3B;
2018.11.19 00:00:00;EUR;1;Eurogroup Meetings (All Day);;;;;;
2018.11.19 06:00:00;EUR;1;German Buba Monthly Report;;;;;;
2018.11.19 10:00:00;USD;1;NAHB Housing Market Index;68;67;60;;;
2018.11.19 10:45:00;USD;1;FOMC Member Williams Speaks;;;;;;
2018.11.19 19:30:00;AUD;2;Monetary Policy Meeting Minutes;;;;;;
2018.11.20 02:00:00;EUR;1;German PPI m/m;0.5%;0.3%;0.3%;;;
2018.11.20 02:08:00;CHF;1;Trade Balance;2.43B;2.89B;3.75B;;2.23B;
2018.11.20 03:20:00;AUD;2;RBA Gov Lowe Speaks;;;;;;
2018.11.20 05:00:00;GBP;3;Monetary Policy Report Hearings;;;;;;
2018.11.20 00:00:00;EUR;1;ECOFIN Meetings (All Day);;;;;;
2018.11.20 06:00:00;GBP;1;CBI Industrial Order Expectations;-6;-6;10;;;
2018.11.20 08:30:00;USD;2;Building Permits;1.24M;1.26M;1.26M;;1.27M;
2018.11.20 08:30:00;USD;2;Housing Starts;1.20M;1.23M;1.23M;;1.21M;
2018.11.20 09:34:00;NZD;1;GDT Price Index;-2.0%;;-3.5%;;;
2018.11.20 10:00:00;EUR;2;German Buba President Weidmann Speaks;;;;;;
2018.11.20 12:45:00;CAD;2;Gov Council Member Wilkins Speaks;;;;;;
2018.11.20 17:00:00;CAD;2;Gov Council Member Lane Speaks;;;;;;
2018.11.20 18:30:00;AUD;1;MI Leading Index m/m;-0.1%;;0.1%;;0.0%;
2018.11.20 21:00:00;NZD;1;Credit Card Spending y/y;7.8%;;6.3%;;;
2018.11.20 23:30:00;JPY;1;All Industries Activity m/m;0.5%;-0.8%;-0.9%;;0.4%;
2018.11.21 04:30:00;GBP;2;Public Sector Net Borrowing;3.3B;5.6B;8.0B;;2.0B;
2018.11.21 08:30:00;CAD;1;Wholesale Sales m/m;-0.1%;0.1%;-0.5%;;;
2018.11.21 08:30:00;USD;3;Core Durable Goods Orders m/m;0.1%;0.4%;0.1%;;0.0%;
2018.11.21 08:30:00;USD;2;Durable Goods Orders m/m;0.8%;-2.2%;-4.4%;;0.7%;
2018.11.21 08:30:00;USD;1;Unemployment Claims;216K;215K;224K;;221K;
2018.11.21 10:00:00;USD;2;Revised UoM Consumer Sentiment;98.3;98.4;97.5;;;
2018.11.21 10:00:00;USD;1;CB Leading Index m/m;0.5%;0.2%;0.1%;;0.6%;
2018.11.21 10:00:00;USD;1;Existing Home Sales;5.15M;5.20M;5.22M;;;
2018.11.21 10:00:00;USD;1;Revised UoM Inflation Expectations;2.8%;;2.8%;;;
2018.11.21 10:30:00;USD;2;Crude Oil Inventories;10.3M;2.5M;4.9M;;;
2018.11.21 12:00:00;USD;1;Natural Gas Storage;39B;-105B;-134B;;;
2018.11.21 16:45:00;NZD;1;Visitor Arrivals m/m;-1.9%;;4.0%;;-1.7%;
2018.11.21 18:30:00;JPY;1;National Core CPI y/y;1.0%;1.0%;1.0%;;;
2018.11.22 04:49:00;EUR;1;Spanish 10-y Bond Auction;1.64|2.1;;1.61|1.6;;;
2018.11.22 07:30:00;EUR;1;ECB Monetary Policy Meeting Accounts;;;;;;
2018.11.22 07:39:00;GBP;3;Prime Minister May Speaks;;;;;;
2018.11.22 00:00:00;USD;0;Bank Holiday (All Day);;;;;;
2018.11.22 08:30:00;CAD;1;Corporate Profits q/q;1.0%;;3.9%;;;
2018.11.22 09:45:00;CAD;1;Gov Council Member Wilkins Speaks;;;;;;
2018.11.22 09:57:00;EUR;1;Consumer Confidence;-3;-3;-4;;;
2018.11.22 10:30:00;CAD;1;BOC Financial System Review;;;;;;
2018.11.22 15:55:00;GBP;2;MPC Member Saunders Speaks;;;;;;
2018.11.22 17:00:00;AUD;1;Flash Manufacturing PMI;54.3;;54.5;;54.5;
2018.11.22 17:00:00;AUD;1;Flash Services PMI;50.8;;52.6;;51.7;
2018.11.22 00:00:00;JPY;0;Bank Holiday (All Day);;;;;;
2018.11.23 02:00:00;EUR;1;German Final GDP q/q;-0.2%;-0.2%;-0.2%;;;
2018.11.23 03:15:00;EUR;2;French Flash Manufacturing PMI;51.2;51.3;50.7;;;
2018.11.23 03:15:00;EUR;2;French Flash Services PMI;55.6;54.9;55.0;;55.3;
2018.11.23 03:30:00;EUR;2;German Flash Manufacturing PMI;52.3;52.3;51.6;;52.2;
2018.11.23 03:30:00;EUR;2;German Flash Services PMI;53.6;54.6;53.3;;54.7;
2018.11.23 04:00:00;EUR;2;Flash Manufacturing PMI;52.1;52.0;51.5;;52.0;
2018.11.23 04:00:00;EUR;2;Flash Services PMI;53.3;53.6;53.1;;53.7;
2018.11.23 08:30:00;CAD;3;Core Retail Sales m/m;-0.4%;0.3%;0.1%;;;
2018.11.23 08:30:00;CAD;3;CPI m/m;-0.4%;0.1%;0.3%;;;
2018.11.23 08:30:00;CAD;2;Common CPI y/y;1.9%;1.9%;1.9%;;;
2018.11.23 08:30:00;CAD;2;Median CPI y/y;2.0%;2.0%;2.0%;;1.9%;
2018.11.23 08:30:00;CAD;2;Retail Sales m/m;-0.1%;0.1%;0.2%;;;
2018.11.23 08:30:00;CAD;2;Trimmed CPI y/y;2.1%;2.1%;2.1%;;2.0%;
2018.11.23 08:30:00;CAD;1;Core CPI m/m;0.0%;;0.4%;;;
2018.11.23 08:59:00;EUR;1;Belgian NBB Business Climate;-1.1;-1.8;0.4;;;
2018.11.23 09:45:00;USD;1;Flash Manufacturing PMI;55.9;55.8;55.4;;55.7;
2018.11.23 09:45:00;USD;1;Flash Services PMI;54.7;55.0;54.4;;54.8;
2018.11.25 00:00:00;EUR;3;EU Economic Summit (All Day);;;;;;
2018.11.25 16:45:00;NZD;3;Retail Sales q/q;1.1%;1.0%;0.0%;;;
2018.11.25 16:45:00;NZD;2;Core Retail Sales q/q;1.4%;1.5%;0.4%;;1.3%;
2018.11.25 17:15:00;AUD;2;RBA Gov Lowe Speaks;;;;;;
2018.11.25 19:30:00;JPY;1;Flash Manufacturing PMI;53.1;53.0;51.8;;52.9;
2018.11.25 22:00:00;AUD;2;RBA Assist Gov Kent Speaks;;;;;;
2018.11.26 04:00:00;EUR;2;German ifo Business Climate;102.8;102.3;102.0;;102.9;
2018.11.26 04:30:00;GBP;1;High Street Lending;38.5K;38.9K;39.7K;;38.7K;
2018.11.26 09:00:00;CNY;1;CB Leading Index m/m;1.2%;;1.2%;;1.0%;
2018.11.26 09:00:00;EUR;3;ECB President Draghi Speaks;;;;;;
2018.11.26 13:30:00;GBP;3;BOE Gov Carney Speaks;;;;;;
2018.11.26 16:45:00;NZD;2;Trade Balance;-1560M;-850M;-1295M;;-1596M;
2018.11.26 18:50:00;JPY;1;SPPI y/y;1.2%;1.2%;1.3%;;1.1%;
2018.11.27 00:00:00;JPY;1;BOJ Core CPI y/y;0.5%;0.5%;0.6%;;;
2018.11.27 06:00:00;GBP;1;CBI Realized Sales;5;10;19;;;
2018.11.27 08:30:00;USD;2;FOMC Member Clarida Speaks;;;;;;
2018.11.27 09:00:00;USD;1;HPI m/m;0.3%;0.4%;0.2%;;0.4%;
2018.11.27 09:00:00;USD;1;S&P/CS Composite-20 HPI y/y;5.5%;5.3%;5.1%;;;
2018.11.27 10:00:00;USD;3;CB Consumer Confidence;137.9;136.2;135.7;;;
2018.11.27 14:30:00;USD;2;FOMC Member Bostic Speaks;;;;;;
2018.11.27 15:00:00;NZD;3;RBNZ Financial Stability Report;;;;;;
2018.11.27 17:00:00;NZD;3;RBNZ Gov Orr Speaks;;;;;;
2018.11.27 19:00:00;NZD;3;RBNZ Gov Orr Speaks;;;;;;
2018.11.27 19:01:00;GBP;1;BRC Shop Price Index y/y;-0.2%;;0.1%;;;
2018.11.27 19:30:00;AUD;2;Construction Work Done q/q;1.6%;0.9%;-2.8%;;1.8%;
2018.11.28 02:00:00;EUR;1;German GfK Consumer Climate;10.6;10.5;10.4;;;
2018.11.28 04:00:00;CHF;1;Credit Suisse Economic Expectations;-39.1;;-42.3;;;
2018.11.28 04:00:00;EUR;1;M3 Money Supply y/y;3.5%;3.5%;3.9%;;3.6%;
2018.11.28 04:03:00;EUR;1;Private Loans y/y;3.1%;3.2%;3.2%;;3.2%;
2018.11.28 05:34:00;EUR;1;German 10-y Bond Auction;0.42|1.4;;0.34|1.6;;;
2018.11.28 08:30:00;USD;3;Prelim GDP q/q;3.5%;3.6%;3.5%;;;
2018.11.28 08:30:00;USD;1;Goods Trade Balance;-76.0B;-76.7B;-77.2B;;-76.3B;
2018.11.28 08:30:00;USD;1;Prelim GDP Price Index q/q;1.7%;1.7%;1.7%;;;
2018.11.28 08:30:00;USD;1;Prelim Wholesale Inventories m/m;0.3%;0.5%;0.7%;;0.4%;
2018.11.28 10:00:00;USD;1;New Home Sales;553K;583K;544K;;597K;
2018.11.28 10:00:00;USD;1;Richmond Manufacturing Index;15;16;14;;;
2018.11.28 10:30:00;USD;2;Crude Oil Inventories;4.9M;0.6M;3.6M;;;
2018.11.28 11:40:00;GBP;3;Bank Stress Test Results;;;;;;
2018.11.28 11:40:00;GBP;2;BOE Financial Stability Report;;;;;;
2018.11.28 11:40:00;GBP;1;FPC Statement;;;;;;
2018.11.28 11:45:00;GBP;3;BOE Gov Carney Speaks;;;;;;
2018.11.28 12:00:00;USD;3;Fed Chair Powell Speaks;;;;;;
2018.11.28 18:50:00;JPY;1;Retail Sales y/y;2.1%;2.7%;3.5%;;2.2%;
2018.11.28 19:00:00;NZD;3;ANZ Business Confidence;-37.1;;-37.1;;;
2018.11.28 19:30:00;AUD;3;Private Capital Expenditure q/q;-2.5%;1.1%;-0.5%;;-0.9%;
2018.11.28 23:00:00;AUD;1;HIA New Home Sales m/m;1.1%;;-0.8%;;;
2018.11.29 01:45:00;CHF;1;GDP q/q;0.7%;0.4%;-0.2%;;;
2018.11.29 00:00:00;EUR;2;German Prelim CPI m/m (All Day);0.2%;0.2%;0.1%;;;
2018.11.29 02:45:00;EUR;1;French Consumer Spending m/m;-1.7%;0.5%;0.8%;;-2.0%;
2018.11.29 02:45:00;EUR;1;French Prelim GDP q/q;0.4%;0.4%;0.4%;;;
2018.11.29 03:00:00;EUR;1;Spanish Flash CPI y/y;2.3%;2.0%;1.7%;;;
2018.11.29 03:55:00;EUR;1;German Unemployment Change;-11K;-10K;-16K;;-12K;
2018.11.29 04:30:00;GBP;2;Net Lending to Individuals m/m;4.7B;4.5B;5.0B;;4.9B;
2018.11.29 04:30:00;GBP;1;M4 Money Supply m/m;-0.3%;0.3%;0.7%;;;
2018.11.29 04:30:00;GBP;1;Mortgage Approvals;65K;65K;67K;;66K;
2018.11.29 05:21:00;EUR;1;Italian 10-y Bond Auction;3.36|1.5;;3.24|1.4;;;
2018.11.29 06:30:00;EUR;1;ECB Financial Stability Review;;;;;;
2018.11.29 08:30:00;CAD;2;Current Account;-15.9B;-11.9B;-10.3B;;-16.7B;
2018.11.29 08:30:00;USD;2;Core PCE Price Index m/m;0.2%;0.2%;0.1%;;;
2018.11.29 08:30:00;USD;2;Personal Spending m/m;0.4%;0.4%;0.6%;;0.2%;
2018.11.29 08:30:00;USD;1;Personal Income m/m;0.2%;0.4%;0.5%;;;
2018.11.29 08:30:00;USD;1;Unemployment Claims;224K;221K;234K;;;
2018.11.29 08:37:00;GBP;1;GfK Consumer Confidence;-10;-11;-13;;;
2018.11.29 10:00:00;USD;1;Pending Home Sales m/m;0.5%;0.8%;-2.6%;;0.7%;
2018.11.29 10:30:00;USD;1;Natural Gas Storage;-134B;-76B;-59B;;;
2018.11.29 14:00:00;USD;3;FOMC Meeting Minutes;;;;;;
2018.11.29 16:45:00;NZD;1;Building Consents m/m;-1.5%;;1.5%;;-1.3%;
2018.11.29 18:30:00;JPY;1;Tokyo Core CPI y/y;1.0%;1.1%;1.0%;;;
2018.11.29 18:30:00;JPY;1;Unemployment Rate;2.3%;2.3%;2.4%;;;
2018.11.29 18:50:00;JPY;1;Prelim Industrial Production m/m;-1.1%;1.3%;2.9%;;-0.4%;
2018.11.29 19:30:00;AUD;1;Private Sector Credit m/m;0.4%;0.4%;0.4%;;;
2018.11.29 19:59:00;CNY;2;Manufacturing PMI;50.2;50.2;50.0;;;
2018.11.29 20:00:00;CNY;2;Non-Manufacturing PMI;53.9;53.8;53.4;;;
2018.11.29 20:00:00;NZD;3;RBNZ Gov Orr Speaks;;;;;;
2018.11.30 00:00:00;JPY;1;Consumer Confidence;43.0;43.3;42.9;;;
2018.11.30 00:02:00;JPY;1;Housing Starts y/y;-1.5%;0.4%;0.3%;;;
2018.11.30 00:00:00;All;3;G20 Meetings (Day 1);;;;;;
2018.11.30 01:59:00;GBP;1;Nationwide HPI m/m;0.0%;0.1%;0.3%;;;
2018.11.30 02:00:00;EUR;1;German Import Prices m/m;0.4%;0.4%;1.0%;;;
2018.11.30 02:00:00;EUR;1;German Retail Sales m/m;0.1%;0.4%;-0.3%;;;
2018.11.30 02:45:00;EUR;1;French Prelim CPI m/m;0.1%;-0.2%;-0.2%;;;
2018.11.30 03:00:00;CHF;2;KOF Economic Barometer;100.1;99.6;99.1;;100.2;
2018.11.30 04:00:00;EUR;1;Italian Monthly Unemployment Rate;10.1%;10.1%;10.6%;;10.3%;
2018.11.30 05:00:00;EUR;2;Core CPI Flash Estimate y/y;1.1%;1.1%;1.0%;;;
2018.11.30 05:00:00;EUR;2;CPI Flash Estimate y/y;2.2%;2.1%;2.0%;;;
2018.11.30 05:00:00;EUR;1;Italian Prelim CPI m/m;0.0%;-0.3%;-0.1%;;;
2018.11.30 05:00:00;EUR;1;Unemployment Rate;8.1%;8.0%;8.1%;;;
2018.11.30 08:30:00;CAD;3;GDP m/m;0.1%;0.1%;-0.1%;;;
2018.11.30 08:30:00;CAD;2;RMPI m/m;-0.9%;-5.2%;-2.4%;;-1.0%;
2018.11.30 08:30:00;CAD;1;IPPI m/m;0.1%;-0.5%;0.2%;;0.2%;
2018.11.30 09:00:00;USD;2;FOMC Member Williams Speaks;;;;;;
2018.11.30 09:45:00;USD;2;Chicago PMI;58.4;58.6;66.4;;;
