2018.01.01 00:00:00;CHF;0;Bank Holiday (All Day);;;;;;
2018.01.01 00:00:00;EUR;0;French Bank Holiday (All Day);;;;;;
2018.01.01 00:00:00;EUR;0;German Bank Holiday (All Day);;;;;;
2018.01.01 00:00:00;EUR;0;Italian Bank Holiday (All Day);;;;;;
2018.01.01 00:00:00;GBP;0;Bank Holiday (All Day);;;;;;
2018.01.01 00:00:00;CAD;0;Bank Holiday (All Day);;;;;;
2018.01.01 00:00:00;USD;0;Bank Holiday (All Day);;;;;;
2018.01.01 00:00:00;NZD;0;Bank Holiday (All Day);;;;;;
2018.01.01 17:30:00;AUD;1;AIG Manufacturing Index;57.3;;56.2;;;
2018.01.01 00:00:00;JPY;0;Bank Holiday (All Day);;;;;;
2018.01.01 20:45:00;CNY;2;Caixin Manufacturing PMI;50.8;50.7;51.5;;;
2018.01.02 00:30:00;AUD;1;Commodity Prices y/y;-3.3%;;-5.9%;;-4.0%;
2018.01.02 00:00:00;CHF;0;Bank Holiday (All Day);;;;;;
2018.01.02 03:15:00;EUR;1;Spanish Manufacturing PMI;56.1;56.4;55.8;;;
2018.01.02 03:45:00;EUR;1;Italian Manufacturing PMI;58.3;58.6;57.4;;;
2018.01.02 03:50:00;EUR;1;French Final Manufacturing PMI;59.3;59.3;58.8;;;
2018.01.02 03:55:00;EUR;1;German Final Manufacturing PMI;63.3;63.3;63.3;;;
2018.01.02 04:00:00;EUR;1;Final Manufacturing PMI;60.6;60.6;60.6;;;
2018.01.02 04:30:00;GBP;3;Final Manufacturing PMI;58.2;58.0;56.3;;;
2018.01.02 04:36:00;GBP;1;Housing Equity Withdrawal q/q;-4.1B;-6.2B;-5.9B;;-5.8B;
2018.01.02 09:25:00;NZD;2;GDT Price Index;-3.9%;;2.2%;;;
2018.01.02 09:30:00;CAD;1;Manufacturing PMI;54.4;;54.7;;;
2018.01.02 09:45:00;USD;1;Final Manufacturing PMI;55.0;55.0;55.1;;;
2018.01.02 00:00:00;JPY;0;Bank Holiday (All Day);;;;;;
2018.01.03 03:00:00;EUR;2;Spanish Unemployment Change;7.3K;-58.7K;-61.5K;;;
2018.01.03 03:30:00;CHF;1;Manufacturing PMI;65.1;64.6;65.2;;;
2018.01.03 03:55:00;EUR;1;German Unemployment Change;-18K;-13K;-29K;;-20K;
2018.01.03 04:30:00;GBP;3;Construction PMI;53.1;52.8;52.2;;;
2018.01.03 10:00:00;USD;3;ISM Manufacturing PMI;58.2;58.1;59.7;;;
2018.01.03 10:00:00;USD;1;Construction Spending m/m;1.4%;0.6%;0.8%;;0.9%;
2018.01.03 10:00:00;USD;1;ISM Manufacturing Prices;65.5;64.8;69.0;;;
2018.01.03 00:00:00;USD;1;Wards Total Vehicle Sales (All Day);17.4M;17.5M;17.8M;;;
2018.01.03 00:00:00;USD;1;Total Vehicle Sales (All Day);17.5M;17.5M;17.9M;;;
2018.01.03 14:00:00;USD;3;FOMC Meeting Minutes;;;;;;
2018.01.03 17:30:00;AUD;1;AIG Services Index;51.7;;52.0;;;
2018.01.03 19:30:00;JPY;1;Final Manufacturing PMI;54.2;54.2;54.0;;;
2018.01.03 20:45:00;CNY;2;Caixin Services PMI;51.9;51.8;53.9;;;
2018.01.04 01:57:00;GBP;1;Nationwide HPI m/m;0.1%;0.1%;0.6%;;;
2018.01.04 03:15:00;EUR;1;Spanish Services PMI;54.4;54.7;54.6;;;
2018.01.04 03:45:00;EUR;1;Italian Services PMI;54.7;54.7;55.4;;;
2018.01.04 03:50:00;EUR;1;French Final Services PMI;59.4;59.4;59.1;;;
2018.01.04 03:55:00;EUR;1;German Final Services PMI;55.8;55.8;55.8;;;
2018.01.04 04:00:00;EUR;1;Final Services PMI;56.5;56.5;56.6;;;
2018.01.04 04:30:00;GBP;3;Final Services PMI;53.8;54.1;54.2;;;
2018.01.04 04:30:00;GBP;2;Net Lending to Individuals m/m;4.8B;4.9B;4.9B;;4.7B;
2018.01.04 04:30:00;GBP;1;M4 Money Supply m/m;0.6%;0.4%;0.1%;;;
2018.01.04 04:30:00;GBP;1;Mortgage Approvals;65K;64K;65K;;;
2018.01.04 04:51:00;EUR;1;Spanish 10-y Bond Auction;1.49|2.0;;1.53|1.8;;;
2018.01.04 05:01:00;EUR;1;French 10-y Bond Auction;0.36|1.9;;0.79|1.4;;;
2018.01.04 07:30:00;USD;1;Challenger Job Cuts y/y;30.1%;;-3.6%;;;
2018.01.04 08:15:00;USD;3;ADP Non-Farm Employment Change;190K;191K;250K;;185K;
2018.01.04 08:30:00;CAD;2;RMPI m/m;3.8%;4.0%;5.5%;;;
2018.01.04 08:30:00;CAD;1;IPPI m/m;1.0%;0.8%;1.4%;;1.1%;
2018.01.04 08:30:00;USD;3;Unemployment Claims;245K;241K;250K;;247K;
2018.01.04 09:45:00;USD;1;Final Services PMI;52.4;52.4;53.7;;;
2018.01.04 10:30:00;USD;1;Natural Gas Storage;-112B;-221B;-206B;;;
2018.01.04 11:00:00;USD;3;Crude Oil Inventories;-4.6M;-5.2M;-7.4M;;;
2018.01.04 18:50:00;JPY;1;Monetary Base y/y;13.2%;13.1%;11.2%;;;
2018.01.04 19:01:00;GBP;1;BRC Shop Price Index y/y;-0.1%;;-0.6%;;;
2018.01.04 19:30:00;AUD;3;Goods Trade Balance;0.11B;0.55B;-0.63B;;-0.30B;
2018.01.05 02:00:00;EUR;2;German Retail Sales m/m;-1.2%;1.0%;2.3%;;-1.0%;
2018.01.05 02:45:00;EUR;1;French Prelim CPI m/m;0.1%;0.3%;0.3%;;;
2018.01.05 04:10:00;EUR;1;Retail PMI;52.4;;53.0;;;
2018.01.05 05:00:00;EUR;3;CPI Flash Estimate y/y;1.5%;1.4%;1.4%;;;
2018.01.05 05:00:00;EUR;2;Core CPI Flash Estimate y/y;0.9%;1.0%;0.9%;;;
2018.01.05 05:00:00;EUR;1;PPI m/m;0.4%;0.3%;0.6%;;;
2018.01.05 05:00:00;EUR;1;Italian Prelim CPI m/m;-0.2%;0.2%;0.4%;;;
2018.01.05 08:30:00;CAD;3;Employment Change;79.5K;1.8K;78.6K;;;
2018.01.05 08:30:00;CAD;3;Trade Balance;-1.5B;-1.2B;-2.5B;;-1.6B;
2018.01.05 08:30:00;CAD;3;Unemployment Rate;5.9%;6.0%;5.7%;;;
2018.01.05 08:30:00;USD;3;Average Hourly Earnings m/m;0.2%;0.3%;0.3%;;0.1%;
2018.01.05 08:30:00;USD;3;Non-Farm Employment Change;228K;190K;148K;;252K;
2018.01.05 08:30:00;USD;3;Unemployment Rate;4.1%;4.1%;4.1%;;;
2018.01.05 08:30:00;USD;1;Trade Balance;-48.7B;-49.7B;-50.5B;;-48.9B;
2018.01.05 10:00:00;CAD;2;Ivey PMI;63.0;62.2;60.4;;;
2018.01.05 10:00:00;USD;3;ISM Services PMI;57.4;57.6;55.9;;;
2018.01.05 10:00:00;USD;1;Factory Orders m/m;-0.1%;1.1%;1.3%;;0.4%;
2018.01.05 12:30:00;USD;2;FOMC Member Mester Speaks;;;;;;
2018.01.06 10:15:00;USD;2;FOMC Member Mester Speaks;;;;;;
2018.01.07 08:00:00;USD;2;FOMC Member Williams Speaks;;;;;;
2018.01.07 17:30:00;AUD;1;AIG Construction Index;57.5;;52.8;;;
2018.01.07 00:00:00;JPY;0;Bank Holiday (All Day);;;;;;
2018.01.08 02:00:00;EUR;1;German Factory Orders m/m;0.5%;0.1%;-0.4%;;0.7%;
2018.01.08 03:15:00;CHF;1;CPI m/m;-0.1%;-0.1%;0.0%;;;
2018.01.08 03:30:00;GBP;2;Halifax HPI m/m;0.5%;0.2%;-0.6%;;0.3%;
2018.01.08 04:30:00;EUR;1;Sentix Investor Confidence;31.1;31.5;32.9;;;
2018.01.08 05:00:00;EUR;1;Retail Sales m/m;-1.1%;1.4%;1.5%;;;
2018.01.08 10:30:00;CAD;3;BOC Business Outlook Survey;;;;;;
2018.01.08 12:40:00;USD;2;FOMC Member Bostic Speaks;;;;;;
2018.01.08 13:35:00;USD;2;FOMC Member Williams Speaks;;;;;;
2018.01.08 15:00:00;USD;1;Consumer Credit m/m;20.5B;17.8B;28.0B;;;
2018.01.08 19:00:00;JPY;1;Average Cash Earnings y/y;0.6%;0.6%;0.9%;;0.2%;
2018.01.08 19:01:00;GBP;1;BRC Retail Sales Monitor y/y;0.6%;;0.6%;;;
2018.01.08 19:30:00;AUD;2;Building Approvals m/m;0.9%;-0.9%;11.7%;;-0.1%;
2018.01.08 19:30:00;AUD;1;ANZ Job Advertisements m/m;1.5%;;-2.3%;;1.1%;
2018.01.09 00:00:00;JPY;1;Consumer Confidence;44.9;45.1;44.7;;;
2018.01.09 01:45:00;CHF;1;Unemployment Rate;3.0%;3.0%;3.0%;;3.1%;
2018.01.09 02:00:00;EUR;1;German Industrial Production m/m;-1.4%;1.9%;3.4%;;-1.2%;
2018.01.09 02:00:00;EUR;1;German Trade Balance;19.9B;20.7B;22.3B;;;
2018.01.09 02:45:00;EUR;1;French Trade Balance;-5.0B;-4.8B;-5.7B;;-5.3B;
2018.01.09 03:00:00;CHF;1;Foreign Currency Reserves;738B;;744B;;;
2018.01.09 03:15:00;CHF;1;Retail Sales y/y;-3.0%;-2.5%;-0.2%;;-2.6%;
2018.01.09 04:00:00;EUR;1;Italian Monthly Unemployment Rate;11.1%;11.0%;11.0%;;;
2018.01.09 05:00:00;EUR;1;Unemployment Rate;8.8%;8.7%;8.7%;;;
2018.01.09 05:37:00;GBP;1;10-y Bond Auction;1.34|2.3;;1.29|2.4;;;
2018.01.09 06:00:00;USD;1;NFIB Small Business Index;107.5;108.4;104.9;;;
2018.01.09 08:13:00;CAD;1;Housing Starts;252K;240K;217K;;;
2018.01.09 10:00:00;USD;1;JOLTS Job Openings;6.00M;6.05M;5.88M;;5.93M;
2018.01.09 20:30:00;CNY;2;CPI y/y;1.7%;1.9%;1.8%;;;
2018.01.09 20:30:00;CNY;2;PPI y/y;5.8%;4.8%;4.9%;;;
2018.01.09 22:45:00;JPY;1;10-y Bond Auction;0.06|3.7;;0.08|3.7;;;
2018.01.10 02:45:00;EUR;1;French Industrial Production m/m;1.9%;-0.4%;-0.5%;;1.7%;
2018.01.10 04:30:00;GBP;3;Manufacturing Production m/m;0.1%;0.3%;0.4%;;0.3%;
2018.01.10 04:30:00;GBP;2;Goods Trade Balance;-10.8B;-10.9B;-12.2B;;-11.7B;
2018.01.10 04:30:00;GBP;1;Construction Output m/m;-1.7%;0.7%;0.4%;;-1.1%;
2018.01.10 04:30:00;GBP;1;Industrial Production m/m;0.0%;0.4%;0.4%;;0.2%;
2018.01.10 05:32:00;EUR;1;German 10-y Bond Auction;0.30|1.1;;0.54|1.1;;;
2018.01.10 07:13:00;GBP;1;NIESR GDP Estimate;0.5%;;0.6%;;0.6%;
2018.01.10 08:30:00;CAD;2;Building Permits m/m;3.5%;-0.7%;-7.7%;;4.4%;
2018.01.10 08:30:00;USD;2;Import Prices m/m;0.7%;0.4%;0.1%;;0.8%;
2018.01.10 10:00:00;USD;1;Final Wholesale Inventories m/m;0.7%;0.7%;0.8%;;;
2018.01.10 10:30:00;USD;3;Crude Oil Inventories;-7.4M;-3.9M;-4.9M;;;
2018.01.10 13:01:00;USD;1;10-y Bond Auction;2.38|2.4;;2.58|2.7;;;
2018.01.10 19:30:00;AUD;3;Retail Sales m/m;0.5%;0.4%;1.2%;;;
2018.01.11 00:00:00;JPY;1;Leading Indicators;106.1%;108.7%;108.6%;;106.5%;
2018.01.11 04:03:00;EUR;1;Italian Retail Sales m/m;-1.0%;0.8%;1.1%;;;
2018.01.11 04:30:00;GBP;2;BOE Credit Conditions Survey;;;;;;
2018.01.11 05:00:00;EUR;1;Industrial Production m/m;0.2%;0.8%;1.0%;;0.4%;
2018.01.11 07:30:00;EUR;2;ECB Monetary Policy Meeting Accounts;;;;;;
2018.01.11 08:30:00;CAD;2;NHPI m/m;0.1%;0.2%;0.1%;;;
2018.01.11 08:30:00;USD;3;PPI m/m;0.4%;0.2%;-0.1%;;;
2018.01.11 08:30:00;USD;2;Core PPI m/m;0.3%;0.2%;-0.1%;;;
2018.01.11 08:30:00;USD;2;Unemployment Claims;250K;246K;261K;;;
2018.01.11 10:30:00;USD;1;Natural Gas Storage;-206B;-318B;-359B;;;
2018.01.11 13:01:00;USD;1;30-y Bond Auction;2.80|2.5;;2.87|2.7;;;
2018.01.11 14:00:00;USD;1;Federal Budget Balance;-138.5B;-34.5B;-23.2B;;;
2018.01.11 15:30:00;USD;2;FOMC Member Dudley Speaks;;;;;;
2018.01.11 16:45:00;NZD;1;Building Consents m/m;-9.6%;;10.8%;;-10.4%;
2018.01.11 18:50:00;JPY;1;Bank Lending y/y;2.7%;2.7%;2.5%;;;
2018.01.11 18:50:00;JPY;1;Current Account;2.44T;2.19T;1.70T;;;
2018.01.11 22:03:00;CNY;1;USD-Denominated Trade Balance;40.2B;36.9B;54.7B;;;
2018.01.11 22:07:00;CNY;2;Trade Balance;264B;237B;362B;;;
2018.01.12 00:00:00;JPY;1;Economy Watchers Sentiment;55.1;55.2;53.9;;;
2018.01.12 02:45:00;EUR;1;French Final CPI m/m;0.3%;0.3%;0.3%;;;
2018.01.12 03:00:00;CNY;1;M2 Money Supply y/y;9.1%;9.2%;8.2%;;;
2018.01.12 03:00:00;CNY;1;New Loans;1120B;997B;584B;;;
2018.01.12 04:00:00;EUR;1;Italian Industrial Production m/m;0.5%;0.6%;0.0%;;0.6%;
2018.01.12 08:30:00;USD;3;Core CPI m/m;0.1%;0.2%;0.3%;;;
2018.01.12 08:30:00;USD;3;Core Retail Sales m/m;1.0%;0.3%;0.4%;;1.3%;
2018.01.12 08:30:00;USD;3;CPI m/m;0.4%;0.1%;0.1%;;;
2018.01.12 08:30:00;USD;3;CPI y/y;2.2%;2.1%;2.1%;;;
2018.01.12 08:30:00;USD;3;Retail Sales m/m;0.8%;0.5%;0.4%;;0.9%;
2018.01.12 09:59:00;USD;1;RCM/TIPP Economic Optimism;51.9;52.3;55.1;;;
2018.01.12 10:00:00;USD;1;Business Inventories m/m;-0.1%;0.4%;0.4%;;0.0%;
2018.01.12 11:30:00;EUR;2;German Buba President Weidmann Speaks;;;;;;
2018.01.14 16:45:00;NZD;1;FPI m/m;-0.4%;;-0.8%;;;
2018.01.14 18:50:00;JPY;1;M2 Money Stock y/y;4.0%;4.0%;3.6%;;;
2018.01.14 19:01:00;GBP;1;Rightmove HPI m/m;-2.6%;;0.7%;;;
2018.01.14 19:29:00;AUD;1;MI Inflation Gauge m/m;0.2%;;0.1%;;;
2018.01.15 01:00:00;JPY;1;Prelim Machine Tool Orders y/y;46.9%;;48.3%;;46.8%;
2018.01.15 05:00:00;EUR;1;Trade Balance;19.0B;22.4B;22.5B;;;
2018.01.15 00:00:00;USD;0;Bank Holiday (All Day);;;;;;
2018.01.15 13:15:00;GBP;2;MPC Member Tenreyro Speaks;;;;;;
2018.01.15 16:00:00;NZD;2;NZIER Business Confidence;5;;-12;;;
2018.01.15 18:50:00;JPY;1;PPI y/y;3.5%;3.3%;3.1%;;3.6%;
2018.01.15 19:30:00;AUD;1;New Motor Vehicle Sales m/m;0.1%;;4.5%;;0.2%;
2018.01.15 23:30:00;JPY;1;Tertiary Industry Activity m/m;0.3%;0.4%;1.1%;;0.2%;
2018.01.16 02:00:00;EUR;1;German Final CPI m/m;0.6%;0.6%;0.6%;;;
2018.01.16 02:00:00;EUR;1;German WPI m/m;0.5%;0.3%;-0.3%;;;
2018.01.16 02:16:00;CNY;1;Foreign Direct Investment ytd/y;9.8%;;7.9%;;;
2018.01.16 03:00:00;EUR;1;French Gov Budget Balance;-77.1B;;-84.7B;;;
2018.01.16 04:30:00;GBP;3;CPI y/y;3.1%;3.0%;3.0%;;;
2018.01.16 04:30:00;GBP;2;PPI Input m/m;1.8%;0.5%;0.1%;;1.6%;
2018.01.16 04:30:00;GBP;2;RPI y/y;3.9%;3.9%;4.1%;;;
2018.01.16 04:30:00;GBP;1;Core CPI y/y;2.7%;2.6%;2.5%;;;
2018.01.16 04:30:00;GBP;1;HPI y/y;4.5%;4.2%;5.1%;;5.4%;
2018.01.16 04:30:00;GBP;1;PPI Output m/m;0.3%;0.2%;0.4%;;0.4%;
2018.01.16 05:07:00;EUR;1;Italian Trade Balance;4.95B;5.22B;4.83B;;4.99B;
2018.01.16 08:30:00;USD;2;Empire State Manufacturing Index;18.0;18.5;17.7;;;
2018.01.16 09:21:00;NZD;2;GDT Price Index;2.2%;;4.9%;;;
2018.01.16 09:30:00;GBP;1;CB Leading Index m/m;-0.2%;;-0.2%;;;
2018.01.16 12:00:00;CHF;3;SNB Chairman Jordan Speaks;;;;;;
2018.01.16 18:30:00;AUD;1;Westpac Consumer Sentiment;3.6%;;1.8%;;;
2018.01.16 18:50:00;JPY;1;Core Machinery Orders m/m;5.0%;-1.3%;5.7%;;;
2018.01.16 19:00:00;NZD;1;ANZ Commodity Prices m/m;-0.9%;;-2.2%;;;
2018.01.16 19:30:00;AUD;1;Home Loans m/m;-0.6%;-0.1%;2.1%;;-0.3%;
2018.01.17 05:00:00;EUR;2;Final CPI y/y;1.5%;1.4%;1.4%;;;
2018.01.17 05:00:00;EUR;1;Final Core CPI y/y;0.9%;0.9%;0.9%;;;
2018.01.17 05:32:00;EUR;1;German 30-y Bond Auction;1.20|1.7;;1.28|1.4;;;
2018.01.17 06:45:00;GBP;2;MPC Member Saunders Speaks;;;;;;
2018.01.17 09:15:00;USD;2;Capacity Utilization Rate;77.1%;77.3%;77.9%;;77.2%;
2018.01.17 09:15:00;USD;2;Industrial Production m/m;0.2%;0.4%;0.9%;;-0.1%;
2018.01.17 10:00:00;CAD;3;BOC Monetary Policy Report;;;;;;
2018.01.17 10:00:00;CAD;3;BOC Rate Statement;;;;;;
2018.01.17 10:00:00;CAD;3;Overnight Rate;1.00%;1.25%;1.25%;;;
2018.01.17 10:00:00;USD;1;NAHB Housing Market Index;74;73;72;;;
2018.01.17 11:15:00;CAD;3;BOC Press Conference;;;;;;
2018.01.17 14:00:00;USD;1;Beige Book;;;;;;
2018.01.17 16:00:00;USD;1;TIC Long-Term Purchases;23.2B;50.1B;57.5B;;26.2B;
2018.01.17 16:30:00;USD;2;FOMC Member Mester Speaks;;;;;;
2018.01.17 19:00:00;AUD;1;MI Inflation Expectations;3.7%;;3.7%;;;
2018.01.17 19:01:00;GBP;1;RICS House Price Balance;0%;-1%;8%;;;
2018.01.17 19:18:00;AUD;1;HIA New Home Sales m/m;1.6%;;0.7%;;;
2018.01.17 19:30:00;AUD;3;Employment Change;61.6K;13.2K;34.7K;;63.6K;
2018.01.17 19:30:00;AUD;3;Unemployment Rate;5.4%;5.4%;5.5%;;;
2018.01.17 22:45:00;JPY;1;30-y Bond Auction;0.85|4.4;;0.83|3.8;;;
2018.01.17 23:30:00;JPY;1;Revised Industrial Production m/m;0.6%;0.6%;0.5%;;;
2018.01.18 02:00:00;CNY;3;GDP q/y;6.8%;6.7%;6.8%;;;
2018.01.18 02:00:00;CNY;2;Fixed Asset Investment ytd/y;7.2%;7.1%;7.2%;;;
2018.01.18 02:00:00;CNY;2;Industrial Production y/y;6.1%;6.1%;6.2%;;;
2018.01.18 02:00:00;CNY;2;NBS Press Conference;;;;;;
2018.01.18 02:00:00;CNY;1;Retail Sales y/y;10.2%;10.1%;9.4%;;;
2018.01.18 03:00:00;EUR;2;German Buba President Weidmann Speaks;;;;;;
2018.01.18 08:30:00;USD;3;Building Permits;1.30M;1.29M;1.30M;;;
2018.01.18 08:30:00;USD;2;Housing Starts;1.30M;1.28M;1.19M;;;
2018.01.18 08:30:00;USD;2;Philly Fed Manufacturing Index;26.2;24.9;22.2;;;
2018.01.18 08:30:00;USD;2;Unemployment Claims;261K;250K;220K;;;
2018.01.18 08:32:00;CAD;1;ADP Non-Farm Employment Change;59.2K;;-7.1K;;;
2018.01.18 10:30:00;USD;1;Natural Gas Storage;-359B;-201B;-183B;;;
2018.01.18 11:00:00;USD;3;Crude Oil Inventories;-4.9M;-1.4M;-6.9M;;;
2018.01.18 16:30:00;NZD;2;BusinessNZ Manufacturing Index;57.7;;51.2;;;
2018.01.19 02:00:00;EUR;1;German PPI m/m;0.1%;0.2%;0.2%;;;
2018.01.19 03:15:00;CHF;2;PPI m/m;0.6%;0.4%;0.2%;;;
2018.01.19 04:00:00;EUR;1;Current Account;30.8B;31.3B;32.5B;;30.3B;
2018.01.19 04:29:00;GBP;3;Retail Sales m/m;1.1%;-0.8%;-1.5%;;1.0%;
2018.01.19 08:30:00;CAD;2;Foreign Securities Purchases;20.81B;15.76B;19.56B;;20.77B;
2018.01.19 08:30:00;CAD;2;Manufacturing Sales m/m;-0.4%;1.9%;3.4%;;-0.6%;
2018.01.19 08:55:00;USD;2;FOMC Member Bostic Speaks;;;;;;
2018.01.19 10:00:00;USD;2;Prelim UoM Consumer Sentiment;96.8;97.0;94.4;;95.9;
2018.01.19 10:00:00;USD;1;Prelim UoM Inflation Expectations;2.8%;;2.8%;;2.7%;
2018.01.19 12:15:00;USD;2;FOMC Member Quarles Speaks;;;;;;
2018.01.19 13:30:00;USD;2;FOMC Member Williams Speaks;;;;;;
2018.01.21 00:00:00;All;2;OPEC-JMMC Meetings (All Day);;;;;;
2018.01.22 00:00:00;EUR;1;Eurogroup Meetings (All Day);;;;;;
2018.01.22 06:00:00;EUR;1;German Buba Monthly Report;;;;;;
2018.01.22 08:30:00;CAD;2;Wholesale Sales m/m;1.5%;1.0%;0.7%;;1.6%;
2018.01.22 16:30:00;NZD;1;BusinessNZ Services Index;56.4;;56.0;;56.5;
2018.01.22 22:14:00;JPY;3;BOJ Outlook Report;;;;;;
2018.01.22 22:14:00;JPY;3;Monetary Policy Statement;;;;;;
2018.01.22 22:14:00;JPY;2;BOJ Policy Rate;-0.10%;-0.10%;-0.10%;;;
2018.01.22 23:30:00;JPY;1;All Industries Activity m/m;0.3%;0.9%;1.0%;;;
2018.01.23 01:30:00;JPY;3;BOJ Press Conference;;;;;;
2018.01.23 00:00:00;All;2;WEF Annual Meetings (Day 1);;;;;;
2018.01.23 04:30:00;GBP;2;Public Sector Net Borrowing;8.1B;4.2B;1.0B;;6.6B;
2018.01.23 05:00:00;EUR;2;German ZEW Economic Sentiment;17.4;17.8;20.4;;;
2018.01.23 05:00:00;EUR;1;ZEW Economic Sentiment;29.0;29.7;31.8;;;
2018.01.23 00:00:00;EUR;1;ECOFIN Meetings (All Day);;;;;;
2018.01.23 06:00:00;GBP;1;CBI Industrial Order Expectations;17;13;14;;;
2018.01.23 09:59:00;USD;1;Richmond Manufacturing Index;20;19;14;;;
2018.01.23 10:00:00;EUR;1;Consumer Confidence;1;1;1;;;
2018.01.23 18:30:00;AUD;1;MI Leading Index m/m;0.1%;;0.3%;;;
2018.01.23 18:50:00;JPY;1;Trade Balance;0.36T;0.27T;0.09T;;0.29T;
2018.01.23 19:30:00;JPY;1;Flash Manufacturing PMI;54.2;54.3;54.4;;54.0;
2018.01.23 21:00:00;NZD;1;Credit Card Spending y/y;9.1%;;6.3%;;;
2018.01.24 03:00:00;EUR;2;French Flash Manufacturing PMI;59.3;58.7;58.1;;58.8;
2018.01.24 03:00:00;EUR;2;French Flash Services PMI;59.4;58.9;59.3;;59.1;
2018.01.24 03:30:00;EUR;2;German Flash Manufacturing PMI;63.3;63.2;61.2;;;
2018.01.24 03:30:00;EUR;2;German Flash Services PMI;55.8;55.6;57.0;;;
2018.01.24 04:00:00;EUR;2;Flash Manufacturing PMI;60.6;60.4;59.6;;;
2018.01.24 04:00:00;EUR;2;Flash Services PMI;56.5;56.5;57.6;;56.6;
2018.01.24 00:00:00;All;2;WEF Annual Meetings (Day 2);;;;;;
2018.01.24 04:30:00;GBP;3;Average Earnings Index 3m/y;2.5%;2.5%;2.5%;;;
2018.01.24 04:30:00;GBP;2;Claimant Count Change;5.9K;2.3K;8.6K;;12.2K;
2018.01.24 04:30:00;GBP;2;Unemployment Rate;4.3%;4.3%;4.3%;;;
2018.01.24 09:00:00;USD;1;HPI m/m;0.5%;0.4%;0.4%;;0.6%;
2018.01.24 09:45:00;USD;1;Flash Manufacturing PMI;55.0;55.2;55.5;;55.1;
2018.01.24 09:45:00;USD;1;Flash Services PMI;52.4;54.5;53.3;;53.7;
2018.01.24 10:00:00;USD;2;Existing Home Sales;5.81M;5.72M;5.57M;;5.78M;
2018.01.24 10:30:00;AUD;1;CB Leading Index m/m;0.3%;;0.3%;;;
2018.01.24 10:30:00;USD;3;Crude Oil Inventories;-6.9M;-1.0M;-1.1M;;;
2018.01.24 16:45:00;NZD;3;CPI q/q;0.5%;0.4%;0.1%;;;
2018.01.25 02:00:00;EUR;1;German GfK Consumer Climate;10.8;10.8;11.0;;;
2018.01.25 03:00:00;EUR;2;Spanish Unemployment Rate;16.4%;16.1%;16.6%;;;
2018.01.25 04:00:00;EUR;2;German ifo Business Climate;117.2;117.1;117.6;;;
2018.01.25 00:00:00;All;2;WEF Annual Meetings (Day 3);;;;;;
2018.01.25 04:30:00;GBP;1;High Street Lending;39.5K;39.9K;36.1K;;39.0K;
2018.01.25 06:00:00;GBP;1;CBI Realized Sales;20;12;12;;;
2018.01.25 07:45:00;EUR;3;Main Refinancing Rate;0.00%;0.00%;0.00%;;;
2018.01.25 07:45:00;EUR;3;Monetary Policy Statement;;;;;;
2018.01.25 08:30:00;CAD;3;Core Retail Sales m/m;0.8%;0.8%;1.6%;;;
2018.01.25 08:30:00;CAD;2;Retail Sales m/m;1.5%;0.7%;0.2%;;1.6%;
2018.01.25 08:30:00;EUR;3;ECB Press Conference;;;;;;
2018.01.25 08:30:00;USD;2;Unemployment Claims;220K;239K;233K;;216K;
2018.01.25 09:00:00;EUR;1;Belgian NBB Business Climate;0.1;0.4;1.8;;;
2018.01.25 10:00:00;USD;2;New Home Sales;733K;679K;625K;;689K;
2018.01.25 10:00:00;USD;1;CB Leading Index m/m;0.4%;0.5%;0.6%;;;
2018.01.25 10:30:00;USD;1;Natural Gas Storage;-183B;-270B;-288B;;;
2018.01.25 00:00:00;AUD;0;Bank Holiday (All Day);;;;;;
2018.01.25 18:30:00;JPY;1;National Core CPI y/y;0.9%;0.9%;0.9%;;;
2018.01.25 18:30:00;JPY;1;Tokyo Core CPI y/y;0.8%;0.8%;0.7%;;;
2018.01.25 18:50:00;JPY;1;Monetary Policy Meeting Minutes;;;;;;
2018.01.25 18:50:00;JPY;1;SPPI y/y;0.8%;0.8%;0.8%;;;
2018.01.26 04:00:00;EUR;2;M3 Money Supply y/y;4.9%;4.9%;4.6%;;;
2018.01.26 04:00:00;EUR;1;Private Loans y/y;2.8%;2.9%;2.8%;;;
2018.01.26 00:00:00;All;2;WEF Annual Meetings (Day 4);;;;;;
2018.01.26 04:30:00;GBP;3;Prelim GDP q/q;0.4%;0.4%;0.5%;;;
2018.01.26 04:30:00;GBP;1;Index of Services 3m/3m;0.3%;0.4%;0.4%;;;
2018.01.26 08:07:00;USD;3;President Trump Speaks;;;;;;
2018.01.26 08:30:00;CAD;3;CPI m/m;0.3%;-0.3%;-0.4%;;;
2018.01.26 08:30:00;CAD;2;Common CPI y/y;1.5%;;1.6%;;;
2018.01.26 08:30:00;CAD;2;Median CPI y/y;1.9%;;1.9%;;;
2018.01.26 08:30:00;CAD;2;Trimmed CPI y/y;1.8%;;1.9%;;;
2018.01.26 08:30:00;USD;3;Advance GDP q/q;3.0%;3.0%;2.6%;;3.2%;
2018.01.26 08:30:00;USD;3;Core Durable Goods Orders m/m;-0.1%;0.5%;0.6%;;0.3%;
2018.01.26 08:30:00;USD;2;Advance GDP Price Index q/q;2.2%;2.3%;2.4%;;2.1%;
2018.01.26 08:30:00;USD;2;Durable Goods Orders m/m;1.3%;0.9%;2.9%;;1.7%;
2018.01.26 08:30:00;USD;1;Goods Trade Balance;-69.7B;-68.6B;-71.6B;;-70.0B;
2018.01.26 08:30:00;USD;1;Prelim Wholesale Inventories m/m;0.7%;0.4%;0.2%;;0.8%;
2018.01.26 08:33:00;CAD;1;Core CPI m/m;-0.1%;;-0.5%;;;
2018.01.26 09:00:00;CNY;1;CB Leading Index m/m;1.8%;;1.7%;;1.9%;
2018.01.26 09:00:00;GBP;3;BOE Gov Carney Speaks;;;;;;
2018.01.26 09:00:00;JPY;3;BOJ Gov Kuroda Speaks;;;;;;
2018.01.29 02:00:00;EUR;1;German Import Prices m/m;0.8%;0.3%;0.3%;;;
2018.01.29 08:30:00;USD;2;Core PCE Price Index m/m;0.1%;0.2%;0.2%;;;
2018.01.29 08:30:00;USD;2;Personal Spending m/m;0.6%;0.5%;0.4%;;0.8%;
2018.01.29 08:30:00;USD;1;Personal Income m/m;0.3%;0.3%;0.4%;;;
2018.01.29 16:45:00;NZD;2;Trade Balance;-1193M;-125M;640M;;-1233M;
2018.01.29 18:30:00;JPY;1;Household Spending y/y;1.7%;1.6%;-0.1%;;;
2018.01.29 18:30:00;JPY;1;Unemployment Rate;2.7%;2.7%;2.8%;;;
2018.01.29 18:50:00;JPY;1;Retail Sales y/y;2.2%;2.1%;3.6%;;2.1%;
2018.01.29 19:30:00;AUD;2;NAB Business Confidence;6;;11;;7;
2018.01.30 00:00:00;JPY;1;BOJ Core CPI y/y;0.6%;0.5%;0.7%;;;
2018.01.30 01:30:00;EUR;1;French Flash GDP q/q;0.5%;0.5%;0.6%;;0.6%;
2018.01.30 02:00:00;CHF;1;Trade Balance;2.63B;2.54B;2.63B;;2.58B;
2018.01.30 00:00:00;EUR;2;German Prelim CPI m/m (All Day);0.6%;-0.5%;-0.7%;;;
2018.01.30 02:45:00;EUR;1;French Consumer Spending m/m;2.2%;0.4%;-1.2%;;3.0%;
2018.01.30 03:00:00;CHF;2;KOF Economic Barometer;111.3;110.9;106.9;;111.4;
2018.01.30 03:00:00;EUR;2;Spanish Flash GDP q/q;0.8%;0.7%;0.7%;;;
2018.01.30 04:30:00;GBP;2;Net Lending to Individuals m/m;4.9B;4.8B;5.2B;;5.2B;
2018.01.30 04:30:00;GBP;1;M4 Money Supply m/m;0.1%;0.2%;-0.6%;;0.2%;
2018.01.30 04:30:00;GBP;1;Mortgage Approvals;65K;66K;61K;;;
2018.01.30 05:00:00;EUR;2;Prelim Flash GDP q/q;0.6%;0.6%;0.6%;;;
2018.01.30 05:15:00;EUR;1;Italian 10-y Bond Auction;1.86|1.8;;2.06|1.3;;;
2018.01.30 09:00:00;USD;1;S&P/CS Composite-20 HPI y/y;6.4%;6.3%;6.4%;;6.3%;
2018.01.30 10:00:00;USD;3;CB Consumer Confidence;122.1;123.2;125.4;;123.1;
2018.01.30 10:30:00;GBP;3;BOE Gov Carney Speaks;;;;;;
2018.01.30 18:50:00;JPY;1;BOJ Summary of Opinions;;;;;;
2018.01.30 18:50:00;JPY;1;Prelim Industrial Production m/m;0.6%;1.5%;2.7%;;0.5%;
2018.01.30 19:01:00;GBP;1;BRC Shop Price Index y/y;-0.6%;;-0.5%;;;
2018.01.30 19:01:00;GBP;1;GfK Consumer Confidence;-13;-13;-9;;;
2018.01.30 19:30:00;AUD;3;CPI q/q;0.6%;0.7%;0.6%;;;
2018.01.30 19:30:00;AUD;3;Trimmed Mean CPI q/q;0.4%;0.5%;0.4%;;;
2018.01.30 19:30:00;AUD;1;Private Sector Credit m/m;0.5%;0.5%;0.3%;;;
2018.01.30 19:53:00;CNY;2;Non-Manufacturing PMI;55.0;;55.3;;;
2018.01.30 19:54:00;CNY;2;Manufacturing PMI;51.6;51.5;51.3;;;
2018.01.30 21:00:00;USD;3;President Trump Speaks;;;;;;
2018.01.31 00:00:00;JPY;1;Housing Starts y/y;-0.4%;1.1%;-2.1%;;;
2018.01.31 00:02:00;JPY;1;Consumer Confidence;44.7;44.9;44.7;;;
2018.01.31 02:00:00;CHF;1;UBS Consumption Indicator;1.67;;1.69;;1.73;
2018.01.31 02:00:00;EUR;2;German Retail Sales m/m;2.3%;-0.3%;-1.9%;;1.9%;
2018.01.31 02:45:00;EUR;1;French Prelim CPI m/m;0.3%;-0.3%;-0.1%;;;
2018.01.31 03:00:00;EUR;2;Spanish Flash CPI y/y;1.2%;0.9%;0.5%;;1.1%;
2018.01.31 03:55:00;EUR;1;German Unemployment Change;-29K;-16K;-25K;;-30K;
2018.01.31 04:00:00;CHF;1;Credit Suisse Economic Expectations;52.0;;34.5;;;
2018.01.31 04:00:00;EUR;1;Italian Monthly Unemployment Rate;11.0%;10.9%;10.8%;;10.9%;
2018.01.31 05:00:00;EUR;3;CPI Flash Estimate y/y;1.4%;1.3%;1.3%;;;
2018.01.31 05:00:00;EUR;2;Core CPI Flash Estimate y/y;0.9%;1.0%;1.0%;;;
2018.01.31 05:00:00;EUR;1;Unemployment Rate;8.7%;8.7%;8.7%;;;
2018.01.31 08:15:00;USD;3;ADP Non-Farm Employment Change;250K;186K;234K;;242K;
2018.01.31 08:30:00;CAD;3;GDP m/m;0.0%;0.4%;0.4%;;;
2018.01.31 08:30:00;CAD;2;RMPI m/m;5.5%;-2.2%;-0.9%;;5.4%;
2018.01.31 08:30:00;CAD;1;IPPI m/m;1.4%;-0.2%;-0.1%;;;
2018.01.31 08:30:00;USD;2;Employment Cost Index q/q;0.7%;0.6%;0.6%;;;
2018.01.31 09:45:00;USD;2;Chicago PMI;67.6;64.2;65.7;;;
2018.01.31 10:00:00;USD;2;Pending Home Sales m/m;0.2%;0.5%;0.5%;;0.3%;
2018.01.31 10:30:00;USD;3;Crude Oil Inventories;-1.1M;0.1M;6.8M;;;
2018.01.31 14:00:00;USD;3;Federal Funds Rate;1.50%;1.50%;1.50%;;;
2018.01.31 14:00:00;USD;3;FOMC Statement;;;;;;
2018.01.31 17:30:00;AUD;1;AIG Manufacturing Index;56.2;;58.7;;;
2018.01.31 19:30:00;AUD;2;Building Approvals m/m;11.7%;-7.9%;-20.0%;;12.6%;
2018.01.31 19:30:00;AUD;1;Import Prices q/q;-1.6%;1.5%;2.0%;;;
2018.01.31 19:30:00;JPY;1;Final Manufacturing PMI;54.4;54.4;54.8;;;
2018.01.31 20:45:00;CNY;2;Caixin Manufacturing PMI;51.5;51.5;51.5;;;
2018.01.31 22:45:00;JPY;1;10-y Bond Auction;0.08|3.7;;0.09|4.6;;;
