2020.10.01 02:30:00;AUD;1;Commodity Prices y/y;-9.2%;;-5.8%;;-10.2%;
2020.10.01 02:30:00;CHF;1;CPI m/m;0.0%;0.0%;0.0%;;;
2020.10.01 02:30:00;CHF;1;Retail Sales y/y;4.1%;4.5%;2.5%;;3.6%;
2020.10.01 03:15:00;EUR;1;Spanish Manufacturing PMI;49.9;50.5;50.8;;;
2020.10.01 03:30:00;CHF;1;Manufacturing PMI;51.8;53.4;53.1;;;
2020.10.01 03:45:00;EUR;1;Italian Manufacturing PMI;53.1;53.6;53.2;;;
2020.10.01 03:50:00;EUR;1;French Final Manufacturing PMI;50.9;50.9;51.2;;;
2020.10.01 03:55:00;EUR;1;German Final Manufacturing PMI;56.6;56.6;56.4;;;
2020.10.01 04:00:00;EUR;1;Final Manufacturing PMI;53.7;53.7;53.7;;;
2020.10.01 04:00:00;EUR;1;Italian Monthly Unemployment Rate;9.7%;10.2%;9.7%;;9.8%;
2020.10.01 04:30:00;GBP;2;Final Manufacturing PMI;54.3;54.3;54.1;;;
2020.10.01 04:55:00;EUR;1;Spanish 10-y Bond Auction;0.05|2.4;;0.22|3.2;;;
2020.10.01 05:00:00;EUR;1;PPI m/m;0.6%;0.2%;0.1%;;0.7%;
2020.10.01 05:00:00;EUR;1;Unemployment Rate;7.9%;8.1%;8.1%;;8.0%;
2020.10.01 05:01:00;EUR;1;French 10-y Bond Auction;-0.19|1.6;;-0.25|1.8;;;
2020.10.01 06:20:00;GBP;1;MPC Member Haldane Speaks;;;;;;
2020.10.01 07:30:00;USD;1;Challenger Job Cuts y/y;116.5%;;185.9%;;;
2020.10.01 08:30:00;CAD;1;Building Permits m/m;-3.0%;2.0%;1.7%;;-1.6%;
2020.10.01 08:30:00;USD;2;Core PCE Price Index m/m;0.3%;0.3%;0.3%;;0.4%;
2020.10.01 08:30:00;USD;2;Personal Spending m/m;1.9%;0.7%;1.0%;;1.5%;
2020.10.01 08:30:00;USD;2;Unemployment Claims;870K;850K;837K;;873K;
2020.10.01 08:30:00;USD;1;Personal Income m/m;0.4%;-2.0%;-2.7%;;0.5%;
2020.10.01 09:30:00;CAD;2;Manufacturing PMI;55.1;;56.0;;;
2020.10.01 09:45:00;USD;1;Final Manufacturing PMI;53.5;53.5;53.2;;;
2020.10.01 10:00:00;USD;3;ISM Manufacturing PMI;56.0;56.0;55.4;;;
2020.10.01 10:00:00;USD;1;Construction Spending m/m;0.1%;0.8%;1.4%;;0.7%;
2020.10.01 10:00:00;USD;1;ISM Manufacturing Prices;59.5;59.0;62.8;;;
2020.10.01 00:00:00;USD;1;Wards Total Vehicle Sales (All Day);15.2M;15.5M;16.3M;;;
2020.10.01 10:30:00;USD;1;Natural Gas Storage;66B;76B;76B;;;
2020.10.01 11:00:00;USD;1;FOMC Member Williams Speaks;;;;;;
2020.10.01 15:00:00;USD;1;FOMC Member Bowman Speaks;;;;;;
2020.10.01 19:30:00;JPY;1;Unemployment Rate;2.9%;3.0%;3.0%;;;
2020.10.01 19:50:00;JPY;1;Monetary Base y/y;11.5%;11.9%;14.3%;;;
2020.10.01 00:00:00;CNY;0;Bank Holiday (All Day);;;;;;
2020.10.02 01:00:00;JPY;1;Consumer Confidence;29.3;31.6;32.7;;;
2020.10.02 02:45:00;EUR;1;French Gov Budget Balance;-151.0B;;-165.7B;;;
2020.10.02 03:00:00;EUR;2;Spanish Unemployment Change;29.8K;59.5K;-26.3K;;;
2020.10.02 05:00:00;EUR;1;Core CPI Flash Estimate y/y;0.4%;0.5%;0.2%;;;
2020.10.02 05:00:00;EUR;1;CPI Flash Estimate y/y;-0.2%;-0.1%;-0.3%;;;
2020.10.02 08:30:00;USD;3;Average Hourly Earnings m/m;0.4%;0.5%;0.1%;;0.3%;
2020.10.02 08:30:00;USD;3;Non-Farm Employment Change;1371K;900K;661K;;1489K;
2020.10.02 08:30:00;USD;3;Unemployment Rate;8.4%;8.2%;7.9%;;;
2020.10.02 09:00:00;USD;1;FOMC Member Harker Speaks;;;;;;
2020.10.02 10:00:00;USD;2;Revised UoM Consumer Sentiment;78.9;78.9;80.4;;;
2020.10.02 10:00:00;USD;1;Factory Orders m/m;6.4%;1.5%;0.7%;;6.5%;
2020.10.02 10:00:00;USD;1;Revised UoM Inflation Expectations;2.7%;;2.6%;;;
2020.10.03 12:00:00;AUD;0;Daylight Saving Time Shift;;;;;;
2020.10.04 20:00:00;NZD;1;ANZ Commodity Prices m/m;-0.9%;;-0.2%;;-1.0%;
2020.10.04 00:00:00;CNY;0;Bank Holiday (All Day);;;;;;
2020.10.04 20:02:00;AUD;1;MI Inflation Gauge m/m;0.1%;;0.1%;;;
2020.10.04 20:20:00;AUD;1;AIG Construction Index;37.9;;45.2;;;
2020.10.04 20:30:00;AUD;2;NAB Business Confidence;-8;;-4;;;
2020.10.05 03:15:00;EUR;1;Spanish Services PMI;47.7;46.4;42.4;;;
2020.10.05 03:45:00;EUR;1;Italian Services PMI;47.1;46.7;48.8;;;
2020.10.05 03:50:00;EUR;1;French Final Services PMI;47.5;47.5;47.5;;;
2020.10.05 03:55:00;EUR;1;German Final Services PMI;49.1;49.1;50.6;;;
2020.10.05 04:00:00;EUR;1;Final Services PMI;47.6;47.6;48.0;;;
2020.10.05 04:30:00;EUR;1;Sentix Investor Confidence;-8.0;-9.2;-8.3;;;
2020.10.05 04:30:00;GBP;1;Final Services PMI;55.1;55.1;56.1;;;
2020.10.05 05:00:00;EUR;1;Retail Sales m/m;-1.3%;2.4%;4.4%;;-1.8%;
2020.10.05 00:00:00;EUR;2;Eurogroup Meetings (All Day);;;;;;
2020.10.05 09:45:00;USD;1;Final Services PMI;54.6;54.6;54.6;;;
2020.10.05 10:00:00;USD;3;ISM Services PMI;56.9;56.3;57.8;;;
2020.10.05 00:00:00;CNY;0;Bank Holiday (All Day);;;;;;
2020.10.05 20:30:00;AUD;1;ANZ Job Advertisements m/m;1.6%;;7.8%;;2.6%;
2020.10.05 20:30:00;AUD;1;Goods Trade Balance;4.61B;5.05B;2.64B;;4.65B;
2020.10.05 23:30:00;AUD;3;Cash Rate;0.25%;0.25%;0.25%;;;
2020.10.05 23:30:00;AUD;3;RBA Rate Statement;;;;;;
2020.10.05 23:35:00;JPY;1;30-y Bond Auction;0.61|3.5;;0.64|3.5;;;
2020.10.06 02:00:00;EUR;1;German Factory Orders m/m;2.8%;3.0%;4.5%;;3.3%;
2020.10.06 04:30:00;AUD;3;Annual Budget Release;;;;;;
2020.10.06 04:30:00;GBP;1;Construction PMI;54.6;54.0;56.8;;;
2020.10.06 04:35:00;EUR;2;ECB President Lagarde Speaks;;;;;;
2020.10.06 04:45:00;GBP;1;Housing Equity Withdrawal q/q;-5.1B;-4.3B;-7.7B;;-4.5B;
2020.10.06 00:00:00;EUR;1;ECOFIN Meetings (All Day);;;;;;
2020.10.06 08:30:00;CAD;2;Trade Balance;-2.5B;-2.1B;-2.4B;;;
2020.10.06 08:30:00;USD;1;Trade Balance;-63.6B;-66.2B;-67.1B;;-63.4B;
2020.10.06 09:00:00;EUR;2;ECB President Lagarde Speaks;;;;;;
2020.10.06 09:59:00;USD;1;RCM/TIPP Economic Optimism;45.0;55.0;55.2;;;
2020.10.06 10:00:00;USD;1;JOLTS Job Openings;6.62M;6.50M;6.49M;;6.70M;
2020.10.06 10:40:00;USD;3;Fed Chair Powell Speaks;;;;;;
2020.10.06 10:57:00;NZD;1;GDT Price Index;3.6%;;2.2%;;;
2020.10.06 11:45:00;USD;1;FOMC Member Harker Speaks;;;;;;
2020.10.06 17:30:00;AUD;1;AIG Services Index;42.5;;36.2;;;
2020.10.06 18:00:00;USD;2;FOMC Member Kaplan Speaks;;;;;;
2020.10.06 19:05:00;JPY;2;BOJ Gov Kuroda Speaks;;;;;;
2020.10.06 00:00:00;CNY;0;Bank Holiday (All Day);;;;;;
2020.10.07 01:00:00;JPY;1;Leading Indicators;86.9%;89.2%;88.8%;;86.7%;
2020.10.07 01:55:00;EUR;1;German Industrial Production m/m;1.2%;1.5%;-0.2%;;1.4%;
2020.10.07 02:45:00;EUR;1;French Trade Balance;-7.0B;-6.5B;-7.7B;;;
2020.10.07 03:00:00;CHF;1;Foreign Currency Reserves;848B;;874B;;849B;
2020.10.07 03:32:00;GBP;1;Halifax HPI m/m;1.6%;1.5%;1.6%;;1.7%;
2020.10.07 04:00:00;EUR;1;Italian Retail Sales m/m;-2.2%;3.8%;8.2%;;-6.0%;
2020.10.07 04:30:00;GBP;1;HPI y/y;3.4%;3.4%;2.3%;;2.9%;
2020.10.07 05:07:00;GBP;1;10-y Bond Auction;0.26|3.0;;0.31|2.8;;;
2020.10.07 05:34:00;EUR;1;German 10-y Bond Auction;-0.50|2.0;;-0.51|2.1;;;
2020.10.07 08:10:00;EUR;2;ECB President Lagarde Speaks;;;;;;
2020.10.07 10:00:00;CAD;1;Ivey PMI;67.8;64.5;54.3;;;
2020.10.07 10:30:00;USD;1;Crude Oil Inventories;-2.0M;-1.2M;0.5M;;;
2020.10.07 13:01:00;USD;1;10-y Bond Auction;0.70|2.3;;0.77|2.5;;;
2020.10.07 14:00:00;USD;3;FOMC Meeting Minutes;;;;;;
2020.10.07 14:40:00;USD;1;FOMC Member Kashkari Speaks;;;;;;
2020.10.07 15:00:00;USD;1;Consumer Credit m/m;12.2B;14.9B;-7.2B;;14.7B;
2020.10.07 15:00:00;USD;1;FOMC Member Williams Speaks;;;;;;
2020.10.07 19:01:00;GBP;1;RICS House Price Balance;44%;39%;61%;;;
2020.10.07 19:50:00;JPY;1;Current Account;0.96T;1.50T;1.65T;;;
2020.10.07 20:00:00;NZD;1;Prelim ANZ Business Confidence;-28.5;;-14.5;;;
2020.10.08 01:02:00;JPY;1;Economy Watchers Sentiment;43.9;45.0;49.3;;;
2020.10.08 01:45:00;CHF;1;Unemployment Rate;3.4%;3.4%;3.3%;;;
2020.10.08 01:59:00;EUR;1;German Trade Balance;18.0B;17.1B;15.7B;;;
2020.10.08 03:25:00;GBP;3;BOE Gov Bailey Speaks;;;;;;
2020.10.08 05:30:00;CHF;1;SNB Chairman Jordan Speaks;;;;;;
2020.10.08 05:30:00;GBP;1;FPC Meeting Minutes;;;;;;
2020.10.08 05:30:00;GBP;1;FPC Statement;;;;;;
2020.10.08 07:30:00;EUR;1;ECB Monetary Policy Meeting Accounts;;;;;;
2020.10.08 08:13:00;CAD;1;Housing Starts;262K;240K;209K;;;
2020.10.08 08:30:00;CAD;3;BOC Gov Macklem Speaks;;;;;;
2020.10.08 08:30:00;USD;2;Unemployment Claims;837K;820K;840K;;849K;
2020.10.08 10:30:00;USD;1;Natural Gas Storage;76B;73B;75B;;;
2020.10.08 13:01:00;USD;1;30-y Bond Auction;1.47|2.3;;1.58|2.3;;;
2020.10.08 19:30:00;JPY;1;Average Cash Earnings y/y;-1.3%;-1.2%;-1.3%;;-1.5%;
2020.10.08 19:30:00;JPY;1;Household Spending y/y;-7.6%;-6.6%;-6.9%;;;
2020.10.08 20:30:00;AUD;3;RBA Financial Stability Review;;;;;;
2020.10.08 21:45:00;CNY;1;Caixin Services PMI;54.0;54.5;54.8;;;
2020.10.09 02:00:00;GBP;1;Construction Output m/m;17.6%;5.1%;3.0%;;17.2%;
2020.10.09 02:00:00;GBP;1;GDP m/m;6.6%;4.6%;2.1%;;6.4%;
2020.10.09 02:00:00;GBP;1;Goods Trade Balance;-8.6B;-9.1B;-9.0B;;-7.9B;
2020.10.09 02:00:00;GBP;1;Index of Services 3m/3m;-8.1%;7.0%;7.1%;;-7.1%;
2020.10.09 02:00:00;GBP;1;Industrial Production m/m;5.2%;2.6%;0.3%;;;
2020.10.09 02:00:00;GBP;1;Manufacturing Production m/m;6.3%;3.2%;0.7%;;6.9%;
2020.10.09 02:45:00;EUR;1;French Industrial Production m/m;3.8%;2.1%;1.3%;;;
2020.10.09 04:00:00;EUR;1;Italian Industrial Production m/m;7.4%;1.3%;7.7%;;7.0%;
2020.10.09 08:30:00;CAD;3;Employment Change;245.8K;150.0K;378.2K;;;
2020.10.09 08:30:00;CAD;3;Unemployment Rate;10.2%;9.8%;9.0%;;;
2020.10.09 08:48:00;GBP;1;NIESR GDP Estimate;7.0%;;15.2%;;8.0%;
2020.10.09 10:00:00;USD;1;Final Wholesale Inventories m/m;0.5%;0.5%;0.4%;;;
2020.10.11 17:53:00;NZD;1;Visitor Arrivals m/m;8.8%;;104.7%;;;
2020.10.11 19:50:00;JPY;1;Bank Lending y/y;6.7%;6.5%;6.4%;;;
2020.10.11 19:50:00;JPY;1;Core Machinery Orders m/m;6.3%;-1.0%;0.2%;;;
2020.10.11 19:50:00;JPY;1;PPI y/y;-0.5%;-0.5%;-0.8%;;-0.6%;
2020.10.12 01:45:00;CHF;1;SECO Economic Forecasts;;;;;;
2020.10.12 01:58:00;JPY;1;Prelim Machine Tool Orders y/y;-23.3%;;-15.0%;;-23.2%;
2020.10.12 01:59:00;EUR;1;German WPI m/m;-0.4%;0.2%;0.0%;;;
2020.10.12 00:00:00;USD;0;Bank Holiday (All Day);;;;;;
2020.10.12 00:00:00;CAD;0;Bank Holiday (All Day);;;;;;
2020.10.12 10:00:00;GBP;1;MPC Member Haskel Speaks;;;;;;
2020.10.12 12:00:00;GBP;2;BOE Gov Bailey Speaks;;;;;;
2020.10.12 17:45:00;NZD;1;FPI m/m;0.7%;;-1.0%;;;
2020.10.12 19:01:00;GBP;1;BRC Retail Sales Monitor y/y;4.7%;3.5%;6.1%;;;
2020.10.12 19:50:00;JPY;1;M2 Money Stock y/y;8.6%;9.1%;9.0%;;;
2020.10.12 23:03:00;CNY;1;Trade Balance;417B;420B;258B;;;
2020.10.12 23:04:00;CNY;1;USD-Denominated Trade Balance;58.9B;59.3B;37.0B;;;
2020.10.13 01:59:00;EUR;1;German Final CPI m/m;-0.2%;-0.2%;-0.2%;;;
2020.10.13 02:00:00;GBP;2;Claimant Count Change;73.7K;78.8K;28.1K;;39.5K;
2020.10.13 02:00:00;GBP;1;Unemployment Rate;4.1%;4.3%;4.5%;;;
2020.10.13 02:02:00;GBP;1;Average Earnings Index 3m/y;-1.0%;-0.6%;0.0%;;;
2020.10.13 05:00:00;EUR;1;ZEW Economic Sentiment;73.9;72.0;52.3;;;
2020.10.13 05:00:00;EUR;1;German ZEW Economic Sentiment;77.4;74.1;56.1;;;
2020.10.13 06:00:00;USD;1;NFIB Small Business Index;100.2;100.9;104.0;;;
2020.10.13 08:30:00;USD;3;CPI y/y;1.3%;1.4%;1.4%;;;
2020.10.13 08:30:00;USD;2;Core CPI m/m;0.4%;0.2%;0.2%;;;
2020.10.13 08:30:00;USD;2;CPI m/m;0.4%;0.2%;0.2%;;;
2020.10.13 10:00:00;GBP;3;BOE Gov Bailey Speaks;;;;;;
2020.10.13 19:30:00;AUD;1;Westpac Consumer Sentiment;18.0%;;11.9%;;;
2020.10.14 00:30:00;JPY;1;Revised Industrial Production m/m;1.7%;1.7%;1.0%;;;
2020.10.14 04:00:00;EUR;2;ECB President Lagarde Speaks;;;;;;
2020.10.14 04:32:00;CNY;1;M2 Money Supply y/y;10.4%;10.4%;10.9%;;;
2020.10.14 04:32:00;CNY;1;New Loans;1280B;1700B;1900B;;;
2020.10.14 05:00:00;EUR;1;Industrial Production m/m;4.1%;0.8%;0.7%;;5.0%;
2020.10.14 05:36:00;EUR;1;German 30-y Bond Auction;-0.07|1.9;;-0.16|2.4;;;
2020.10.14 08:30:00;USD;2;Core PPI m/m;0.4%;0.2%;0.4%;;;
2020.10.14 08:30:00;USD;2;PPI m/m;0.3%;0.2%;0.4%;;;
2020.10.14 09:00:00;GBP;1;MPC Member Haldane Speaks;;;;;;
2020.10.14 09:00:00;USD;1;FOMC Member Clarida Speaks;;;;;;
2020.10.14 10:30:00;CAD;1;Gov Council Member Lane Speaks;;;;;;
2020.10.14 10:30:00;USD;1;FOMC Member Quarles Speaks;;;;;;
2020.10.14 15:00:00;USD;1;FOMC Member Quarles Speaks;;;;;;
2020.10.14 17:45:00;AUD;3;RBA Gov Lowe Speaks;;;;;;
2020.10.14 18:00:00;USD;1;FOMC Member Kaplan Speaks;;;;;;
2020.10.14 20:00:00;AUD;1;MI Inflation Expectations;3.1%;;3.4%;;;
2020.10.14 20:30:00;AUD;3;Employment Change;111.0K;-38.0K;-29.5K;;129.1K;
2020.10.14 20:30:00;AUD;3;Unemployment Rate;6.8%;7.0%;6.9%;;;
2020.10.14 21:30:00;CNY;1;CPI y/y;2.4%;1.9%;1.7%;;;
2020.10.14 21:30:00;CNY;1;PPI y/y;-2.0%;-1.9%;-2.1%;;;
2020.10.15 00:30:00;JPY;1;Tertiary Industry Activity m/m;-0.5%;1.2%;0.8%;;0.1%;
2020.10.15 02:30:00;CHF;1;PPI m/m;-0.4%;0.2%;0.1%;;;
2020.10.15 02:45:00;EUR;1;French Final CPI m/m;-0.5%;-0.5%;-0.5%;;;
2020.10.15 04:30:00;GBP;1;BOE Credit Conditions Survey;;;;;;
2020.10.15 00:00:00;EUR;3;EU Economic Summit (All Day);;;;;;
2020.10.15 08:30:00;USD;2;Philly Fed Manufacturing Index;15.0;14.4;32.3;;;
2020.10.15 08:30:00;USD;2;Unemployment Claims;840K;810K;898K;;845K;
2020.10.15 08:30:00;USD;1;Empire State Manufacturing Index;17.0;13.9;10.5;;;
2020.10.15 08:30:00;USD;1;Import Prices m/m;0.9%;0.3%;0.3%;;;
2020.10.15 08:32:00;CAD;1;ADP Non-Farm Employment Change;-205.4K;;-240.8K;;-770.6K;
2020.10.15 09:00:00;GBP;1;MPC Member Cunliffe Speaks;;;;;;
2020.10.15 09:30:00;GBP;1;CB Leading Index m/m;-0.3%;;0.5%;;0.8%;
2020.10.15 09:45:00;CAD;1;Gov Council Member Lane Speaks;;;;;;
2020.10.15 10:30:00;USD;1;Natural Gas Storage;75B;58B;46B;;;
2020.10.15 11:00:00;USD;1;Crude Oil Inventories;0.5M;-2.1M;-3.8M;;;
2020.10.15 11:00:00;USD;1;FOMC Member Kaplan Speaks;;;;;;
2020.10.15 11:00:00;USD;1;FOMC Member Quarles Speaks;;;;;;
2020.10.15 12:00:00;EUR;2;ECB President Lagarde Speaks;;;;;;
2020.10.15 17:00:00;USD;1;FOMC Member Kashkari Speaks;;;;;;
2020.10.15 17:30:00;NZD;1;BusinessNZ Manufacturing Index;50.7;;54.0;;51.0;
2020.10.16 00:30:00;AUD;1;RBA Annual Report;;;;;;
2020.10.16 04:57:00;CNY;1;Foreign Direct Investment ytd/y;2.6%;;5.2%;;;
2020.10.16 05:00:00;EUR;1;Final Core CPI y/y;0.2%;0.2%;0.2%;;;
2020.10.16 05:00:00;EUR;1;Final CPI y/y;-0.3%;-0.3%;-0.3%;;;
2020.10.16 05:00:00;EUR;1;Trade Balance;20.3B;18.1B;21.9B;;19.3B;
2020.10.16 05:02:00;EUR;1;Italian Trade Balance;9.69B;7.23B;3.93B;;;
2020.10.16 00:00:00;All;1;IMF Meetings (Day 1);;;;;;
2020.10.16 08:30:00;CAD;1;Foreign Securities Purchases;-8.52B;-3.01B;15.51B;;-8.49B;
2020.10.16 08:30:00;CAD;1;Manufacturing Sales m/m;7.0%;-1.4%;-2.0%;;7.2%;
2020.10.16 08:30:00;USD;3;Core Retail Sales m/m;0.7%;0.4%;1.5%;;0.5%;
2020.10.16 08:30:00;USD;3;Retail Sales m/m;0.6%;0.7%;1.9%;;;
2020.10.16 09:15:00;USD;1;Capacity Utilization Rate;71.4%;72.1%;71.5%;;72.0%;
2020.10.16 09:15:00;USD;1;Industrial Production m/m;0.4%;0.6%;-0.6%;;;
2020.10.16 10:00:00;USD;2;Prelim UoM Consumer Sentiment;78.9;80.2;81.2;;80.4;
2020.10.16 10:00:00;USD;1;Business Inventories m/m;0.1%;0.3%;0.3%;;;
2020.10.16 10:00:00;USD;1;Prelim UoM Inflation Expectations;2.7%;;2.7%;;2.6%;
2020.10.16 14:00:00;USD;1;Federal Budget Balance;-200.1B;-123.3B;-124.6B;;;
2020.10.16 16:00:00;USD;1;TIC Long-Term Purchases;10.8B;20.0B;27.8B;;11.3B;
2020.10.16 00:00:00;NZD;3;Parliamentary Elections (All Day);;;;;;
2020.10.17 00:00:00;All;1;IMF Meetings (Day 2);;;;;;
2020.10.18 09:05:00;EUR;2;ECB President Lagarde Speaks;;;;;;
2020.10.18 00:00:00;All;1;IMF Meetings (Day 3);;;;;;
2020.10.18 17:30:00;NZD;1;BusinessNZ Services Index;46.9;;50.3;;47.2;
2020.10.18 19:01:00;GBP;1;Rightmove HPI m/m;0.2%;;1.1%;;;
2020.10.18 19:50:00;JPY;1;Trade Balance;0.35T;0.85T;0.48T;;0.36T;
2020.10.18 21:59:00;CNY;3;GDP q/y;3.2%;5.5%;4.9%;;;
2020.10.18 22:00:00;CNY;1;Fixed Asset Investment ytd/y;-0.3%;0.9%;0.8%;;;
2020.10.18 22:00:00;CNY;1;Industrial Production y/y;5.6%;5.8%;6.9%;;;
2020.10.18 22:00:00;CNY;1;NBS Press Conference;;;;;;
2020.10.18 22:00:00;CNY;1;Retail Sales y/y;0.5%;1.7%;3.3%;;;
2020.10.18 22:00:00;CNY;1;Unemployment Rate;5.6%;5.5%;5.4%;;;
2020.10.19 00:00:00;All;3;OPEC-JMMC Meetings (All Day);;;;;;
2020.10.19 08:00:00;USD;3;Fed Chair Powell Speaks;;;;;;
2020.10.19 08:30:00;CAD;1;Wholesale Sales m/m;4.3%;0.1%;0.3%;;5.2%;
2020.10.19 08:45:00;EUR;2;ECB President Lagarde Speaks;;;;;;
2020.10.19 10:00:00;USD;1;NAHB Housing Market Index;83;83;85;;;
2020.10.19 10:05:00;GBP;1;MPC Member Cunliffe Speaks;;;;;;
2020.10.19 10:30:00;CAD;2;BOC Business Outlook Survey;;;;;;
2020.10.19 11:00:00;GBP;1;MPC Member Cunliffe Speaks;;;;;;
2020.10.19 11:45:00;USD;1;FOMC Member Clarida Speaks;;;;;;
2020.10.19 15:00:00;USD;1;FOMC Member Harker Speaks;;;;;;
2020.10.19 17:00:00;NZD;1;NZIER Business Confidence;-63;;-40;;;
2020.10.19 19:00:00;AUD;2;RBA Assist Gov Kent Speaks;;;;;;
2020.10.19 20:30:00;AUD;3;Monetary Policy Meeting Minutes;;;;;;
2020.10.19 21:30:00;CNY;2;1-y Loan Prime Rate;3.85%;3.85%;3.85%;;;
2020.10.19 21:30:00;CNY;2;5-y Loan Prime Rate;4.65%;4.65%;4.65%;;;
2020.10.19 21:30:00;CNY;1;New Home Prices m/m;0.56%;;0.34%;;;
2020.10.20 02:00:00;CHF;1;Trade Balance;3.58B;4.32B;3.28B;;3.54B;
2020.10.20 02:00:00;EUR;1;German PPI m/m;0.0%;0.1%;0.4%;;;
2020.10.20 04:00:00;EUR;1;Current Account;16.6B;17.2B;19.9B;;17.0B;
2020.10.20 08:30:00;USD;1;Building Permits;1.47M;1.52M;1.55M;;1.48M;
2020.10.20 08:30:00;USD;1;Housing Starts;1.42M;1.45M;1.42M;;1.39M;
2020.10.20 09:00:00;CNY;1;CB Leading Index m/m;1.2%;;1.3%;;1.0%;
2020.10.20 09:00:00;USD;1;FOMC Member Williams Speaks;;;;;;
2020.10.20 10:30:00;AUD;1;CB Leading Index m/m;-0.3%;;0.8%;;;
2020.10.20 10:39:00;NZD;1;GDT Price Index;2.2%;;0.4%;;;
2020.10.20 10:50:00;USD;1;FOMC Member Quarles Speaks;;;;;;
2020.10.20 19:30:00;AUD;1;MI Leading Index m/m;0.5%;;0.2%;;;
2020.10.20 20:30:00;AUD;1;Retail Sales m/m;-4.2%;-1.1%;-1.5%;;-4.0%;
2020.10.20 22:00:00;NZD;1;Credit Card Spending y/y;-11.9%;;-9.9%;;-11.8%;
2020.10.21 02:00:00;GBP;2;CPI y/y;0.2%;0.4%;0.5%;;;
2020.10.21 02:00:00;GBP;1;Core CPI y/y;0.9%;1.3%;1.3%;;;
2020.10.21 02:00:00;GBP;1;Public Sector Net Borrowing;35.2B;32.5B;35.4B;;29.4B;
2020.10.21 02:00:00;GBP;1;RPI y/y;0.5%;1.2%;1.1%;;;
2020.10.21 02:03:00;GBP;1;PPI Input m/m;-0.4%;-0.9%;1.1%;;-0.2%;
2020.10.21 02:03:00;GBP;1;PPI Output m/m;0.0%;-0.1%;-0.1%;;0.1%;
2020.10.21 03:30:00;EUR;2;ECB President Lagarde Speaks;;;;;;
2020.10.21 04:30:00;GBP;1;HPI y/y;2.3%;2.4%;2.5%;;2.1%;
2020.10.21 08:10:00;GBP;2;MPC Member Ramsden Speaks;;;;;;
2020.10.21 08:30:00;CAD;3;CPI m/m;-0.1%;-0.1%;-0.1%;;;
2020.10.21 08:30:00;CAD;2;Core Retail Sales m/m;-0.4%;0.9%;0.5%;;-0.1%;
2020.10.21 08:30:00;CAD;2;Retail Sales m/m;0.6%;1.0%;0.4%;;1.0%;
2020.10.21 08:30:00;CAD;1;Common CPI y/y;1.5%;1.5%;1.5%;;;
2020.10.21 08:30:00;CAD;1;Median CPI y/y;1.9%;1.9%;1.9%;;;
2020.10.21 08:30:00;CAD;1;NHPI m/m;0.5%;0.5%;1.2%;;;
2020.10.21 08:30:00;CAD;1;Trimmed CPI y/y;1.7%;1.7%;1.8%;;;
2020.10.21 08:32:00;CAD;1;Core CPI m/m;0.0%;;0.1%;;;
2020.10.21 08:50:00;USD;1;FOMC Member Brainard Speaks;;;;;;
2020.10.21 10:00:00;USD;1;FOMC Member Mester Speaks;;;;;;
2020.10.21 10:30:00;USD;1;Crude Oil Inventories;-3.8M;0.5M;-1.0M;;;
2020.10.21 14:00:00;USD;1;Beige Book;;;;;;
2020.10.21 18:30:00;AUD;1;RBA Deputy Gov Debelle Speaks;;;;;;
2020.10.22 02:00:00;EUR;1;German GfK Consumer Climate;-1.6;-2.9;-3.1;;-1.7;
2020.10.22 04:30:00;GBP;1;MPC Member Haldane Speaks;;;;;;
2020.10.22 05:25:00;GBP;3;BOE Gov Bailey Speaks;;;;;;
2020.10.22 06:00:00;GBP;1;CBI Industrial Order Expectations;-48;-50;-34;;;
2020.10.22 06:34:00;GBP;1;30-y Bond Auction;0.83|2.2;;0.84|2.2;;;
2020.10.22 08:30:00;USD;2;Unemployment Claims;898K;860K;787K;;842K;
2020.10.22 09:52:00;EUR;1;Consumer Confidence;-14;-15;-16;;;
2020.10.22 10:00:00;USD;2;CB Leading Index m/m;1.2%;0.8%;0.7%;;1.4%;
2020.10.22 10:00:00;USD;1;Existing Home Sales;6.00M;6.20M;6.54M;;5.98M;
2020.10.22 10:30:00;USD;1;Natural Gas Storage;46B;52B;49B;;;
2020.10.22 17:45:00;NZD;2;CPI q/q;-0.5%;0.9%;0.7%;;;
2020.10.22 18:00:00;AUD;1;Flash Manufacturing PMI;55.5;;54.2;;55.4;
2020.10.22 18:00:00;AUD;1;Flash Services PMI;50.0;;53.8;;50.8;
2020.10.22 19:01:00;GBP;1;GfK Consumer Confidence;-25;-28;-31;;;
2020.10.22 19:30:00;JPY;1;National Core CPI y/y;-0.4%;-0.4%;-0.3%;;;
2020.10.22 20:30:00;JPY;1;Flash Manufacturing PMI;47.3;48.4;48.0;;47.7;
2020.10.23 02:00:00;GBP;1;Retail Sales m/m;0.8%;0.0%;1.5%;;0.9%;
2020.10.23 03:15:00;EUR;3;French Flash Services PMI;47.5;47.0;46.5;;;
2020.10.23 03:15:00;EUR;2;French Flash Manufacturing PMI;50.9;51.3;51.0;;51.2;
2020.10.23 03:30:00;EUR;3;German Flash Manufacturing PMI;56.6;55.0;58.0;;56.4;
2020.10.23 03:30:00;EUR;3;German Flash Services PMI;49.1;49.6;48.9;;50.6;
2020.10.23 04:00:00;EUR;2;Flash Manufacturing PMI;53.7;53.0;54.4;;;
2020.10.23 04:00:00;EUR;2;Flash Services PMI;47.6;47.1;46.2;;48.0;
2020.10.23 04:30:00;GBP;2;Flash Manufacturing PMI;54.3;53.2;53.3;;54.1;
2020.10.23 04:30:00;GBP;2;Flash Services PMI;55.1;53.4;52.3;;56.1;
2020.10.23 08:59:00;EUR;1;Belgian NBB Business Climate;-10.8;-11.2;-8.5;;;
2020.10.23 09:45:00;USD;2;Flash Manufacturing PMI;53.5;53.5;53.3;;53.2;
2020.10.23 09:45:00;USD;1;Flash Services PMI;54.6;54.7;56.0;;;
2020.10.24 22:00:00;CHF;0;Daylight Saving Time Shift;;;;;;
2020.10.24 22:00:00;EUR;0;Daylight Saving Time Shift;;;;;;
2020.10.24 22:00:00;GBP;0;Daylight Saving Time Shift;;;;;;
2020.10.25 00:00:00;NZD;0;Bank Holiday (All Day);;;;;;
2020.10.25 19:50:00;JPY;1;SPPI y/y;1.0%;1.0%;1.3%;;1.1%;
2020.10.25 20:30:00;AUD;1;Goods Trade Balance;4.29B;;5.11B;;4.11B;
2020.10.26 05:00:00;EUR;1;German ifo Business Climate;93.4;93.1;92.7;;93.2;
2020.10.26 07:00:00;EUR;1;German Buba Monthly Report;;;;;;
2020.10.26 10:00:00;USD;2;New Home Sales;1011K;1025K;959K;;994K;
2020.10.26 10:30:00;CHF;1;SNB Chairman Jordan Speaks;;;;;;
2020.10.26 17:45:00;NZD;1;Trade Balance;-353M;-1015M;-1017M;;-282M;
2020.10.26 22:30:00;AUD;1;RBA Deputy Gov Debelle Speaks;;;;;;
2020.10.27 00:59:00;JPY;1;BOJ Core CPI y/y;0.0%;0.0%;-0.1%;;;
2020.10.27 02:00:00;AUD;1;RBA Gov Bullock Speaks;;;;;;
2020.10.27 04:00:00;EUR;1;Spanish Unemployment Rate;15.3%;16.0%;16.3%;;;
2020.10.27 05:00:00;EUR;1;M3 Money Supply y/y;9.5%;9.6%;10.4%;;;
2020.10.27 05:00:00;EUR;1;Private Loans y/y;3.0%;3.1%;3.1%;;;
2020.10.27 07:00:00;GBP;1;CBI Realized Sales;11;-1;-23;;;
2020.10.27 08:30:00;USD;2;Core Durable Goods Orders m/m;0.4%;0.3%;0.8%;;0.6%;
2020.10.27 08:30:00;USD;2;Durable Goods Orders m/m;0.4%;0.5%;1.9%;;0.5%;
2020.10.27 09:00:00;USD;1;HPI m/m;1.0%;0.7%;1.5%;;1.1%;
2020.10.27 09:00:00;USD;1;S&P/CS Composite-20 HPI y/y;3.9%;4.2%;5.2%;;4.1%;
2020.10.27 09:59:00;USD;1;Richmond Manufacturing Index;21;18;29;;;
2020.10.27 10:00:00;USD;2;CB Consumer Confidence;101.8;102.1;100.9;;101.3;
2020.10.27 20:01:00;GBP;1;BRC Shop Price Index y/y;-1.6%;;-1.2%;;;
2020.10.27 20:30:00;AUD;3;CPI q/q;-1.9%;1.5%;1.6%;;;
2020.10.27 20:30:00;AUD;3;Trimmed Mean CPI q/q;-0.1%;0.3%;0.4%;;;
2020.10.28 03:00:00;EUR;1;German Import Prices m/m;0.1%;-0.3%;0.3%;;;
2020.10.28 05:00:00;CHF;1;Credit Suisse Economic Expectations;26.2;;2.3;;;
2020.10.28 06:03:00;GBP;1;10-y Bond Auction;0.31|2.8;;0.24|3.0;;;
2020.10.28 08:30:00;USD;1;Goods Trade Balance;-82.9B;-84.8B;-79.4B;;-83.1B;
2020.10.28 08:30:00;USD;1;Prelim Wholesale Inventories m/m;0.5%;0.4%;-0.1%;;0.4%;
2020.10.28 10:00:00;CAD;3;BOC Monetary Policy Report;;;;;;
2020.10.28 10:00:00;CAD;3;BOC Rate Statement;;;;;;
2020.10.28 10:00:00;CAD;2;Overnight Rate;0.25%;0.25%;0.25%;;;
2020.10.28 10:30:00;USD;1;Crude Oil Inventories;-1.0M;1.5M;4.3M;;;
2020.10.28 11:00:00;CAD;3;BOC Press Conference;;;;;;
2020.10.28 18:00:00;USD;1;FOMC Member Kaplan Speaks;;;;;;
2020.10.28 19:50:00;JPY;1;Retail Sales y/y;-1.9%;-7.5%;-8.7%;;;
2020.10.28 20:00:00;NZD;1;ANZ Business Confidence;-14.5;;-15.7;;;
2020.10.28 20:30:00;AUD;1;Import Prices q/q;-1.9%;-2.1%;-3.5%;;;
2020.10.28 20:30:00;AUD;1;NAB Quarterly Business Confidence;-15;;-10;;;
2020.10.28 23:12:00;JPY;3;BOJ Outlook Report;;;;;;
2020.10.28 23:12:00;JPY;3;Monetary Policy Statement;;;;;;
2020.10.28 23:12:00;JPY;1;BOJ Policy Rate;-0.10%;-0.10%;-0.10%;;;
2020.10.29 01:00:00;JPY;1;Consumer Confidence;32.7;35.2;33.6;;;
2020.10.29 02:30:00;JPY;2;BOJ Press Conference;;;;;;
2020.10.29 00:00:00;EUR;1;German Prelim CPI m/m (All Day);-0.2%;0.0%;0.1%;;;
2020.10.29 04:00:00;EUR;1;Spanish Flash CPI y/y;-0.4%;-0.4%;-0.9%;;;
2020.10.29 04:55:00;EUR;1;German Unemployment Change;-8K;-5K;-35K;;-10K;
2020.10.29 05:30:00;GBP;1;M4 Money Supply m/m;-0.4%;0.3%;0.9%;;-0.5%;
2020.10.29 05:32:00;GBP;1;Mortgage Approvals;85K;76K;91K;;86K;
2020.10.29 05:32:00;GBP;1;Net Lending to Individuals m/m;3.4B;4.2B;4.2B;;3.3B;
2020.10.29 00:00:00;EUR;2;EU Economic Summit (All Day);;;;;;
2020.10.29 06:16:00;EUR;1;Italian 10-y Bond Auction;0.89|1.3;;0.79|1.3;;;
2020.10.29 08:30:00;CAD;1;Building Permits m/m;1.7%;18.0%;17.0%;;1.4%;
2020.10.29 08:30:00;USD;3;Advance GDP q/q;-32.9%;32.0%;33.1%;;-31.4%;
2020.10.29 08:30:00;USD;2;Unemployment Claims;787K;773K;751K;;791K;
2020.10.29 08:32:00;USD;2;Advance GDP Price Index q/q;-1.8%;2.9%;3.6%;;;
2020.10.29 08:45:00;EUR;3;Main Refinancing Rate;0.00%;0.00%;0.00%;;;
2020.10.29 08:45:00;EUR;3;Monetary Policy Statement;;;;;;
2020.10.29 09:30:00;EUR;3;ECB Press Conference;;;;;;
2020.10.29 10:00:00;USD;2;Pending Home Sales m/m;8.8%;3.1%;-2.2%;;;
2020.10.29 10:30:00;USD;1;Natural Gas Storage;49B;35B;29B;;;
2020.10.29 19:30:00;JPY;1;Tokyo Core CPI y/y;-0.2%;-0.5%;-0.5%;;;
2020.10.29 19:30:00;JPY;1;Unemployment Rate;3.0%;3.1%;3.0%;;;
2020.10.29 19:50:00;JPY;1;Prelim Industrial Production m/m;1.7%;3.0%;4.0%;;1.0%;
2020.10.29 20:30:00;AUD;1;PPI q/q;-1.2%;0.4%;0.4%;;;
2020.10.29 20:30:00;AUD;1;Private Sector Credit m/m;0.0%;0.1%;0.1%;;;
2020.10.30 01:00:00;JPY;1;Housing Starts y/y;-9.1%;-8.6%;-9.9%;;;
2020.10.30 02:30:00;EUR;1;French Consumer Spending m/m;2.3%;-1.5%;-5.1%;;2.2%;
2020.10.30 02:30:00;EUR;1;French Flash GDP q/q;-13.8%;15.0%;18.2%;;-13.7%;
2020.10.30 02:52:00;GBP;1;Nationwide HPI m/m;0.9%;0.4%;0.8%;;;
2020.10.30 03:00:00;EUR;1;German Retail Sales m/m;3.1%;-0.6%;-2.2%;;1.8%;
2020.10.30 03:30:00;CHF;1;Retail Sales y/y;2.5%;2.8%;0.3%;;4.0%;
2020.10.30 03:45:00;EUR;1;French Prelim CPI m/m;-0.5%;0.0%;-0.1%;;;
2020.10.30 04:00:00;CHF;2;KOF Economic Barometer;113.8;107.9;106.6;;110.1;
2020.10.30 04:00:00;EUR;1;Spanish Flash GDP q/q;-18.5%;13.5%;16.7%;;-17.8%;
2020.10.30 04:00:00;EUR;1;Italian Monthly Unemployment Rate;9.7%;10.1%;9.6%;;;
2020.10.30 05:00:00;EUR;2;German Prelim GDP q/q;-10.1%;7.3%;8.2%;;-9.7%;
2020.10.30 05:00:00;EUR;1;Italian Prelim GDP q/q;-12.4%;11.1%;16.1%;;-12.8%;
2020.10.30 05:58:00;EUR;1;Italian Prelim CPI m/m;-0.6%;0.2%;0.2%;;-0.7%;
2020.10.30 06:00:00;EUR;1;Core CPI Flash Estimate y/y;0.2%;0.2%;0.2%;;;
2020.10.30 06:00:00;EUR;1;CPI Flash Estimate y/y;-0.3%;-0.3%;-0.3%;;;
2020.10.30 06:00:00;EUR;1;Prelim Flash GDP q/q;-12.1%;9.5%;12.7%;;-11.8%;
2020.10.30 06:00:00;EUR;1;Unemployment Rate;8.1%;8.2%;8.3%;;8.3%;
2020.10.30 08:30:00;CAD;3;GDP m/m;3.0%;0.9%;1.2%;;3.1%;
2020.10.30 08:30:00;CAD;1;IPPI m/m;0.3%;0.1%;-0.1%;;;
2020.10.30 08:30:00;CAD;1;RMPI m/m;3.2%;0.3%;-2.2%;;3.1%;
2020.10.30 08:30:00;USD;2;Core PCE Price Index m/m;0.3%;0.2%;0.2%;;;
2020.10.30 08:30:00;USD;2;Personal Spending m/m;1.0%;1.0%;1.4%;;;
2020.10.30 08:30:00;USD;1;Employment Cost Index q/q;0.5%;0.5%;0.5%;;;
2020.10.30 08:30:00;USD;1;Personal Income m/m;-2.7%;0.3%;0.9%;;-2.5%;
2020.10.30 09:45:00;USD;2;Chicago PMI;62.4;58.2;61.1;;;
2020.10.30 10:00:00;USD;2;Revised UoM Consumer Sentiment;81.2;81.2;81.8;;;
2020.10.30 10:00:00;USD;1;Revised UoM Inflation Expectations;2.7%;;2.6%;;;
2020.10.30 10:30:00;EUR;1;German Buba President Weidmann Speaks;;;;;;
2020.10.30 11:00:00;USD;3;Fed Announcement;;;;;;
2020.10.30 21:00:00;CNY;2;Manufacturing PMI;51.5;51.4;51.4;;;
2020.10.30 21:00:00;CNY;1;Non-Manufacturing PMI;55.9;56.2;56.2;;;
