2021.11.01 01:30:00;AUD;1;Commodity Prices y/y;37.4%;;40.7%;;36.8%;
2021.11.01 03:00:00;EUR;1;German Retail Sales m/m;1.1%;0.5%;-2.5%;;1.2%;
2021.11.01 00:00:00;EUR;0;French Bank Holiday (All Day);;;;;;
2021.11.01 00:00:00;EUR;0;Italian Bank Holiday (All Day);;;;;;
2021.11.01 04:30:00;CHF;1;Manufacturing PMI;68.1;65.9;65.4;;;
2021.11.01 05:30:00;GBP;1;Final Manufacturing PMI;57.7;57.7;57.8;;;
2021.11.01 09:30:00;CAD;1;Manufacturing PMI;57.0;;57.7;;;
2021.11.01 09:45:00;USD;1;Final Manufacturing PMI;59.2;59.2;58.4;;;
2021.11.01 10:00:00;USD;3;ISM Manufacturing PMI;61.1;60.4;60.8;;;
2021.11.01 10:00:00;USD;1;Construction Spending m/m;0.0%;0.6%;-0.5%;;0.1%;
2021.11.01 10:00:00;USD;1;ISM Manufacturing Prices;81.2;82.5;85.7;;;
2021.11.01 17:45:00;NZD;1;Building Consents m/m;3.8%;;-1.9%;;;
2021.11.01 19:50:00;JPY;1;Monetary Base y/y;11.7%;12.3%;9.9%;;;
2021.11.01 19:50:00;JPY;1;Monetary Policy Meeting Minutes;;;;;;
2021.11.01 23:30:00;AUD;3;Cash Rate;0.10%;0.10%;0.10%;;;
2021.11.01 23:30:00;AUD;3;RBA Rate Statement;;;;;;
2021.11.02 01:00:00;AUD;3;RBA Gov Lowe Speaks;;;;;;
2021.11.02 01:50:00;AUD;1;RBA Deputy Gov Debelle Speaks;;;;;;
2021.11.02 03:30:00;CHF;1;CPI m/m;0.0%;0.2%;0.3%;;;
2021.11.02 03:30:00;CHF;1;Retail Sales y/y;0.5%;1.4%;2.5%;;0.8%;
2021.11.02 04:15:00;EUR;1;Spanish Manufacturing PMI;58.1;58.2;57.4;;;
2021.11.02 04:45:00;EUR;1;Italian Manufacturing PMI;59.7;59.6;61.1;;;
2021.11.02 04:50:00;EUR;1;French Final Manufacturing PMI;53.5;53.5;53.6;;;
2021.11.02 04:55:00;EUR;1;German Final Manufacturing PMI;58.2;58.2;57.8;;;
2021.11.02 05:00:00;EUR;1;Final Manufacturing PMI;58.5;58.5;58.3;;;
2021.11.02 08:30:00;CAD;1;Building Permits m/m;-2.1%;2.2%;4.3%;;-2.0%;
2021.11.02 09:10:00;USD;1;RCM/TIPP Economic Optimism;46.8;49.3;43.9;;;
2021.11.02 00:00:00;USD;1;Wards Total Vehicle Sales (All Day);12.2M;12.5M;13.0M;;;
2021.11.02 11:13:00;NZD;1;GDT Price Index;2.2%;;4.3%;;;
2021.11.02 16:00:00;NZD;2;RBNZ Financial Stability Report;;;;;;
2021.11.02 17:30:00;AUD;1;AIG Construction Index;53.3;;57.6;;;
2021.11.02 17:45:00;NZD;3;Employment Change q/q;1.0%;0.4%;2.0%;;;
2021.11.02 17:45:00;NZD;3;Unemployment Rate;4.0%;3.9%;3.4%;;;
2021.11.02 17:45:00;NZD;1;Labor Cost Index q/q;0.9%;0.8%;0.7%;;;
2021.11.02 00:00:00;JPY;0;Bank Holiday (All Day);;;;;;
2021.11.02 20:30:00;AUD;1;Building Approvals m/m;6.8%;-2.0%;-4.3%;;7.6%;
2021.11.02 21:45:00;CNY;1;Caixin Services PMI;53.4;53.0;53.8;;;
2021.11.03 03:00:00;GBP;1;Nationwide HPI m/m;0.1%;0.3%;0.7%;;0.2%;
2021.11.03 03:45:00;EUR;1;French Gov Budget Balance;-178.0B;;-175.1B;;;
2021.11.03 04:00:00;EUR;2;Spanish Unemployment Change;-76.1K;21.2K;-0.7K;;;
2021.11.03 05:00:00;EUR;1;Italian Monthly Unemployment Rate;9.3%;9.3%;9.2%;;;
2021.11.03 05:30:00;GBP;1;Final Services PMI;58.0;58.0;59.1;;;
2021.11.03 06:00:00;EUR;2;ECB President Lagarde Speaks;;;;;;
2021.11.03 06:00:00;EUR;1;Unemployment Rate;7.5%;7.4%;7.4%;;;
2021.11.03 08:15:00;USD;3;ADP Non-Farm Employment Change;568K;400K;571K;;523K;
2021.11.03 09:00:00;CAD;1;Gov Council Member Gravelle Speaks;;;;;;
2021.11.03 09:45:00;USD;1;Final Services PMI;58.2;58.2;58.7;;;
2021.11.03 10:00:00;USD;3;ISM Services PMI;61.9;61.9;66.7;;;
2021.11.03 10:00:00;USD;1;Factory Orders m/m;1.2%;0.1%;0.2%;;1.0%;
2021.11.03 10:30:00;USD;2;Crude Oil Inventories;4.3M;1.9M;3.3M;;;
2021.11.03 12:00:00;GBP;2;BOE Gov Bailey Speaks;;;;;;
2021.11.03 14:00:00;USD;3;Federal Funds Rate;<0.25%;<0.25%;<0.25%;;;
2021.11.03 14:00:00;USD;3;FOMC Statement;;;;;;
2021.11.03 14:30:00;USD;3;FOMC Press Conference;;;;;;
2021.11.03 20:00:00;NZD;1;ANZ Commodity Prices m/m;1.5%;;2.1%;;;
2021.11.03 20:30:00;AUD;1;Goods Trade Balance;15.08B;12.25B;12.24B;;14.74B;
2021.11.04 03:00:00;EUR;1;German Factory Orders m/m;-7.7%;1.7%;1.3%;;-8.8%;
2021.11.04 04:00:00;CHF;1;SECO Consumer Climate;8;7;4;;;
2021.11.04 04:15:00;EUR;1;Spanish Services PMI;56.9;55.7;56.6;;;
2021.11.04 04:45:00;EUR;1;Italian Services PMI;55.5;54.6;52.4;;;
2021.11.04 04:50:00;EUR;1;French Final Services PMI;56.6;56.6;56.6;;;
2021.11.04 04:55:00;EUR;1;German Final Services PMI;52.4;52.4;52.4;;;
2021.11.04 05:00:00;EUR;1;Final Services PMI;54.7;54.7;54.6;;;
2021.11.04 05:30:00;GBP;1;Construction PMI;52.6;52.0;54.6;;;
2021.11.04 05:50:00;EUR;1;Spanish 10-y Bond Auction;0.45|1.4;;0.48|1.3;;;
2021.11.04 06:00:00;EUR;1;French 10-y Bond Auction;0.15|2.1;;0.16|1.8;;;
2021.11.04 06:00:00;EUR;1;PPI m/m;1.1%;2.3%;2.7%;;;
2021.11.04 00:00:00;All;3;OPEC-JMMC Meetings (All Day);;;;;;
2021.11.04 07:30:00;USD;1;Challenger Job Cuts y/y;-84.9%;;-71.7%;;;
2021.11.04 08:00:00;GBP;3;Asset Purchase Facility;875B;875B;875B;;;
2021.11.04 08:00:00;GBP;3;BOE Monetary Policy Report;;;;;;
2021.11.04 08:00:00;GBP;3;Monetary Policy Summary;;;;;;
2021.11.04 08:00:00;GBP;3;MPC Asset Purchase Facility Votes;0-2-7;0-2-7;0-3-6;;;
2021.11.04 08:00:00;GBP;3;MPC Official Bank Rate Votes;0-0-9;0-0-9;2-0-7;;;
2021.11.04 08:00:00;GBP;3;Official Bank Rate;0.10%;0.10%;0.10%;;;
2021.11.04 08:30:00;CAD;1;Trade Balance;1.9B;1.5B;1.9B;;1.5B;
2021.11.04 08:30:00;GBP;3;BOE Gov Bailey Speaks;;;;;;
2021.11.04 08:30:00;USD;2;Unemployment Claims;281K;273K;269K;;283K;
2021.11.04 08:30:00;USD;1;Prelim Nonfarm Productivity q/q;2.3%;-3.2%;-5.0%;;2.1%;
2021.11.04 08:30:00;USD;1;Prelim Unit Labor Costs q/q;1.0%;7.1%;8.3%;;1.3%;
2021.11.04 08:30:00;USD;1;Trade Balance;-73.3B;-80.1B;-80.9B;;-72.8B;
2021.11.04 09:00:00;EUR;2;ECB President Lagarde Speaks;;;;;;
2021.11.04 10:30:00;USD;1;Natural Gas Storage;87B;67B;63B;;;
2021.11.04 12:50:00;GBP;1;MPC Member Cunliffe Speaks;;;;;;
2021.11.04 17:30:00;AUD;1;AIG Services Index;45.7;;47.6;;;
2021.11.04 19:30:00;JPY;1;Household Spending y/y;-3.0%;-3.5%;-1.9%;;;
2021.11.04 20:30:00;AUD;2;RBA Monetary Policy Statement;;;;;;
2021.11.05 03:00:00;EUR;1;German Industrial Production m/m;-4.0%;1.1%;-1.1%;;-3.5%;
2021.11.05 03:00:00;GBP;1;Halifax HPI m/m;1.7%;0.7%;0.9%;;;
2021.11.05 03:45:00;EUR;1;French Industrial Production m/m;1.0%;0.0%;-1.3%;;;
2021.11.05 03:45:00;EUR;1;French Prelim Private Payrolls q/q;1.2%;0.6%;0.5%;;1.4%;
2021.11.05 04:00:00;CHF;1;Foreign Currency Reserves;940B;;923B;;939B;
2021.11.05 05:00:00;EUR;1;Italian Retail Sales m/m;0.4%;0.2%;0.8%;;0.8%;
2021.11.05 06:00:00;EUR;1;Retail Sales m/m;0.3%;0.2%;-0.3%;;1.0%;
2021.11.05 08:15:00;GBP;1;MPC Member Ramsden Speaks;;;;;;
2021.11.05 08:30:00;CAD;3;Employment Change;157.1K;42.0K;31.2K;;;
2021.11.05 08:30:00;CAD;3;Unemployment Rate;6.9%;6.8%;6.7%;;;
2021.11.05 08:30:00;USD;3;Average Hourly Earnings m/m;0.6%;0.4%;0.4%;;;
2021.11.05 08:30:00;USD;3;Non-Farm Employment Change;194K;455K;531K;;312K;
2021.11.05 08:30:00;USD;3;Unemployment Rate;4.8%;4.7%;4.6%;;;
2021.11.05 09:00:00;GBP;1;MPC Member Tenreyro Speaks;;;;;;
2021.11.05 10:00:00;CAD;2;Ivey PMI;70.4;71.2;59.3;;;
2021.11.05 15:00:00;USD;1;Consumer Credit m/m;14.4B;16.1B;29.9B;;13.8B;
2021.11.06 23:01:00;CNY;1;Trade Balance;433B;386B;546B;;;
2021.11.06 23:02:00;CNY;1;USD-Denominated Trade Balance;66.8B;64.0B;84.5B;;;
2021.11.07 02:00:00;CAD;0;Daylight Saving Time Shift;;;;;;
2021.11.07 02:00:00;USD;0;Daylight Saving Time Shift;;;;;;
2021.11.07 18:50:00;JPY;1;BOJ Summary of Opinions;;;;;;
2021.11.08 00:00:00;JPY;1;Leading Indicators;101.8%;99.9%;99.7%;;101.3%;
2021.11.08 01:45:00;CHF;1;Unemployment Rate;2.8%;2.7%;2.7%;;;
2021.11.08 04:30:00;EUR;1;Sentix Investor Confidence;16.9;14.9;18.3;;;
2021.11.08 00:00:00;EUR;1;Eurogroup Meetings (All Day);;;;;;
2021.11.08 09:00:00;USD;2;FOMC Member Clarida Speaks;;;;;;
2021.11.08 10:30:00;USD;3;Fed Chair Powell Speaks;;;;;;
2021.11.08 10:55:00;USD;1;FOMC Member Williams Speaks;;;;;;
2021.11.08 12:00:00;GBP;3;BOE Gov Bailey Speaks;;;;;;
2021.11.08 12:00:00;USD;2;FOMC Member Bowman Speaks;;;;;;
2021.11.08 13:50:00;USD;2;FOMC Member Evans Speaks;;;;;;
2021.11.08 14:00:00;USD;1;Loan Officer Survey;;;;;;
2021.11.08 15:30:00;AUD;1;NAB Business Confidence;13;;21;;10;
2021.11.08 16:00:00;USD;1;FOMC Financial Stability Report;;;;;;
2021.11.08 18:30:00;JPY;1;Average Cash Earnings y/y;0.7%;0.6%;0.2%;;0.6%;
2021.11.08 18:50:00;JPY;1;Bank Lending y/y;0.6%;0.7%;0.9%;;;
2021.11.08 18:50:00;JPY;1;Current Account;1.04T;0.85T;0.76T;;0.88T;
2021.11.08 19:01:00;GBP;1;BRC Retail Sales Monitor y/y;-0.6%;1.1%;-0.2%;;;
2021.11.08 22:35:00;JPY;1;30-y Bond Auction;0.70|2.9;;0.68|3.4;;;
2021.11.09 00:00:00;JPY;1;Economy Watchers Sentiment;42.1;48.6;55.5;;;
2021.11.09 02:05:00;EUR;1;German Trade Balance;13.0B;14.2B;13.2B;;14.0B;
2021.11.09 02:45:00;EUR;1;French Trade Balance;-6.7B;-7.0B;-6.8B;;;
2021.11.09 05:00:00;EUR;2;ZEW Economic Sentiment;21.0;20.6;25.9;;;
2021.11.09 05:00:00;EUR;2;German ZEW Economic Sentiment;22.3;20.3;31.7;;;
2021.11.09 00:00:00;EUR;1;ECOFIN Meetings (All Day);;;;;;
2021.11.09 06:00:00;USD;1;NFIB Small Business Index;99.1;99.4;98.2;;;
2021.11.09 08:00:00;EUR;2;ECB President Lagarde Speaks;;;;;;
2021.11.09 08:30:00;USD;3;PPI m/m;0.5%;0.6%;0.6%;;;
2021.11.09 08:30:00;USD;2;Core PPI m/m;0.2%;0.5%;0.4%;;;
2021.11.09 09:00:00;USD;3;Fed Chair Powell Speaks;;;;;;
2021.11.09 10:30:00;GBP;2;MPC Member Broadbent Speaks;;;;;;
2021.11.09 11:00:00;GBP;3;BOE Gov Bailey Speaks;;;;;;
2021.11.09 11:35:00;USD;1;FOMC Member Daly Speaks;;;;;;
2021.11.09 13:01:00;USD;2;10-y Bond Auction;1.58|2.6;;1.44|2.4;;;
2021.11.09 17:45:00;CAD;3;BOC Gov Macklem Speaks;;;;;;
2021.11.09 18:30:00;AUD;1;Westpac Consumer Sentiment;-1.5%;;0.6%;;;
2021.11.09 18:50:00;JPY;1;M2 Money Stock y/y;4.2%;4.0%;4.2%;;;
2021.11.09 19:00:00;NZD;1;Prelim ANZ Business Confidence;-8.6;;-18.1;;-13.4;
2021.11.09 20:30:00;CNY;1;CPI y/y;0.7%;1.4%;1.5%;;;
2021.11.09 20:30:00;CNY;1;PPI y/y;10.7%;12.2%;13.5%;;;
2021.11.10 00:57:00;JPY;1;Prelim Machine Tool Orders y/y;71.9%;;81.5%;;;
2021.11.10 02:00:00;EUR;1;German Final CPI m/m;0.5%;0.5%;0.5%;;;
2021.11.10 03:01:00;CNY;1;M2 Money Supply y/y;8.3%;8.3%;8.7%;;;
2021.11.10 03:01:00;CNY;1;New Loans;1660B;800B;826B;;;
2021.11.10 04:00:00;EUR;1;German Buba President Weidmann Speaks;;;;;;
2021.11.10 04:00:00;EUR;1;Italian Industrial Production m/m;-0.2%;-0.1%;0.1%;;-0.3%;
2021.11.10 05:36:00;EUR;1;German 10-y Bond Auction;-0.16|1.1;;-0.29|1.1;;;
2021.11.10 08:30:00;GBP;1;MPC Member Tenreyro Speaks;;;;;;
2021.11.10 08:30:00;USD;3;Core CPI m/m;0.2%;0.4%;0.6%;;;
2021.11.10 08:30:00;USD;3;CPI m/m;0.4%;0.6%;0.9%;;;
2021.11.10 08:30:00;USD;3;CPI y/y;5.4%;5.9%;6.2%;;;
2021.11.10 08:30:00;USD;2;Unemployment Claims;269K;257K;267K;;271K;
2021.11.10 10:00:00;USD;1;Final Wholesale Inventories m/m;1.1%;1.1%;1.4%;;;
2021.11.10 10:00:00;USD;1;Mortgage Delinquencies;5.47%;;4.88%;;;
2021.11.10 10:30:00;USD;2;Crude Oil Inventories;3.3M;1.6M;1.0M;;;
2021.11.10 12:00:00;USD;1;Natural Gas Storage;63B;9B;7B;;;
2021.11.10 13:01:00;USD;2;30-y Bond Auction;2.05|2.4;;1.94|2.2;;;
2021.11.10 14:00:00;USD;1;Federal Budget Balance;-61.5B;-180.3B;-165.1B;;;
2021.11.10 16:45:00;NZD;2;FPI m/m;0.5%;;-0.9%;;;
2021.11.10 18:50:00;JPY;1;PPI y/y;6.3%;6.9%;8.0%;;6.4%;
2021.11.10 19:01:00;GBP;1;RICS House Price Balance;68%;65%;70%;;69%;
2021.11.10 19:03:00;AUD;1;MI Inflation Expectations;3.6%;;4.6%;;;
2021.11.10 19:30:00;AUD;3;Employment Change;-138.0K;50.0K;-46.3K;;-141.1K;
2021.11.10 19:30:00;AUD;3;Unemployment Rate;4.6%;4.8%;5.2%;;;
2021.11.11 02:00:00;GBP;2;Prelim GDP q/q;4.8%;1.5%;1.3%;;5.5%;
2021.11.11 02:00:00;GBP;1;Construction Output m/m;-0.2%;0.2%;1.3%;;-0.7%;
2021.11.11 02:00:00;GBP;1;GDP m/m;0.4%;0.4%;0.6%;;0.2%;
2021.11.11 02:00:00;GBP;1;Goods Trade Balance;-14.9B;-14.3B;-14.7B;;-13.7B;
2021.11.11 02:00:00;GBP;1;Index of Services 3m/3m;3.7%;1.9%;1.6%;;3.5%;
2021.11.11 02:00:00;GBP;1;Industrial Production m/m;0.8%;0.2%;-0.4%;;1.0%;
2021.11.11 02:00:00;GBP;1;Manufacturing Production m/m;0.5%;0.2%;-0.1%;;0.3%;
2021.11.11 02:00:00;GBP;1;Prelim Business Investment q/q;2.4%;3.5%;0.4%;;4.5%;
2021.11.11 00:00:00;EUR;0;French Bank Holiday (All Day);;;;;;
2021.11.11 04:00:00;EUR;1;ECB Economic Bulletin;;;;;;
2021.11.11 05:00:00;EUR;2;EU Economic Forecasts;;;;;;
2021.11.11 05:45:00;GBP;1;MPC Member Mann Speaks;;;;;;
2021.11.11 07:58:00;GBP;1;NIESR GDP Estimate;1.5%;;1.0%;;1.3%;
2021.11.11 00:00:00;CAD;0;Bank Holiday (All Day);;;;;;
2021.11.11 00:00:00;USD;0;Bank Holiday (All Day);;;;;;
2021.11.11 12:30:00;CHF;2;Gov Board Member Maechler Speaks;;;;;;
2021.11.11 16:30:00;NZD;1;BusinessNZ Manufacturing Index;51.4;;54.3;;51.6;
2021.11.12 02:00:00;EUR;1;German WPI m/m;0.8%;0.6%;1.6%;;;
2021.11.12 02:30:00;CHF;1;PPI m/m;0.2%;0.4%;0.6%;;;
2021.11.12 05:00:00;EUR;1;Industrial Production m/m;-1.6%;-0.5%;-0.2%;;-1.7%;
2021.11.12 00:00:00;EUR;1;ECOFIN Meetings (All Day);;;;;;
2021.11.12 09:00:00;GBP;1;MPC Member Haskel Speaks;;;;;;
2021.11.12 10:00:00;USD;2;JOLTS Job Openings;10.44M;10.02M;10.44M;;10.63M;
2021.11.12 10:00:00;USD;2;Prelim UoM Consumer Sentiment;71.4;72.5;66.8;;71.7;
2021.11.12 10:00:00;USD;1;Prelim UoM Inflation Expectations;4.8%;;4.9%;;;
2021.11.12 12:10:00;USD;2;FOMC Member Williams Speaks;;;;;;
2021.11.14 16:30:00;NZD;1;BusinessNZ Services Index;46.9;;44.6;;46.5;
2021.11.14 16:45:00;NZD;1;Visitor Arrivals m/m;-91.1%;;-13.7%;;;
2021.11.14 18:50:00;JPY;1;Prelim GDP Price Index y/y;-0.7%;-1.2%;-1.1%;;-1.1%;
2021.11.14 18:50:00;JPY;1;Prelim GDP q/q;0.3%;-0.2%;-0.8%;;0.5%;
2021.11.14 19:01:00;GBP;1;Rightmove HPI m/m;1.8%;;-0.6%;;;
2021.11.14 19:30:00;AUD;1;RBA Assist Gov Ellis Speaks;;;;;;
2021.11.14 20:30:00;CNY;1;New Home Prices m/m;-0.08%;;-0.25%;;;
2021.11.14 21:00:00;CNY;2;Retail Sales y/y;4.4%;3.8%;4.9%;;;
2021.11.14 21:00:00;CNY;1;Fixed Asset Investment ytd/y;7.3%;6.3%;6.1%;;;
2021.11.14 21:00:00;CNY;1;Industrial Production y/y;3.1%;3.0%;3.5%;;;
2021.11.14 21:00:00;CNY;1;Unemployment Rate;4.9%;4.9%;4.9%;;;
2021.11.14 23:30:00;JPY;1;Revised Industrial Production m/m;-5.4%;-5.4%;-5.4%;;;
2021.11.15 03:14:00;CNY;1;Foreign Direct Investment ytd/y;19.6%;;17.8%;;;
2021.11.15 04:30:00;GBP;1;MPC Member Haskel Speaks;;;;;;
2021.11.15 05:00:00;EUR;2;ECB President Lagarde Speaks;;;;;;
2021.11.15 05:00:00;EUR;1;Trade Balance;11.1B;12.5B;6.1B;;9.7B;
2021.11.15 08:30:00;CAD;1;Manufacturing Sales m/m;0.5%;-3.0%;-3.0%;;1.1%;
2021.11.15 08:30:00;CAD;1;Wholesale Sales m/m;0.3%;1.1%;1.0%;;0.7%;
2021.11.15 08:30:00;USD;2;Empire State Manufacturing Index;19.8;22.1;30.9;;;
2021.11.15 09:30:00;GBP;3;Monetary Policy Report Hearings;;;;;;
2021.11.15 19:30:00;AUD;3;Monetary Policy Meeting Minutes;;;;;;
2021.11.15 19:45:00;USD;1;President Biden Speaks;;;;;;
2021.11.15 21:30:00;AUD;3;RBA Gov Lowe Speaks;;;;;;
2021.11.15 23:30:00;JPY;1;Tertiary Industry Activity m/m;-1.7%;0.9%;0.5%;;-1.1%;
2021.11.16 02:00:00;GBP;1;Average Earnings Index 3m/y;7.2%;5.5%;5.8%;;;
2021.11.16 02:00:00;GBP;1;Claimant Count Change;-51.1K;-39.2K;-14.9K;;-85.9K;
2021.11.16 02:00:00;GBP;1;Unemployment Rate;4.5%;4.4%;4.3%;;;
2021.11.16 02:45:00;EUR;1;French Final CPI m/m;0.4%;0.4%;0.4%;;;
2021.11.16 05:00:00;EUR;1;Flash Employment Change q/q;0.5%;0.6%;0.9%;;0.7%;
2021.11.16 05:00:00;EUR;1;Flash GDP q/q;2.0%;2.2%;2.2%;;2.2%;
2021.11.16 08:15:00;CAD;1;Housing Starts;251K;254K;237K;;250K;
2021.11.16 08:30:00;USD;3;Core Retail Sales m/m;0.8%;1.0%;1.7%;;0.7%;
2021.11.16 08:30:00;USD;3;Retail Sales m/m;0.7%;1.3%;1.7%;;0.8%;
2021.11.16 08:30:00;USD;1;Import Prices m/m;0.4%;1.0%;1.2%;;;
2021.11.16 09:15:00;USD;2;Industrial Production m/m;-1.3%;0.9%;1.6%;;;
2021.11.16 09:15:00;USD;1;Capacity Utilization Rate;75.2%;75.9%;76.4%;;;
2021.11.16 09:41:00;NZD;1;GDT Price Index;4.3%;;1.9%;;;
2021.11.16 10:00:00;USD;1;Business Inventories m/m;0.6%;0.6%;0.7%;;0.8%;
2021.11.16 10:00:00;USD;1;NAHB Housing Market Index;80;80;83;;;
2021.11.16 11:10:00;EUR;1;ECB President Lagarde Speaks;;;;;;
2021.11.16 12:00:00;CAD;1;Gov Council Member Schembri Speaks;;;;;;
2021.11.16 13:30:00;USD;1;FOMC Member Barkin Speaks;;;;;;
2021.11.16 13:30:00;USD;1;FOMC Member Bostic Speaks;;;;;;
2021.11.16 15:30:00;USD;1;FOMC Member Daly Speaks;;;;;;
2021.11.16 16:00:00;USD;1;TIC Long-Term Purchases;79.3B;64.1B;26.3B;;;
2021.11.16 16:45:00;NZD;1;PPI Input q/q;3.0%;1.7%;1.6%;;;
2021.11.16 16:45:00;NZD;1;PPI Output q/q;2.6%;1.4%;1.8%;;;
2021.11.16 18:30:00;AUD;1;MI Leading Index m/m;0.0%;;0.2%;;;
2021.11.16 18:50:00;JPY;1;Core Machinery Orders m/m;-2.4%;1.4%;0.0%;;;
2021.11.16 18:50:00;JPY;1;Trade Balance;-0.62T;-0.60T;-0.44T;;-0.61T;
2021.11.16 19:30:00;AUD;1;Wage Price Index q/q;0.4%;0.6%;0.6%;;;
2021.11.16 20:20:00;EUR;1;ECB President Lagarde Speaks;;;;;;
2021.11.17 02:00:00;GBP;3;CPI y/y;3.1%;3.9%;4.2%;;;
2021.11.17 02:00:00;GBP;1;Core CPI y/y;2.9%;3.1%;3.4%;;;
2021.11.17 02:00:00;GBP;1;RPI y/y;4.9%;5.7%;6.0%;;;
2021.11.17 02:02:00;GBP;1;PPI Input m/m;0.4%;1.1%;1.4%;;0.8%;
2021.11.17 02:02:00;GBP;1;PPI Output m/m;0.5%;0.7%;1.1%;;0.7%;
2021.11.17 04:00:00;EUR;2;ECB Financial Stability Review;;;;;;
2021.11.17 04:02:00;EUR;1;Italian Trade Balance;1.32B;2.07B;2.45B;;;
2021.11.17 04:30:00;GBP;1;HPI y/y;10.6%;11.5%;11.8%;;10.2%;
2021.11.17 05:00:00;EUR;1;Final Core CPI y/y;2.1%;2.1%;2.0%;;;
2021.11.17 05:00:00;EUR;1;Final CPI y/y;4.1%;4.1%;4.1%;;;
2021.11.17 05:35:00;EUR;1;German 30-y Bond Auction;0.35|2.0;;0.08|1.1;;;
2021.11.17 08:30:00;CAD;3;CPI m/m;0.2%;0.7%;0.7%;;;
2021.11.17 08:30:00;CAD;2;Common CPI y/y;1.8%;1.9%;1.8%;;;
2021.11.17 08:30:00;CAD;2;Median CPI y/y;2.8%;2.9%;2.9%;;2.9%;
2021.11.17 08:30:00;CAD;2;Trimmed CPI y/y;3.4%;3.4%;3.3%;;3.3%;
2021.11.17 08:30:00;USD;1;Building Permits;1.59M;1.63M;1.65M;;;
2021.11.17 08:30:00;USD;1;Housing Starts;1.56M;1.58M;1.52M;;1.53M;
2021.11.17 08:32:00;CAD;1;Core CPI m/m;0.3%;;0.6%;;;
2021.11.17 09:10:00;USD;2;FOMC Member Williams Speaks;;;;;;
2021.11.17 09:30:00;GBP;1;CB Leading Index m/m;0.5%;;0.1%;;0.1%;
2021.11.17 10:30:00;USD;2;Crude Oil Inventories;1.0M;1.0M;-2.1M;;;
2021.11.17 11:00:00;USD;1;FOMC Member Bowman Speaks;;;;;;
2021.11.17 12:40:00;USD;1;FOMC Member Daly Speaks;;;;;;
2021.11.17 12:40:00;USD;1;FOMC Member Waller Speaks;;;;;;
2021.11.17 16:05:00;USD;2;FOMC Member Evans Speaks;;;;;;
2021.11.17 16:10:00;USD;1;FOMC Member Bostic Speaks;;;;;;
2021.11.17 21:00:00;NZD;2;Inflation Expectations q/q;2.27%;;2.96%;;;
2021.11.17 23:00:00;AUD;1;RBA Assist Gov Ellis Speaks;;;;;;
2021.11.18 02:00:00;CHF;1;Trade Balance;5.05B;4.90B;5.65B;;5.01B;
2021.11.18 04:49:00;EUR;1;Spanish 10-y Bond Auction;0.48|1.3;;0.47|1.4;;;
2021.11.18 08:00:00;USD;1;FOMC Member Bostic Speaks;;;;;;
2021.11.18 08:30:00;CAD;1;Foreign Securities Purchases;26.30B;20.05B;20.02B;;22.74B;
2021.11.18 08:30:00;USD;2;Philly Fed Manufacturing Index;23.8;24.2;39.0;;;
2021.11.18 08:30:00;USD;2;Unemployment Claims;267K;260K;268K;;269K;
2021.11.18 08:35:00;CAD;1;ADP Non-Farm Employment Change;9.6K;;65.8K;;41.0K;
2021.11.18 09:30:00;USD;2;FOMC Member Williams Speaks;;;;;;
2021.11.18 10:00:00;USD;1;CB Leading Index m/m;0.2%;0.8%;0.9%;;0.1%;
2021.11.18 10:30:00;USD;1;Natural Gas Storage;7B;25B;26B;;;
2021.11.18 14:00:00;USD;2;FOMC Member Evans Speaks;;;;;;
2021.11.18 15:30:00;USD;1;FOMC Member Daly Speaks;;;;;;
2021.11.18 18:30:00;JPY;1;National Core CPI y/y;0.1%;0.1%;0.1%;;;
2021.11.18 19:01:00;GBP;1;GfK Consumer Confidence;-17;-18;-14;;;
2021.11.18 21:00:00;NZD;1;Credit Card Spending y/y;-12.9%;;-5.6%;;-12.8%;
2021.11.19 02:00:00;EUR;1;German PPI m/m;2.3%;2.0%;3.8%;;;
2021.11.19 02:00:00;GBP;2;Retail Sales m/m;-0.2%;0.5%;0.8%;;0.0%;
2021.11.19 02:00:00;GBP;1;Public Sector Net Borrowing;21.0B;12.2B;18.0B;;19.9B;
2021.11.19 03:30:00;EUR;2;ECB President Lagarde Speaks;;;;;;
2021.11.19 04:00:00;EUR;1;Current Account;13.4B;16.2B;18.7B;;17.1B;
2021.11.19 07:00:00;GBP;1;MPC Member Pill Speaks;;;;;;
2021.11.19 08:00:00;EUR;1;German Buba President Weidmann Speaks;;;;;;
2021.11.19 08:30:00;CAD;2;Core Retail Sales m/m;2.8%;-1.0%;-0.2%;;2.6%;
2021.11.19 08:30:00;CAD;2;Retail Sales m/m;2.1%;-1.6%;-0.6%;;1.8%;
2021.11.19 08:30:00;CAD;1;NHPI m/m;0.4%;0.5%;0.9%;;;
2021.11.19 10:45:00;USD;2;FOMC Member Waller Speaks;;;;;;
2021.11.19 12:15:00;USD;2;FOMC Member Clarida Speaks;;;;;;
2021.11.21 20:30:00;CNY;2;1-y Loan Prime Rate;3.85%;3.85%;3.85%;;;
2021.11.21 20:30:00;CNY;2;5-y Loan Prime Rate;4.65%;4.65%;4.65%;;;
2021.11.22 06:00:00;EUR;1;German Buba Monthly Report;;;;;;
2021.11.22 09:59:00;EUR;1;Consumer Confidence;-5;-5;-7;;;
2021.11.22 10:00:00;USD;1;Existing Home Sales;6.29M;6.20M;6.34M;;;
2021.11.22 13:20:00;USD;1;President Biden Speaks;;;;;;
2021.11.22 16:45:00;NZD;1;Retail Sales q/q;3.3%;-10.2%;-8.1%;;;
2021.11.22 16:48:00;NZD;1;Core Retail Sales q/q;3.4%;-7.6%;-6.7%;;;
2021.11.22 17:00:00;AUD;1;Flash Manufacturing PMI;57.3;;58.5;;58.2;
2021.11.22 17:00:00;AUD;1;Flash Services PMI;52.0;;55.0;;51.8;
2021.11.22 00:00:00;JPY;0;Bank Holiday (All Day);;;;;;
2021.11.23 03:15:00;EUR;2;French Flash Services PMI;56.6;55.6;58.2;;;
2021.11.23 03:15:00;EUR;1;French Flash Manufacturing PMI;53.5;53.1;54.6;;53.6;
2021.11.23 03:30:00;EUR;3;German Flash Manufacturing PMI;58.2;57.0;57.6;;57.8;
2021.11.23 03:30:00;EUR;3;German Flash Services PMI;52.4;51.4;53.4;;;
2021.11.23 04:00:00;EUR;2;Flash Manufacturing PMI;58.5;57.5;58.6;;58.3;
2021.11.23 04:00:00;EUR;2;Flash Services PMI;54.7;53.6;56.6;;54.6;
2021.11.23 04:30:00;GBP;2;Flash Manufacturing PMI;57.7;57.2;58.2;;57.8;
2021.11.23 04:30:00;GBP;2;Flash Services PMI;58.0;58.6;58.6;;59.1;
2021.11.23 06:00:00;GBP;2;MPC Member Haskel Speaks;;;;;;
2021.11.23 08:30:00;CAD;1;Corporate Profits q/q;-0.4%;;2.8%;;;
2021.11.23 09:00:00;CNY;1;CB Leading Index m/m;0.4%;;0.3%;;0.6%;
2021.11.23 09:45:00;USD;2;Flash Manufacturing PMI;59.2;59.3;59.1;;58.4;
2021.11.23 09:45:00;USD;2;Flash Services PMI;58.2;59.1;57.0;;58.7;
2021.11.23 10:00:00;USD;1;Richmond Manufacturing Index;12;10;11;;;
2021.11.23 10:30:00;AUD;1;CB Leading Index m/m;0.4%;;0.1%;;0.3%;
2021.11.23 13:00:00;CAD;1;Gov Council Member Beaudry Speaks;;;;;;
2021.11.23 17:15:00;AUD;1;RBA Gov Bullock Speaks;;;;;;
2021.11.23 19:30:00;AUD;1;Construction Work Done q/q;0.8%;-3.0%;-0.3%;;2.2%;
2021.11.23 19:30:00;JPY;1;Flash Manufacturing PMI;53.0;53.5;54.2;;53.2;
2021.11.23 19:40:00;AUD;1;RBA Gov Bullock Speaks;;;;;;
2021.11.23 20:00:00;NZD;3;Official Cash Rate;0.50%;0.75%;0.75%;;;
2021.11.23 20:00:00;NZD;3;RBNZ Monetary Policy Statement;;;;;;
2021.11.23 20:00:00;NZD;3;RBNZ Rate Statement;;;;;;
2021.11.23 21:00:00;NZD;3;RBNZ Press Conference;;;;;;
2021.11.24 00:00:00;JPY;1;BOJ Core CPI y/y;0.6%;0.4%;0.6%;;;
2021.11.24 04:00:00;CHF;1;Credit Suisse Economic Expectations;15.6;;-10.8;;;
2021.11.24 04:00:00;EUR;2;German ifo Business Climate;97.7;96.8;96.5;;;
2021.11.24 06:00:00;GBP;1;CBI Industrial Order Expectations;9;8;26;;;
2021.11.24 08:30:00;USD;3;Prelim GDP q/q;2.0%;2.2%;2.1%;;;
2021.11.24 08:30:00;USD;2;Core Durable Goods Orders m/m;0.4%;0.5%;0.5%;;0.5%;
2021.11.24 08:30:00;USD;2;Durable Goods Orders m/m;-0.4%;0.2%;-0.5%;;-0.3%;
2021.11.24 08:30:00;USD;2;Unemployment Claims;268K;259K;199K;;270K;
2021.11.24 08:30:00;USD;1;Goods Trade Balance;-96.3B;-94.9B;-82.9B;;;
2021.11.24 08:30:00;USD;1;Prelim GDP Price Index q/q;5.7%;5.7%;5.9%;;;
2021.11.24 08:30:00;USD;1;Prelim Wholesale Inventories m/m;1.1%;1.0%;2.2%;;1.4%;
2021.11.24 09:00:00;EUR;1;Belgian NBB Business Climate;4.0;3.5;4.2;;;
2021.11.24 09:30:00;GBP;1;MPC Member Tenreyro Speaks;;;;;;
2021.11.24 10:00:00;USD;3;Core PCE Price Index m/m;0.2%;0.4%;0.4%;;;
2021.11.24 10:00:00;USD;2;Revised UoM Consumer Sentiment;66.8;66.8;67.4;;;
2021.11.24 10:00:00;USD;1;New Home Sales;800K;801K;745K;;742K;
2021.11.24 10:00:00;USD;1;Personal Income m/m;-1.0%;0.2%;0.5%;;;
2021.11.24 10:00:00;USD;1;Personal Spending m/m;0.6%;1.0%;1.3%;;;
2021.11.24 10:00:00;USD;1;Revised UoM Inflation Expectations;4.9%;;4.9%;;;
2021.11.24 10:30:00;USD;2;Crude Oil Inventories;-2.1M;-1.7M;1.0M;;;
2021.11.24 12:00:00;USD;1;Natural Gas Storage;26B;-23B;-21B;;;
2021.11.24 14:00:00;USD;3;FOMC Meeting Minutes;;;;;;
2021.11.24 16:45:00;NZD;1;Trade Balance;-2171M;-1575M;-1286M;;-2206M;
2021.11.24 18:50:00;JPY;1;SPPI y/y;0.9%;0.9%;1.0%;;;
2021.11.24 19:30:00;AUD;1;Private Capital Expenditure q/q;4.4%;-1.9%;-2.2%;;3.4%;
2021.11.25 02:00:00;EUR;1;German Final GDP q/q;1.8%;1.8%;1.7%;;;
2021.11.25 02:00:00;EUR;1;German GfK Consumer Climate;0.9;-1.0;-1.6;;1.0;
2021.11.25 06:00:00;GBP;1;CBI Realized Sales;30;32;39;;;
2021.11.25 07:30:00;EUR;1;ECB Monetary Policy Meeting Accounts;;;;;;
2021.11.25 00:00:00;USD;0;Bank Holiday (All Day);;;;;;
2021.11.25 08:30:00;EUR;2;ECB President Lagarde Speaks;;;;;;
2021.11.25 09:05:00;GBP;1;MPC Member Haskel Speaks;;;;;;
2021.11.25 12:00:00;GBP;3;BOE Gov Bailey Speaks;;;;;;
2021.11.25 18:30:00;JPY;1;Tokyo Core CPI y/y;0.1%;0.3%;0.3%;;;
2021.11.25 19:30:00;AUD;1;Retail Sales m/m;1.3%;2.2%;4.9%;;;
2021.11.26 02:00:00;EUR;1;German Import Prices m/m;1.3%;2.0%;3.8%;;;
2021.11.26 03:00:00;CHF;1;GDP q/q;1.8%;1.6%;1.7%;;;
2021.11.26 03:00:00;EUR;2;ECB President Lagarde Speaks;;;;;;
2021.11.26 04:00:00;EUR;1;M3 Money Supply y/y;7.4%;7.4%;7.7%;;7.5%;
2021.11.26 04:00:00;EUR;1;Private Loans y/y;4.1%;4.0%;4.1%;;;
2021.11.26 08:00:00;GBP;1;MPC Member Pill Speaks;;;;;;
2021.11.28 18:50:00;JPY;1;Retail Sales y/y;-0.6%;1.2%;0.9%;;-0.5%;
2021.11.28 19:30:00;AUD;1;Company Operating Profits q/q;7.1%;2.7%;4.0%;;;
2021.11.29 00:00:00;EUR;1;German Prelim CPI m/m (All Day);0.5%;-0.4%;-0.2%;;;
2021.11.29 03:00:00;EUR;1;Spanish Flash CPI y/y;5.5%;5.5%;5.6%;;5.4%;
2021.11.29 03:34:00;JPY;2;BOJ Gov Kuroda Speaks;;;;;;
2021.11.29 04:30:00;GBP;1;M4 Money Supply m/m;0.6%;0.7%;0.6%;;0.7%;
2021.11.29 04:30:00;GBP;1;Mortgage Approvals;73K;71K;67K;;72K;
2021.11.29 04:32:00;GBP;1;Net Lending to Individuals m/m;9.8B;9.7B;2.3B;;9.6B;
2021.11.29 08:30:00;CAD;1;Current Account;3.6B;5.4B;1.4B;;1.4B;
2021.11.29 08:30:00;CAD;1;IPPI m/m;1.0%;1.2%;1.3%;;1.2%;
2021.11.29 08:30:00;CAD;1;RMPI m/m;2.5%;3.6%;4.8%;;2.4%;
2021.11.29 10:00:00;USD;2;Pending Home Sales m/m;-2.3%;0.8%;7.5%;;-2.4%;
2021.11.29 12:15:00;EUR;1;ECB President Lagarde Speaks;;;;;;
2021.11.29 14:00:00;CAD;3;BOC Gov Macklem Speaks;;;;;;
2021.11.29 15:00:00;USD;1;FOMC Member Williams Speaks;;;;;;
2021.11.29 15:05:00;USD;2;Fed Chair Powell Speaks;;;;;;
2021.11.29 17:05:00;AUD;1;RBA Deputy Gov Debelle Speaks;;;;;;
2021.11.29 17:05:00;CAD;1;Gov Council Member Schembri Speaks;;;;;;
2021.11.29 17:05:00;USD;1;FOMC Member Bowman Speaks;;;;;;
2021.11.29 18:30:00;JPY;1;Unemployment Rate;2.8%;2.8%;2.7%;;;
2021.11.29 18:50:00;JPY;1;Prelim Industrial Production m/m;-5.4%;1.9%;1.1%;;;
2021.11.29 19:00:00;NZD;1;ANZ Business Confidence;-18.1;;-16.4;;;
2021.11.29 19:30:00;AUD;1;Building Approvals m/m;-4.3%;-1.4%;-12.9%;;-3.9%;
2021.11.29 19:30:00;AUD;1;Current Account;20.5B;29.3B;23.9B;;22.9B;
2021.11.29 19:30:00;AUD;1;Private Sector Credit m/m;0.6%;0.6%;0.5%;;;
2021.11.29 20:00:00;CNY;2;Manufacturing PMI;49.2;49.8;50.1;;;
2021.11.29 20:00:00;CNY;1;Non-Manufacturing PMI;52.4;51.6;52.3;;;
2021.11.29 21:00:00;AUD;1;RBA Deputy Gov Debelle Speaks;;;;;;
2021.11.30 00:00:00;JPY;1;Housing Starts y/y;4.3%;5.4%;10.4%;;;
2021.11.30 02:45:00;EUR;1;French Consumer Spending m/m;-0.2%;0.0%;-0.4%;;0.2%;
2021.11.30 02:45:00;EUR;1;French Prelim CPI m/m;0.4%;0.2%;0.4%;;;
2021.11.30 02:45:00;EUR;1;French Prelim GDP q/q;3.0%;3.0%;3.0%;;;
2021.11.30 03:00:00;CHF;2;KOF Economic Barometer;110.7;109.0;108.5;;110.2;
2021.11.30 03:55:00;EUR;1;German Unemployment Change;-39K;-25K;-34K;;-40K;
2021.11.30 05:00:00;EUR;1;Core CPI Flash Estimate y/y;2.1%;2.3%;2.6%;;2.0%;
2021.11.30 05:00:00;EUR;1;CPI Flash Estimate y/y;4.1%;4.5%;4.9%;;;
2021.11.30 05:00:00;EUR;1;Italian Prelim CPI m/m;0.6%;0.1%;0.7%;;0.7%;
2021.11.30 05:18:00;EUR;1;Italian 10-y Bond Auction;1.05|1.3;;1.02|1.5;;;
2021.11.30 08:00:00;GBP;1;MPC Member Mann Speaks;;;;;;
2021.11.30 08:30:00;CAD;3;GDP m/m;0.4%;0.0%;0.1%;;0.6%;
2021.11.30 09:00:00;USD;1;HPI m/m;1.0%;1.2%;0.9%;;;
2021.11.30 09:00:00;USD;1;S&P/CS Composite-20 HPI y/y;19.7%;19.3%;19.1%;;19.6%;
2021.11.30 09:45:00;USD;2;Chicago PMI;68.4;67.1;61.8;;;
2021.11.30 10:00:00;USD;3;Fed Chair Powell Testifies;;;;;;
2021.11.30 10:00:00;USD;2;CB Consumer Confidence;113.8;110.8;109.5;;111.6;
2021.11.30 10:00:00;USD;2;Treasury Sec Yellen Speaks;;;;;;
2021.11.30 10:30:00;USD;1;FOMC Member Williams Speaks;;;;;;
2021.11.30 13:00:00;USD;2;FOMC Member Clarida Speaks;;;;;;
2021.11.30 16:30:00;AUD;1;AIG Manufacturing Index;50.4;;54.8;;;
2021.11.30 16:45:00;NZD;1;Building Consents m/m;-1.9%;;-2.0%;;-2.0%;
2021.11.30 18:50:00;JPY;1;Capital Spending q/y;5.3%;1.6%;1.2%;;;
2021.11.30 19:01:00;GBP;1;BRC Shop Price Index y/y;-0.4%;;0.3%;;;
2021.11.30 19:30:00;AUD;3;GDP q/q;0.7%;-2.7%;-1.9%;;;
2021.11.30 19:30:00;JPY;1;Final Manufacturing PMI;54.2;54.2;54.5;;;
2021.11.30 20:45:00;CNY;1;Caixin Manufacturing PMI;50.6;50.5;49.9;;;
